title,slug,category,location,employment_type,work_mode,apply_url,about,responsibilities,requirements,offer,closing,keywords,date,valid_through,featured
Plant Technician,plant-technician,Engineering & Maintenance,"Mellieħa, Malta",Full-Time,On-Site,https://outreach-recruitment-agency.careers-page.com/jobs/24bb4bf8-0e98-47a0-bdef-2d7a873cd012/apply,"Our client is seeking a skilled and proactive Plant Technician to join its Engineering and Maintenance team within a leading hospitality environment.

The selected candidate will be responsible for the operation, monitoring, maintenance, and repair of the hotel's plant and technical systems, ensuring all equipment operates efficiently and reliably to support the smooth running of the property.

This role is ideal for a technically minded professional with experience in mechanical, electrical, or building services maintenance who enjoys working in a hands-on environment.","Monitor, operate, and maintain hotel plant equipment and technical systems.|Carry out preventive and corrective maintenance on mechanical and electrical installations.|Inspect and maintain HVAC systems, boilers, pumps, motors, generators, water systems, and other plant equipment.|Troubleshoot faults and perform repairs to minimise downtime and ensure operational efficiency.|Conduct routine inspections of plant rooms and technical areas.|Respond promptly to technical breakdowns and emergency maintenance situations.|Maintain accurate maintenance records and complete required documentation.|Assist with energy management initiatives and equipment performance monitoring.|Ensure all work is carried out in accordance with health and safety regulations and company procedures.|Support refurbishment projects and technical upgrades when required.|Work closely with the maintenance team and external contractors to ensure efficient service delivery.","Only candidates currently residing in Malta or candidates based in Europe holding EU nationality will be considered.|Previous experience in plant maintenance, building services, facilities management, or a similar technical role.|Knowledge of mechanical and electrical systems, including HVAC, pumps, motors, boilers, and water treatment systems.|Technical qualification in Electrical, Mechanical, Building Services Engineering, or a related field will be considered an asset.|Electrical licence or certification is considered an advantage.|Strong troubleshooting and problem-solving skills.|Ability to work independently and as part of a team.|Good communication and organisational skills.|Experience within a hotel, commercial, or industrial environment will be considered an asset.",Opportunity to join a reputable hospitality organisation.|Stable full-time employment.|Professional and supportive working environment.|Ongoing training and career development opportunities.|Exposure to a wide range of modern building and plant systems.,,,2026-06-09,2026-12-31,true
"Application Developer (.NET, SharePoint) - Hybrid",application-developer-net-sharepoint-hybrid,IT & Technology,"Valletta, Malta",Full-Time,Remote,https://outreach-recruitment-agency.careers-page.com/jobs/3ce594da-35ce-4f82-93d2-1c99624b5bd8/apply,"We currently have a vacancy for an Application Developer (.NET & SharePoint) fluent in English, to offer his/her services as an expert remotely within EU. In the context of the first assignment, the successful candidate will be integrated into the Development team of the company that will closely cooperate with a major client’s IT team onsite.

Your tasks

• Configuration, development and implementation of ICT components, including source code, solution architecture, software components, design patterns, database schemas, and configuration of the respective backend systems, including cloud and on-premises platforms and infrastructure;
• Implement task automation and continuous integration/continuous delivery (CI/CD) for ICT projects;
• Perform data clean-up automation and data migrations;
• Design, create, extend and improve database functionalities for integration and data syncing;
• Migration of SharePoint applications to various SharePoint versions, as well as improvement and maintenance of existing SharePoint applications;
• Implement the final design (i.e. ""look-and-feel"") of the User Interface (UI);
• Design, implement, test and maintain integrations with other information systems and platforms, as required;
• Produce and maintain technical documentation, including solution architecture documentation, operational maintenance manuals, version description documents, release guidelines, and user manuals;
• Enhance the security posture of applications based on security vulnerability assessments and other best practices.",,"University degree in IT combined with relevant IT professional experience of at least 6 years;|Experience in software development in .NET (C# or VB.NET), ASP.NET, ASP.NET MVC, ASP.NET Web API, and Entity Framework;|Experience in development of SharePoint on-prem applications;|Experience in development of unit tests to test front-end functionality and back-end functionality;|Experience in Active Directory or Microsoft Entra ID (Azure Active Directory) and Azure DevOps;|Experience with Web APIs and performing system integrations;|Experience with 3rd Party Libraries and integrating them in applications such as DevExpress and Telerik for application customization;|Usage of Web technologies, including JavaScript, XML, HTML/5, CSS/3, and web design frameworks such as Bootstrap CSS;|Experience with JavaScript frameworks such as Vue.js, React or Angular ;|Experience with PowerShell scripting (or similar);|Experience with the structured query language (SQL), and with Microsoft SQL Server database structures and stored procedures, including the troubleshooting of database performance issues;|Excellent command of the English language.","If you are seeking a career in an exciting and dynamic company, where you will offer your services as part of a team of a major European Institution, operating in an international, multilingual and multicultural environment where you can expect real chances to make a difference, please send us your detailed CV in English.",,,2026-06-09,2026-12-31,true
Business Systems Analyst,business-systems-analyst,IT & Technology,"Valletta, Malta",Full-Time,On-Site,https://outreach-recruitment-agency.careers-page.com/jobs/918b162a-3517-47e9-9753-8cc59ddfaa31/apply,"We currently have a vacancy for a Business Systems Analyst fluent in English, to offer his/her services as an expert who will be based in Malta. The work will be carried out either on the company’s premises or on site at the customer premises. In the context of the first assignment, the successful candidate will be integrated in the Development team of the company that will closely cooperate with a major client’s IT team on site.

Your tasks

• Gather, analyse, and document business and technical",,"University degree (MQF/EQF Level 6) in ICT/Information Systems/Business Management/ Law, or a related field;|At least 3 years of professional experience in either: Business/technical requirements gathering for ICT systems, or Legal/consultancy work related to Maltese justice systems;|Experience in at least one relevant project, such as e-Justice systems, DMS, CMS, or similar platforms;|Excellent command of the English language.","If you are seeking a career in an exciting and dynamic company, where you will offer your services as part of a team of a major European Institution, operating in an international, multilingual and multicultural environment where you can expect real chances to make a difference, please send us your detailed CV in English.",,,2026-06-09,2026-12-31,true
Sales Office Coordinator,sales-office-coordinator,Sales,"Mellieħa, Malta",Full-Time,On-Site,https://outreach-recruitment-agency.careers-page.com/jobs/18146647-f162-4eae-a1e3-0d5a5852fd6e/apply,"Our client is seeking a highly organised and proactive Sales Office Coordinator to support the Sales Department within a dynamic hospitality environment.

The successful candidate will play a key role in coordinating group bookings, corporate reservations, and events while ensuring smooth communication between clients, the sales team, and hotel operations.

This position is ideal for someone with strong administrative and coordination skills who thrives in a fast-paced, customer-focused setting.","Coordinate group bookings, corporate reservations, and events.|Prepare proposals, quotations, contracts, rooming lists, and other sales documentation.|Act as the main liaison between clients, the sales team, and internal hotel departments.|Support administrative and operational tasks within the Sales Department.|Maintain accurate records and ensure smooth communication for group arrivals and events.|Assist in ensuring deadlines and client requirements are met efficiently.","Only candidates currently residing in Malta or candidates based in Europe holding EU nationality will be considered.|Previous experience in sales coordination, reservations, or administrative support within the hospitality industry.|Professional level of English communication skills.|Strong organisational and multitasking abilities.|Experience with OPERA or other hotel PMS systems is considered an advantage.|Good interpersonal and customer service skills.|Ability to work collaboratively within a team environment.",Opportunity to join a professional hospitality environment.|Stable full-time employment.|Supportive and dynamic team culture.|Career development opportunities within the hospitality industry.,,,2026-06-09,2026-12-31,true
Maintenance Technician,maintenance-technician,Engineering & Maintenance,"Mellieħa, Malta",Full-Time,On-Site,https://outreach-recruitment-agency.careers-page.com/jobs/829f7fa5-c71e-467d-b35b-638c56761cb5/apply,"Our client is currently seeking a skilled and reliable Maintenance Technician to join its hotel operations team.

The selected candidate will be responsible for carrying out preventive and corrective maintenance across the property, ensuring that all facilities, equipment, and guest areas are maintained to high operational and safety standards.

This role is ideal for a hands-on technician with experience in hotel or commercial building maintenance and strong troubleshooting abilities.","Carry out preventive and corrective maintenance across guest rooms, public areas, technical rooms, and hotel facilities.|Perform repairs related to electrical systems, plumbing, HVAC, carpentry, painting, plastering, and general maintenance works.|Monitor and maintain pumps, motors, air-conditioning units, boilers, filtration systems, and other technical equipment.|Respond promptly to maintenance requests and emergency breakdowns.|Support refurbishment and improvement projects when required.|Ensure all maintenance works are completed in line with health & safety regulations and company standards.|Maintain tools, equipment, and work areas in good condition.|Collaborate with team members and other departments to ensure smooth hotel operations.",Previous experience in electrical and plant maintenance.|Experience within hotel maintenance or a similar technical environment is preferred.|Knowledge of hotel or commercial building systems will be considered an asset.|Electrical licence or certification is considered an advantage.|Ability to troubleshoot technical issues and work independently.|Good communication and teamwork skills.|Strong attention to detail and a proactive attitude.,Opportunity to join a professional hospitality environment.|Stable full-time employment.|Supportive and team-oriented workplace.|Career development opportunities within the hospitality industry.,,,2026-06-09,2026-12-31,true
Assistance Co-ordinator,assistance-co-ordinator,General,"Floriana, Malta",Full-Time,On-Site,https://outreach-recruitment-agency.careers-page.com/jobs/82c38d7f-8613-408f-bf72-7686caaf5422/apply,"Our client is seeking motivated and customer-focused Assistance Co-ordinators to join its international assistance operations team.

The role involves organising and delivering end-to-end assistance services to policyholders worldwide, ensuring timely, efficient, and empathetic support in often complex and time-sensitive situations. The focus is on achieving positive outcomes, including facilitating medical treatment, travel continuation, or repatriation where necessary.

This position requires strong coordination skills, attention to detail, and the ability to work closely with medical teams, suppliers, and international partners.","Duties include but are not limited to:|Determining and planning logistical tasks based on clinical guidance provided by the medical team.|Capturing all relevant case information and updating internal case management systems accurately.|Building a strong understanding of global provider networks.|Arranging medical services such as hospital admissions, doctor appointments, and treatment approvals, including financial agreements.|Coordinating repatriation logistics including commercial flights, air ambulances, ground transport, hotel accommodation, and fitness-to-fly arrangements.|Managing services related to deceased cases, including repatriation, burial, or cremation.|Liaising with internal and external suppliers to ensure cost-effective service delivery.|Coordinating closely with internal teams including medical, customer contact, and provider departments.|Ensuring accurate estimation and control of case-related costs.|Reviewing policy terms and flagging potential breaches to relevant teams.|Issuing guarantees of payment to providers when required.|Providing empathetic and professional support to policyholders at all times.|Escalating complex cases in line with internal procedures.|Completing administrative tasks including inbox management and documentation.|Maintaining up-to-date knowledge of operational processes and procedures.|Ensuring compliance with regulatory requirements, data protection, and company policies.","Fluency in French, Arabic, and Italian (written and spoken) is required.|Excellent communication and customer service skills.|Strong planning, organisational, and problem-solving abilities.|Ability to work accurately under pressure in time-sensitive situations.|Good computer literacy and ability to use case management systems.|Strong interpersonal skills and a team-oriented mindset.|Ability to demonstrate sound judgement and an inquisitive approach.|Customer-focused attitude with high levels of empathy and professionalism.","Opportunity to work in an international, fast-paced assistance environment.|Training and development within a structured operational team.|Exposure to global case management and medical coordination.|Supportive and collaborative working culture.",,,2026-06-09,2026-12-31,true
Customer Contact Agent,customer-contact-agent,General,"Floriana, Malta",Full-Time,On-Site,https://outreach-recruitment-agency.careers-page.com/jobs/1c894811-e5c4-4b98-be1f-9bb155171de7/apply,"About the Role

Our client is currently seeking motivated and customer-focused Customer Contact Agents to join its Front Office team.

The selected candidates will act as the first point of contact for customers requiring assistance while abroad, providing professional support through calls, emails, and online communication channels. This role requires empathy, strong communication skills, and the ability to remain calm and organised in challenging situations.

This opportunity is ideal for individuals with a customer service background, multilingual skills, or students currently studying nurs","Duties include but are not limited to:|Acting as the first point of contact for customers abroad who require assistance.|Registering and creating new cases within the internal system.|Informing insured clients about procedures in an empathetic and efficient manner.|Handling calls professionally while meeting service level agreements.|Understanding insurance policy terms and conditions.|Verifying policies through internal databases when required.|Handling customer enquiries and complaints professionally and efficiently.|Managing administrative tasks and internal inboxes.|Capturing and maintaining accurate case information.|Liaising with internal departments to support case handling.|Supporting continuous improvement within team processes and operations.|Ensuring compliance with company procedures, data protection, and regulatory guidelines.|Providing excellent customer service at all times.","Fluent English is mandatory for all candidates.|Fluency in one of the following combinations is required, depending on role allocation:|English, Arabic, and French|English and French|English and Italian|Excellent communication and customer service skills.|Strong organisational and problem-solving abilities.|Good computer literacy.|Ability to work effectively both independently and within a team.|Positive attitude and customer-focused mindset.|Ability to remain calm and professional under pressure.",Opportunity to join an international and dynamic customer assistance environment.|Professional training and career development opportunities.|Supportive team environment.|Competitive remuneration package based on experience.,,,2026-06-09,2026-12-31,true
Auditor Doctor,auditor-doctor,Finance & Accounting,"Floriana, Malta",Full-Time,Hybrid,https://outreach-recruitment-agency.careers-page.com/jobs/c38f2b17-5616-4130-9cc6-eb39b6a286de/apply,"Our client is seeking an experienced and highly skilled Auditor Doctor to join its Travel Medical Assistance team.

This role is responsible for the clinical review, validation, and auditing of medical assistance cases worldwide. The selected candidate will ensure that all medical decisions, treatments, and costs are clinically justified, evidence-based, and aligned with insurance policy coverage and international medical standards.

The role is central to ensuring patient safety, quality of care, and effective cost control across global medical cases, while supporting operational teams in real time.","Medical Review & Case Regulation|Review and medically validate travel medical assistance cases, including outpatient care, hospitalisations, surgeries, evacuation, and repatriation.|Assess medical necessity, appropriateness of care, length of stay, and treatment plans.|Provide second opinions and medical recommendations to assistance coordinators and case managers.|Identify cases requiring escalation to the Medical Director.",Medical Degree (MD or equivalent) from an accredited institution.|Valid medical license (active or eligible depending on jurisdiction).|5–10 years of clinical experience.|Strong clinical judgment and analytical skills.|Solid understanding of international healthcare systems.|Ability to balance medical quality and cost efficiency.|Excellent communication skills (written and verbal).|High level of autonomy and decision-making ability.|Ability to work under pressure in time-critical situations.|Fluency in English is required.,Strategic medical role with global exposure.|Competitive remuneration package.|Opportunity to influence international medical standards and patient outcomes.|Professional development in medical governance and insurance medicine.,,,2026-06-09,2026-12-31,true
Nurse Advisor,nurse-advisor,Healthcare,"Floriana, Malta",Full-Time,On-Site,https://outreach-recruitment-agency.careers-page.com/jobs/1466cdbd-6ddc-4fc6-8638-a33b99297549/apply,"Our client is currently seeking a qualified and compassionate Nurse Advisor to join its medical assistance team.

The selected candidate will support the management of emergency medical assistance cases, ensuring high standards of patient care, accurate medical assessments, and effective coordination with operations teams and healthcare providers worldwide.

This role is ideal for a nursing professional who enjoys working in a fast-paced, international environment and has strong communication, decision-making, and organisational skills.","Duties to include but are not limited to:|Triage: review initial diagnosis and determine patient requirements (urgency, critical care, location etc.)|Authorise medical tests, surgery and hospitalisation, such as MRI and CAT scans in simple cases|Working closely with the Operations team:|o Offer advice and opinion on best course of treatment of the condition suffered in simple cases, taking into account the insurance policy coverage, pre-existing conditions etc.|o Refer cases to external clinical advisers where appropriate|o Review medical information from providers (medical report and medical contact).|o Follow up patients' progress throughout the course of treatment/hospitalisation to ensure appropriate care and quality services are provided, taking decisions in simple cases and referring to doctors where necessary.|o Assist in the organisation of medical evacuation and medical repatriations|o Advise on potential breaches of policy terms by requesting and reviewing PMH and medical declarations as appropriate|o Review potential fraudulent invoices (medical necessity and cost) to ensure the Company has not been overcharged or that the patient has not been overtreated.|Ensure medical information is entered into the case management system|Ensure that all regulatory guidelines are adhered to, for example Patient Confidentiality|Support Managers to manage the key risks within your department.|Ensure that you conduct your role in accordance with company policy (to act honestly and with integrity) and to report any suspected incidents of fraud and corruption.|Adherence with all Company Policies and Procedures, including Health & Safety, Equal Opportunities, Data Protection, Code of Conduct, Security, IT and Internal Control Financial Regulations.|To undertake any other duty or responsibility that may reasonably be allocated by your Manager/Company's Senior Management Team.","Nursing qualification such as RGN or SRN is essential.|Minimum of 3 years' experience in a nursing role working alongside medical doctors.|Excellent customer service and communication skills.|Strong decision-making, problem-solving, and organisational abilities.|Ability to remain calm and professional in critical situations.|Good computer literacy and administrative skills.|Strong written communication and reporting skills.|Ability to work independently and as part of a team.|Good understanding of patient confidentiality and professional healthcare standards.",Opportunity to work within an international medical assistance environment.|Professional development and career growth opportunities.|Supportive and collaborative working environment.|Competitive remuneration package based on experience.,,,2026-06-09,2026-12-31,true
Summer Waiter - Mellieha,summer-waiter-mellieha,Hospitality,"Mellieha, Malta",Full-Time,On-Site,https://outreach-recruitment-agency.careers-page.com/jobs/22c814c2-a67e-4059-824c-c9f344947b8e/apply,"• 

    

        
• 

    
    
• 

    
    
• 

    
• 
    
• 

    
• 
   
    
    
• 

    
• 

    
• 
    
• 
    
      
• 
    

    
• 
    
      
• 
    

    

        
            
            
              window.dataLayer = window.dataLayer || [];
              function gtag(){dataLayer.push(arguments);}
              gtag('js', new Date());

              gtag('config', 'G-XZZNFPW0ML');
            
        

        
        

Summer Waiter - Mellieha | Outreach Recruitment Agency

    :root {
        --default-primary-color: #442DFA;

        --default-secondary-color: #442DFA;

        --banner-opacity: 0.5;

        --paragraph-font: 'Roboto', sans-serif;

        --heading-font: 'Inter', sans-serif;

    }

    
    
        

            
                
            
        

        

            

                Company website
            

            

                
            

        

        
            
                
                
                
            
        
    

    
        

            

                
                    
                
            
            
        

        

            

                

                    
                

                

                    

No name
                    

-
                

                
                    

                
            

            
                
• 
                    
                        
                            

                        

                        My profile
                    
                
                
• 
                    
                        
                            

                        

                        My applications
                    
                
                
• 
                    
                        
                            

                        

                        My referrals
                    
                
            
        

        Company website

        

            
        
    
    
    &times;

    
        

            
                Current account
            
            

                

                    
                

                

                    

No name
                    

-
                
            
        
        
            
                

            
            Sign out
        
    

        

    

        

            

            
            

                

Summer Waiter - Mellieha
            
            
            

                

                    
• 
                        
    

    
    

    

Mellieħa, Malta

                    

                    
• 
                        

    

Full-Time

                    
                    
• 
                        

    

On-Site

                    

                

                

                    

                        
                            Apply now
                        
                            
                                Refer
                            
                    
                    

    Share:
    
        
    
    
        
    
    
        
    
    
        
            
                

            
        
    
    
        
    
    
        
    

                
            
            

             

                
  
    
• 
      
        
  

      

  

          
•           Job Openings
  

      
•           Summer Waiter - Mellieha  

            
            

                
  
    
• 
      
        
  

      

  

          
•           Summer Waiter - Mellieha  

            
            

            
            

                

Job Description:
                

                     

SUMMER JOB: Due to the seasonal nature of the role, only European candidates will be considered.

We are currently looking for dedicated and enthusiastic PART-TIME and FULL-TIME waiters to join our clients for the summer season.

This is a fantastic opportunity for someone who thrives in hospitality and is committed to delivering outstanding guest experiences.

If you have a passion for service, attention to detail, and enjoy working in a dynamic environment,  we want to hear from you!","Deliver exceptional customer service to ensure a memorable dining experience.|Take accurate food and beverage orders, providing menu recommendations as needed.|Serve dishes and drinks promptly, checking in with guests to ensure satisfaction.|Coordinate with kitchen and bar teams for smooth, efficient service.|Handle guest questions and complaints with professionalism and care.|Maintain a clean, well-organized dining area at all times.|Assist with table setup and restaurant preparation.|Adhere to company standards and health & safety regulations.|Flexibility to work evenings, weekends, and public holidays.","Previous experience in a similar role is an advantage.|Must be currently residing in Mellieha or the surrounding areas.|Candidates must already be in Malta|European candidates only|Part-time and full-time positions available|Summer employment only|Strong communication and interpersonal skills.|Ability to multitask in a fast-paced setting.|Positive attitude, team spirit, and eagerness to learn.|Fluent in English; additional languages are a plus.|Apply now|Share:|Job Openings|Summer Waiter - Mellieha|Summer Waiter - Mellieha|utils.saveUTM();|const utm = utils.getUTM();",,,,2026-06-09,2026-12-31,true
HR Administration Officer,hr-administration-officer,HR & Recruitment,"Paola, Malta",Full-Time,On-Site,https://outreach-recruitment-agency.careers-page.com/jobs/821665ae-deee-4a55-9dd7-00ea43822428/apply,"Our client, an international shipyard group with a strong presence in the maritime industry, is seeking a detail-oriented and organised HR Administration Officer to support its operations in Malta.

The selected candidate will be responsible for managing core HR administrative processes, ensuring compliance with Maltese employment legislation, and supporting the full employee lifecycle within a fast-paced, multinational environment.","Prepare and manage employment contracts, extensions, amendments, and terminations.|Draft offer letters and other HR documentation.|Manage employee records and HR filing systems in compliance with GDPR.|Handle registrations and communications with JobsPlus and other authorities.|Support work permit and immigration processes for EU and non-EU employees.|Assist with payroll-related administration, including FSS, tax, and social security contributions.|Ensure compliance with Maltese employment law and internal HR policies.|Verify subcontractor documentation and compliance requirements.|Support HR audits, inspections, and reporting activities.|Maintain accurate and up-to-date HR databases and records.|Provide general administrative support to the HR department.","Diploma or degree in Human Resources, Business Administration, Law, or related field.|2–4 years’ experience in HR administration or personnel management, preferably in Malta.|Strong knowledge of Maltese employment law and HR processes.|Experience handling foreign workers and work permits will be considered an asset.|Excellent written and spoken English; Italian is considered an advantage.|Strong attention to detail and a high level of accuracy.|Excellent organisational and communication skills.|Proficiency in Microsoft Office (Excel and Word).|Ability to handle confidential information with discretion.",Opportunity to join a leading international shipyard group.|Dynamic and fast-paced working environment.|Career development opportunities within a growing organisation.|Competitive remuneration package based on experience.,,,2026-06-09,2026-12-31,true
Restaurant Manager,restaurant-manager,Hospitality,"St. Julian's, Malta",Full-Time,On-Site,https://outreach-recruitment-agency.careers-page.com/jobs/f4fb68fc-7b2b-4c05-97cd-4867231f40cf/apply,"Our client is seeking an experienced and passionate Restaurant Manager to lead one of its renowned restaurant venues located in St Julian’s and Sliema. The successful candidate will be responsible for overseeing the daily restaurant operations, ensuring outstanding guest experiences, leading the front-of-house team, and maintaining the highest service standards in line with the restaurant’s reputation.

The ideal candidate will have a strong background in hospitality management, excellent leadership skills, and a passion for delivering exceptional dining experiences.","Oversee the daily operations of the restaurant to ensure smooth and efficient service|Lead, motivate, and supervise the front-of-house team|Ensure excellent customer service and guest satisfaction at all times|Manage staff schedules, training, and performance|Monitor stock levels and coordinate with suppliers when necessary|Handle customer feedback and resolve any issues professionally|Ensure compliance with health, safety, and hygiene standards|Work closely with kitchen and management teams to maintain operational excellence|Support the achievement of sales targets and business objectives",Previous experience in a Restaurant Manager or similar hospitality leadership role|Strong leadership and team management skills|Excellent communication and customer service abilities|Ability to work in a fast-paced environment|Good organisational and problem-solving skills|Fluency in English; Italian or Maltese will be considered an asset|Passion for hospitality and high-quality dining experiences|Currently residing in Malta is preferred,Opportunity to work within a well-established hospitality environment|Dynamic and professional working environment|Career growth opportunities|Competitive salary package based on experience,,,2026-06-09,2026-12-31,true
Project Manager,project-manager,Management,"Paola, Malta",Full-Time,On-Site,https://outreach-recruitment-agency.careers-page.com/jobs/2867b73e-5b67-497b-a9fe-4c17fcb66e53/apply,"Our client, an international leader within the shipbuilding and ship repair industry, is currently seeking a motivated and experienced Project Manager to join its operations in Malta.

The selected candidate will be responsible for coordinating and overseeing projects from planning through execution, ensuring projects are delivered on time, within budget, and according to technical","Coordinate internal resources, operational divisions, subcontractors, and suppliers for the successful execution of projects.|Define project objectives, scope, and deliverables while ensuring technical feasibility.|Develop detailed project implementation plans and monitor project execution.|Supervise all aspects of assigned projects and monitor progress against timelines and budgets.|Assign responsibilities, set deadlines, and ensure project milestones are achieved.|Manage changes to project scope, schedules, and associated costs.|Measure and evaluate project performance using appropriate tools and techniques.|Report project progress, risks, and issues to management when required.|Ensure all contracts and project deliverables are completed within technical specifications and budget limitations.|Provide guidance and technical support to repair teams and assist with troubleshooting operational issues.|Support continuous improvement and operational efficiency within project execution processes.","Bachelor’s Degree in Naval Engineering, Mechanical Engineering, or a related field.|Previous experience in project management, preferably within the marine or ship repair industry.|Excellent spoken and written English communication skills; Italian will be considered an asset.|Strong analytical and quantitative skills with excellent attention to detail.|Leadership and team management abilities.|Strong organisational, problem-solving, and decision-making skills.|Ability to manage multiple priorities and work effectively under pressure.",Opportunity to join a leading international maritime and shipyard group.|Professional and dynamic working environment.|Career growth and advancement opportunities within a continuously evolving industry.|Competitive remuneration package based on experience.,,,2026-06-09,2026-12-31,true
Purchasing Officer,purchasing-officer,Administration,"Paola, Malta",Full-Time,On-Site,https://outreach-recruitment-agency.careers-page.com/jobs/cef84af4-8e98-4eac-8661-707d78a0ba99/apply,"Our client, a leading company within the shipbuilding and repair industry, is currently seeking an experienced and organised Purchasing Officer to join its operations in Malta.

The selected candidate will be responsible for managing procurement activities, supplier relationships, and purchasing processes to ensure efficient and timely supply of materials and services required for company operations.","Manage the full procurement process for materials and services.|Issue, monitor, and follow up on purchase orders.|Track deliveries, send supplier reminders, and maintain supplier communication.|Research and evaluate new suppliers in collaboration with the technical department.|Maintain item master data and purchasing conditions within the company ERP system.|Support negotiations regarding pricing, delivery schedules, and contractual terms.|Collaborate with warehouse, production, and administration teams to ensure smooth material flow.|Ensure procurement activities are carried out efficiently and in line with company procedures.",Technical or economic diploma/degree.|Minimum of 3 years’ experience in a similar purchasing or procurement role.|Good command of Microsoft Office applications.|Excellent spoken and written English communication skills; Italian will be considered an asset.|Strong negotiation and organisational skills.|Detail-oriented with a results-driven mindset.|Excellent interpersonal and communication abilities.|Ability to work independently and within a team environment.,Opportunity to join a well-established international company within the maritime industry.|Professional and dynamic working environment.|Career development opportunities.|Competitive remuneration package based on experience.,,,2026-06-09,2026-12-31,true
Estimator,estimator,General,"Paola, Malta",Full-Time,On-Site,https://outreach-recruitment-agency.careers-page.com/jobs/95c3506b-7365-4f88-9f22-4262c68ffefd/apply,"Our client, an international shipyard group operating within the maritime and yacht repair industry, is currently seeking a motivated and skilled Estimator to join its Shipyard operations in Malta.

The selected candidate will be responsible for preparing accurate project estimations, analysing technical specifications, and coordinating closely with customers, subcontractors, and internal departments to support project planning and execution.","Analyse technical specifications and documentation provided by customers.|Prepare technical and cost estimations for ship repair and related projects.|Develop the technical and economic data required for accurate project quotations.|Liaise with management, purchasing, and technical departments regarding project requirements.|Attend meetings with customers and internal technical teams.|Maintain professional communication with customers and subcontractors.|Assist in evaluating project scope, timelines, and resource requirements.|Support continuous improvement of estimation and costing processes.","Degree in Naval Architecture, Naval Engineering, or a related technical field.|Previous experience in an Estimator role is required.|Proficiency in Microsoft Office Suite.|Excellent spoken and written English communication skills.|Strong analytical and organisational abilities.|Ability to work independently and collaboratively within a technical environment.|Attention to detail and ability to manage multiple tasks efficiently.",Opportunity to join an internationally recognised shipyard group.|Dynamic and professional maritime working environment.|Career development opportunities within the ship repair and maritime sector.|Competitive remuneration package based on experience.,,,2026-06-09,2026-12-31,true
HSSE Coordinator,hsse-coordinator,Administration,"Paola, Malta",Full-Time,On-Site,https://outreach-recruitment-agency.careers-page.com/jobs/87f8325d-fef8-4a57-bdca-edcfe42d10ab/apply,"Our client, an international shipyard group with a strong presence in the Mediterranean maritime industry, is currently seeking a motivated and detail-oriented HSSE Coordinator to join its operations in Malta.

The selected candidate will support the implementation and maintenance of Health, Safety, Security, and Environmental (HSSE) policies while ensuring compliance with company standards and applicable legislation. The role also focuses on promoting a strong safety culture across all departments and operational areas.","Plan and develop the company’s health, safety, and environmental strategies.|Organise and coordinate training related to safety and environmental practices.|Ensure appropriate protective equipment is provided and correctly used by employees.|Carry out risk assessments and monitor workplace safety procedures.|Keep updated with relevant health, safety, and environmental legislation and standards.|Maintain and update emergency response plans and procedures.|Conduct safety inspections and monitor compliance across departments.|Monitor daily operations to ensure safety protocols are consistently followed.|Support the company in achieving its health and safety objectives.|Prepare and maintain health and safety reports, documentation, and procedures.|Perform additional duties related to the role when required.","Certification in Occupational Health & Safety or a related field.|Minimum of 2 years’ experience in a similar HSSE or health & safety role.|Experience preparing health and safety reports, procedures, and policies.|Strong knowledge of health, safety, and environmental practices.|Excellent attention to detail and organisational skills.|Fluent spoken and written English is required; Italian will be considered an asset.|Ability to work independently and proactively within an operational environment.",Opportunity to join an internationally recognised maritime and shipyard group.|Professional and dynamic working environment.|Career development opportunities within the maritime industry.|Competitive remuneration package based on experience.,,,2026-06-09,2026-12-31,true
Restaurant Supervisor,restaurant-supervisor,Hospitality,"St. Julian's, Malta",Full-Time,On-Site,https://outreach-recruitment-agency.careers-page.com/jobs/8f35bc34-8a3d-4e5f-926c-e5354ca53e6b/apply,"About the Role

Our client, a Mediterranean cuisine restaurant located in St Julian’s, is currently seeking an experienced and motivated Restaurant Supervisor to join its team.

The selected candidate will support the day-to-day restaurant operations, ensuring excellent customer service, smooth coordination between front and back-of-house teams, and high operational standards at all times.

Key Responsibilities

• Supervise daily restaurant operations and ensure smooth service flow.
• Lead and support front-of-house staff during service.
• Ensure high standards of customer service and guest sa","Supervise daily restaurant operations and ensure smooth service flow.|Lead and support front-of-house staff during service.|Ensure high standards of customer service and guest satisfaction.|Handle customer queries and complaints professionally and efficiently.|Assist with staff scheduling, training, and onboarding.|Monitor cleanliness, presentation, and hygiene standards throughout the restaurant.|Coordinate with kitchen staff to ensure efficient communication and service.|Support stock control and operational procedures where required.|Ensure compliance with health, safety, and HACCP standards.|Assist management in achieving operational and service targets.","Candidates must be residing in Malta or hold a valid EU residence permit.|Previous experience in a supervisory role within hospitality or restaurant operations is required.|Strong leadership and team management skills.|Excellent communication and customer service abilities.|Fluent English is required; additional languages will be considered an asset.|Ability to work efficiently in a fast-paced environment.|Professional appearance and positive attitude.|Good organisational and problem-solving skills.|Availability to work flexible hours, including evenings, weekends, and public holidays.",Full-time employment opportunity.|Supportive and professional working environment.|Opportunity to work within a modern Mediterranean restaurant in St Julian’s.|Career growth opportunities within the hospitality industry.|Competitive remuneration package based on experience.,,,2026-06-09,2026-12-31,true
Kitchen Porter,kitchen-porter,General,"Msida, Malta",Full-Time,On-Site,https://outreach-recruitment-agency.careers-page.com/jobs/685b1dd6-b31d-4a57-adf1-14b0e9a982e3/apply,"Our client is currently seeking a reliable and hardworking Kitchen Porter to join the kitchen team within its restaurant operations in Msida.

The selected candidate will play an important role in supporting the kitchen team by maintaining cleanliness, assisting with basic kitchen duties, and ensuring a clean and organised working environment at all times.","Wash dishes, utensils, kitchen equipment, and cookware efficiently.|Maintain cleanliness and hygiene throughout all kitchen and storage areas.|Assist with receiving, organising, and storing deliveries.|Support chefs and kitchen staff with basic preparation tasks when required.|Ensure waste is disposed of correctly and recycling procedures are followed.|Clean floors, surfaces, and kitchen equipment regularly.|Follow health, safety, hygiene, and HACCP procedures at all times.|Assist in maintaining an organised and efficient kitchen environment.","Candidates must be residing in Malta or hold a valid EU residence permit.|Previous experience in a similar role will be considered an asset.|Ability to work in a fast-paced kitchen environment.|Reliable, responsible, and hardworking attitude.|Good teamwork and communication skills.|Basic English communication skills required.|Availability to work flexible hours, including evenings, weekends, and public holidays.",Full-time employment opportunity.|Supportive and professional working environment.|Opportunity to work within a well-established hospitality group.|Career growth opportunities within the hospitality industry.|Competitive remuneration package based on experience.,,,2026-06-09,2026-12-31,true
Chef de Partie,chef-de-partie,Hospitality,"Mellieħa, Malta",Full-Time,On-Site,https://outreach-recruitment-agency.careers-page.com/jobs/3b2f714e-7f77-4414-af3c-ce4674dad0f6/apply,"About the Role

Our client is currently seeking a skilled and passionate Chef de Partie to join the kitchen team within its restaurant operations in Mellieħa.

The selected candidate will be responsible for managing a specific kitchen section, ensuring high-quality food preparation and presentation while maintaining excellent hygiene and operational standards in a fast-paced culinary environment.

Key Responsibilities

• Prepare and present dishes according to company standards and recipes.
• Manage and oversee a designated kitchen section efficiently during service.
• Ensure consistent food q","Prepare and present dishes according to company standards and recipes.|Manage and oversee a designated kitchen section efficiently during service.|Ensure consistent food quality, portion control, and presentation standards.|Assist with stock control, food rotation, and minimising waste.|Support the Head Chef and Sous Chef with daily kitchen operations.|Ensure compliance with food safety, hygiene, and HACCP procedures.|Maintain the cleanliness and organisation of workstations and kitchen areas.|Assist with training and supporting junior kitchen staff when required.|Work collaboratively with the kitchen team to ensure smooth service operations.","Candidates must be residing in Malta or hold a valid EU residence permit.|Previous experience as a Chef de Partie or in a similar kitchen role is required.|Strong knowledge of food preparation techniques and kitchen operations.|Ability to work efficiently under pressure in a fast-paced environment.|Good organisational and time management skills.|Team-oriented with a positive and professional attitude.|Knowledge of food safety and HACCP standards.|Availability to work flexible hours, including evenings, weekends, and public holidays.",Full-time employment opportunity.|Professional and supportive kitchen environment.|Career growth opportunities within a well-established hospitality group.|Opportunity to work in dynamic restaurant operations in Mellieħa.|Competitive remuneration package based on experience.,"If you are passionate about food, quality, and teamwork, we would love to hear from you.",,2026-06-09,2026-12-31,true
Contact Centre Team Leader,contact-centre-team-leader,General,"Floriana, Malta",Full-Time,On-Site,https://outreach-recruitment-agency.careers-page.com/jobs/e6ecf7cb-9fbf-42b8-b5b5-b3c943bafcac/apply,"Our client is seeking a motivated and experienced Contact Centre Team Leader to oversee the daily operations of the contact centre team, ensuring high-quality customer service and the achievement of operational targets.

The successful candidate will supervise agents, monitor performance, manage escalations, and contribute to continuous improvement initiatives within a dynamic customer service environment.","Act as a main point of support and guidance for contact centre agents.|Supervise and manage team performance against KPIs and service standards.|Monitor real-time operations using contact centre systems such as Genesys.|Handle escalated customer interactions professionally and efficiently.|Provide coaching, training, and regular performance feedback to team members.|Manage schedules, attendance, and adherence to operational requirements.|Analyse performance data and identify opportunities for improvement.|Prepare operational and performance reports for management.|Support onboarding and training of new employees.|Promote a positive, productive, and customer-focused work environment.","Minimum of 2–3 years’ experience within a call centre or customer support environment.|Previous supervisory or team leadership experience will be considered an asset.|Proficiency in Microsoft Office applications.|Experience using Genesys or similar contact centre systems is a strong advantage.|Excellent verbal and written communication skills.|Strong analytical, organisational, and problem-solving abilities.|Ability to work under pressure in a fast-paced environment.|Strong leadership and interpersonal skills.",Opportunity to join a professional and growing organisation.|Supportive and collaborative working environment.|Career development and progression opportunities.|Competitive remuneration package based on experience.,,,2026-06-09,2026-12-31,true
Cleaner,cleaner,General,"St. Julian's, Malta",Full-Time,On-Site,https://outreach-recruitment-agency.careers-page.com/jobs/77c986a4-827c-486c-9da1-6a6895b0409c/apply,"We are currently looking for a reliable and hardworking Cleaner to join our hospitality team in Malta. The ideal candidate should have attention to detail, a strong work ethic, and the ability to maintain high standards of cleanliness and hygiene.","Clean and sanitize rooms, bathrooms, kitchens, and public areas|Sweep, mop, vacuum, and dust all assigned areas|Empty bins and dispose of waste properly|Replenish cleaning supplies and hygiene products when required|Follow cleaning schedules and checklists|Report any maintenance issues or safety hazards|Ensure all areas meet hygiene and safety standards at all times|Support housekeeping or general maintenance tasks when needed","Previous experience in cleaning or housekeeping is an advantage|Good English communication skills required|Valid Skills Pass Certificate mandatory|Ability to work independently and efficiently|Physically fit and able to perform manual tasks|Reliable, punctual, and detail-oriented|Flexibility to work shifts, weekends, and public holidays",Competitive salary|Stable working environment|Training provided|Opportunities for long-term employment and growth|Friendly international team,,,2026-06-09,2026-12-31,true
Assistant Pizza Chef,assistant-pizza-chef,Hospitality,"St. Julian's, Malta",Full-Time,On-Site,https://outreach-recruitment-agency.careers-page.com/jobs/fbc6e335-98ca-4b37-9071-b273425b965c/apply,"We are currently looking for an experienced and motivated Assistant Pizza Chef to join our hospitality team in Malta. The ideal candidate should have experience in pizza preparation, be able to work in a fast-paced kitchen environment, and maintain high food quality standards.","Assist in preparing pizza dough, sauces, and toppings|Support the Pizza Chef in cooking and assembling pizzas|Prepare ingredients and ensure proper food storage|Maintain cleanliness and organization of the pizza station and kitchen area|Operate kitchen equipment safely and efficiently|Follow recipes, portion control, and presentation standards|Ensure compliance with food hygiene and safety regulations|Assist with opening and closing kitchen duties","Minimum 2 years of experience in a kitchen or pizza section|Good English communication skills required|Valid Skills Pass Certificate mandatory|Ability to work efficiently in a fast-paced environment|Strong teamwork and communication skills|Attention to detail and willingness to learn|Flexibility to work shifts, weekends, and public holidays",Competitive salary|Stable and professional working environment|Career growth opportunities within hospitality|Friendly and dynamic international team,,,2026-06-09,2026-12-31,true
Production Chef,production-chef,Hospitality,"St. Julian's, Malta",Full-Time,On-Site,https://outreach-recruitment-agency.careers-page.com/jobs/74e8664d-f32d-48a8-a678-d8b89e5fe74d/apply,"We are currently looking for an experienced and reliable Production Chef to join our hospitality team in Malta. The ideal candidate should have strong kitchen experience, good organizational skills, and the ability to work efficiently in a high-volume environment.","Prepare and cook food in large quantities according to recipes and company standards|Ensure consistency in food quality, taste, and presentation|Follow production schedules and kitchen procedures efficiently|Maintain cleanliness and organization of the kitchen and workstations|Monitor stock levels and assist with food storage and inventory control|Operate kitchen equipment safely and correctly|Follow all food hygiene, health, and safety regulations|Work closely with the kitchen team to ensure smooth daily operations","Minimum 2 years of experience as a Chef or Production Chef|Good English communication skills required|Valid Skills Pass Certificate mandatory|Ability to work in a fast-paced and high-pressure environment|Good teamwork and time-management skills|Knowledge of food safety and hygiene standards|Flexibility to work shifts, weekends, and public holidays",Competitive salary|Professional and stable working environment|Career growth opportunities|Dynamic international hospitality team,,,2026-06-09,2026-12-31,true
Runners,runners,General,"St. Julian's, Malta",Full-Time,On-Site,https://outreach-recruitment-agency.careers-page.com/jobs/c4b563d6-e85f-4d61-8ff3-0556f3359935/apply,Are you an energetic individual with a passion for delivering exceptional service in the dining industry? Exciting opportunities await as we seek dynamic Runners to play a crucial role in the success of our client's renowned high-end group of restaurants. 🌟,"Swiftly delivering food orders to tables, ensuring accurate and timely service.|Collaborate with the kitchen and serving staff to maintain a seamless flow of operations.|Proactively assist in setting up and resetting tables, contributing to the overall efficiency and positive atmosphere of the restaurant.","Previous experience in a food and beverage outlet environment is advantageous.|Good English communication skills required|Valid Skills Pass Certificate mandatory|A thorough understanding of how the Runner role enhances the overall dining experience.|Willingness to work on a shift basis, demonstrating flexibility for weekends and public holidays.",,,,2026-06-09,2026-12-31,true
Bar attendant,bar-attendant,General,"St. Julian's, Malta",Full-Time,On-Site,https://outreach-recruitment-agency.careers-page.com/jobs/33771129-071c-47d4-b1a5-05006c7f7a34/apply,"We are looking for energetic and passionate Bartenders to join a vibrant new restaurant and bar in Malta. Bring flair, precision, and personality to every drink and create memorable experiences for every guest.

The Role

• Mix and serve drinks with precision, creativity, and style
• Create a lively, engaging, and guest-focused atmosphere
• Keep the bar clean, organized, and fully stocked
• Know the menu thoroughly and guide guests on drink selections
• Follow hygiene, safety, and quality standards at all times

Job",,"Previous bartending experience in a busy environment|Strong passion for drinks and guest service|Fluent in English; other languages are a plus|Positive, team-oriented, and proactive attitude|Flexible with shifts, including evenings, weekends, and public holidays|Non-European Union candidates must hold a valid Skills Pass (https://skillspass.org.mt/obtaining-the-skills-pass).",,,,2026-06-09,2026-12-31,true
Barista,barista,General,"St. Julian's, Malta",Full-Time,On-Site,https://outreach-recruitment-agency.careers-page.com/jobs/ed13c535-062a-471b-83b1-a553d8771553/apply,"We are currently looking for an experienced and enthusiastic Barista to join our hospitality team in Malta. The ideal candidate should be passionate about coffee preparation, customer service, and working in a fast-paced environment.","Prepare and serve coffee, espresso-based drinks, teas, and other beverages|Operate coffee machines and equipment professionally and safely|Provide friendly and professional customer service|Take customer orders and handle payments when required|Maintain cleanliness and organization of the coffee station and service area|Ensure drinks are prepared according to quality and presentation standards|Restock ingredients and supplies as needed|Follow health, hygiene, and safety regulations at all times","Minimum 2 years of experience as a Barista|Good English communication skills required|Valid Skills Pass Certificate mandatory|Ability to work efficiently in a fast-paced environment|Positive attitude and strong teamwork skills|Flexibility to work shifts, weekends, and public holidays",Competitive salary|Stable and professional working environment|Career growth opportunities within hospitality|International and dynamic team,,,2026-06-09,2026-12-31,true
Housekeeper,housekeeper,General,"St. Paul's Bay, Malta",Full-Time,On-Site,https://outreach-recruitment-agency.careers-page.com/jobs/37f933db-ef0e-48bb-a2ed-0c1a37b4ccad/apply,"Our client, a modern hospitality property in Malta, is currently seeking reliable and detail-oriented Housekeepers to join its growing team.

The selected candidates will play an important role in maintaining high cleanliness standards across guest rooms and common areas, ensuring guests enjoy a comfortable and welcoming stay.","Clean and maintain guest rooms, bathrooms, and public areas to high standards.|Change bed linens, towels, and replenish room amenities.|Ensure rooms are properly prepared for arriving guests.|Report maintenance issues or damaged items to management.|Follow hygiene, health, and safety procedures at all times.|Maintain housekeeping storage areas clean and organised.|Assist with laundry duties when required.|Support the housekeeping team with daily operational needs.","Candidates must be residing in Malta or hold a valid EU residence permit.|Previous housekeeping or cleaning experience will be considered an asset.|Good attention to detail and organisational skills.|Ability to work independently and as part of a team.|Reliable, punctual, and hardworking attitude.|Basic English communication skills required.|Availability to work flexible hours, including weekends and public holidays if needed.",Full-time employment opportunity.|Immediate start available.|Professional and supportive working environment.|Opportunity to work within a growing hospitality company in Malta.|Career growth opportunities within the hospitality sector.,,,2026-06-09,2026-12-31,true
Outlet Manager,outlet-manager,General,"St. Julian's, Malta",Full-Time,On-Site,https://outreach-recruitment-agency.careers-page.com/jobs/6232d50c-6592-4542-a9c4-653d30c648b6/apply,"Our client, a well-established hospitality group in Malta, is currently seeking an experienced and motivated Outlet Manager to oversee the daily operations of its food & beverage outlets.

The successful candidate will be responsible for ensuring exceptional customer experiences, maintaining high operational standards, leading front-of-house teams, and supporting the overall success and profitability of the outlet.","Oversee the daily operations of the restaurant/bar outlet.|Lead, supervise, and motivate front-of-house staff to maintain excellent service standards.|Ensure smooth coordination between kitchen and service teams.|Monitor customer satisfaction and professionally handle guest feedback or complaints.|Manage staff schedules, attendance, and daily operations efficiently.|Maintain high standards of cleanliness, presentation, and hygiene throughout the outlet.|Support recruitment, onboarding, and training of team members.|Monitor stock levels and coordinate orders where necessary.|Ensure compliance with company procedures, health & safety, and HACCP standards.|Assist in achieving sales targets and operational goals.","Candidates must be residing in Malta or hold a valid EU residence permit.|Previous experience in a managerial role within hospitality or food & beverage operations is essential.|Strong leadership and team management skills.|Excellent communication and customer service abilities.|Fluent English is required; additional languages will be considered an asset.|Ability to work in a fast-paced environment and handle pressure professionally.|Strong organisational and problem-solving skills.|Professional appearance and positive attitude.|Availability to work flexible hours, including weekends and public holidays.",Full-time employment opportunity.|Professional and supportive working environment.|Career growth opportunities within a growing hospitality group.|Opportunity to work in vibrant hospitality venues across Malta.|Competitive remuneration package based on experience.,,,2026-06-09,2026-12-31,true
Food & Beverage Staff,food-beverage-staff,Hospitality,"St. Julian's, Malta",Full-Time,On-Site,https://outreach-recruitment-agency.careers-page.com/jobs/11b154e1-badc-44e4-b0b7-a947c300f50b/apply,"Roles Available: Supervisors, Servers, Runners, Baristas, Bartenders & Sommeliers

Locations: St Julian’s, Sliema & Gżira, Malta

Employment Type: Full-Time / Part-Time","Deliver professional and friendly customer service at all times.|Ensure smooth day-to-day restaurant and bar operations.|Take customer orders accurately and efficiently.|Serve food and beverages according to company standards.|Prepare and serve coffees, beverages, cocktails, and wines where applicable.|Maintain cleanliness and organisation of workstations and service areas.|Support team members to ensure efficient service during busy periods.|Handle customer requests and resolve issues professionally.|Follow health, safety, hygiene, and company procedures at all times.|Supervisors will oversee daily operations, team coordination, and service standards.|Sommeliers will assist guests with wine recommendations and wine service.","Candidates must be residing in Malta or hold a valid EU residence permit.|Previous experience in hospitality or food & beverage operations is preferred.|Good communication and interpersonal skills.|Fluent English is required; additional languages will be considered an asset.|Positive attitude and strong teamwork skills.|Ability to work in a fast-paced environment.|Professional appearance and customer-focused approach.|Availability to work flexible hours, including weekends and public holidays.",Full-time and part-time opportunities available.|Immediate employment opportunities.|Professional and supportive working environment.|Career growth opportunities within a growing hospitality group.|Opportunity to work in vibrant hospitality venues across Malta.,,,2026-06-09,2026-12-31,true
Compliance Manager,compliance-manager,General,"Qormi, Malta",Full-Time,Hybrid,https://outreach-recruitment-agency.careers-page.com/jobs/99748729-dcc6-40c5-bf41-51eddca4a21a/apply,"🏢 About the Business

Our client is a specialist international recruitment organisation operating across Oil & Gas, Marine, and Renewable Energy sectors, supporting global clients in highly regulated, safety-critical environments.

Compliance is central to operations and plays a direct role in enabling client onboarding, tenders, contracts, and international workforce delivery.

💼 The Opportunity

Our client is seeking a highly organised and commercially aware Compliance Manager / Officer to take full ownership of compliance across the business.

This is a pivotal role sitting at the centre of operations, supporting:

• 
Compliance & regulatory frameworks

• 
Client onboarding and tenders

• 
Contract management

• 
Risk and insurance governance

This is not a purely regulatory role — it is closely linked to commercial activity and business growth.

🔑","1. Compliance, Accreditation & Regulatory Governance|Lead and maintain ISO 9001 and ISO 14001 certifications|Manage Maritime Labour Convention (MLC) compliance and audit processes|Maintain REC accreditation and ensure ongoing regulatory adherence|Oversee Health & Safety compliance in partnership with external providers|Ensure policies and procedures remain aligned with current legislation|Act as key point of contact for internal and external audits|2. Contracts & Commercial Compliance|Manage full lifecycle of client and supplier contracts|Draft, review, and support contract negotiation processes|Identify and escalate commercial and operational risks|Support contractual governance across the business|Provide cover for contract-related duties when required, including issuing documentation to contractor personnel on international assignments|3. Tender & Business Support|Support end-to-end tender submissions|Interpret requirements and coordinate internal stakeholders|Compile compliance documentation and submission packs|Ensure accuracy and timely delivery of all tender outputs|4. Insurance Management|Manage annual insurance renewals (Employer’s Liability, P&I, D&O, Travel & Repatriation)|Liaise with insurance brokers to obtain competitive terms|Manage claims processes from initiation to resolution|Provide internal guidance on insurance matters|🎯 Candidate Requirements",Essential|Minimum 4 years’ compliance experience|Strong understanding of compliance frameworks and audit processes|Highly organised with strong attention to detail|Strong communication and stakeholder skills|Commercial awareness and risk assessment capability|Proficient in Microsoft Office,"Office-based in Loughton, Essex|Standard hours: 09:00 – 17:00|Some hybrid flexibility after onboarding/probation|24 days annual leave + bank holidays|Company pension (after qualifying period)|Competitive salary depending on experience|Occasional international travel opportunities|🚀 Why This Role?",,,2026-06-09,2026-12-31,true
Hairdresser,hairdresser,General,"Żabbar, Malta",Full-Time,On-Site,https://outreach-recruitment-agency.careers-page.com/jobs/7c1ceeb4-7a92-466a-b2b8-c7b92e982d9c/apply,"We are currently seeking talented and passionate Hairdressers to join a salon based in Żabbar. We are hiring for one full-time position and one part-time position (Thursday, Friday, and Saturday).","Provide professional hairdressing services including cutting, styling, colouring, and treatments|Advise clients on hairstyles, hair care, and suitable treatments|Ensure high standards of customer service and client satisfaction|Maintain cleanliness and organisation of the salon|Stay up to date with current trends and techniques","Proven experience as a hairdresser/stylist|Strong technical skills in cutting, colouring, and styling|Good communication and customer service skills|Ability to work independently and as part of a team|Passion for the hair and beauty industry",,,,2026-06-09,2026-12-31,true
Pool Attendants,pool-attendants,General,"St. Julian's, Malta",Full-Time,On-Site,https://outreach-recruitment-agency.careers-page.com/jobs/e0274514-7233-4f8e-9c6c-7721790ec340/apply,"Our client is currently seeking reliable and hardworking Pool Attendants to join their hospitality team on both full-time and part-time basis. This is an urgent opportunity for candidates who are ready to start immediately.

The selected candidates will be responsible for maintaining pool cleanliness, assisting guests around pool areas, and ensuring a safe and pleasant environment at all times.","Maintain cleanliness and presentation of swimming pool areas.|Clean pools and surrounding areas regularly.|Monitor pool facilities and report maintenance issues when necessary.|Ensure sunbeds, umbrellas, and pool furniture are properly arranged.|Assist guests with towels, loungers, and general poolside requests.|Follow health, safety, and hygiene procedures at all times.|Support the operations team with additional duties when required.|Ensure pool areas remain organised, safe, and guest-ready throughout the day.","Candidates must be residing in Malta.|Previous experience in a similar role will be considered an asset.|Good communication and customer service skills.|Ability to work independently and as part of a team.|Reliable, responsible, and hardworking attitude.|Basic English communication skills required.|Availability to start immediately is essential.",Full-time and part-time opportunities available.|Immediate employment opportunity.|Supportive and professional working environment.|Opportunity to work within a well-established hospitality group.|Career growth opportunities within the company.,,,2026-06-09,2026-12-31,true
Head Chef,head-chef,Hospitality,"St. Paul's Bay, Malta",Full-Time,On-Site,https://outreach-recruitment-agency.careers-page.com/jobs/6d2b94c2-2460-403a-ad20-85dd8f7ebab9/apply,"Our client, a stylish rooftop restaurant in St Paul’s Bay, is seeking a passionate and hands-on Head Chef to lead the kitchen operations of a small restaurant with approximately 50 covers.

The successful candidate will oversee the full kitchen operation, ensuring high standards of food quality, consistency, hygiene, and service while contributing creatively to menu development and daily operations.","Oversee the daily kitchen operations and ensure smooth service.|Develop and execute menus in line with the restaurant’s concept and standards.|Lead, train, and motivate the kitchen team.|Ensure all dishes are prepared and presented consistently to high standards.|Monitor stock levels, ordering, food cost control, and waste management.|Maintain full compliance with HACCP and food safety regulations.|Coordinate closely with front-of-house staff to ensure an excellent dining experience.|Maintain cleanliness, organisation, and safety standards in all kitchen areas.|Contribute to ongoing improvements and culinary creativity.",Candidates must be residing in Malta.|Proven experience as a Head Chef or Senior Sous Chef in a restaurant environment.|Strong leadership and kitchen management skills.|Passion for Mediterranean and contemporary cuisine.|Excellent knowledge of food safety and HACCP procedures.|Ability to work under pressure in a fast-paced environment.|Strong organisational and communication skills.|Creative mindset with attention to detail and presentation.,Opportunity to lead a dynamic rooftop restaurant kitchen.|Creative input into menu development and kitchen operations.|Supportive and professional working environment.|Career growth opportunities within hospitality.|Competitive remuneration package based on experience.,,,2026-06-09,2026-12-31,true
Hospitality Staff – Malta,hospitality-staff-malta,General,"St. Julian's, Malta",Full-Time,On-Site,https://outreach-recruitment-agency.careers-page.com/jobs/9f9c11e0-4df7-4c89-9ef3-93a44c29d486/apply,"We are currently looking for experienced hospitality staff in Malta for different positions such as:

• Housekeeping
• Bartender
• Commis Chef
• Server/Waiter
• Kitchen Porter
• Front office 
• Host
• Barista
• Runners
• Cleaner",Maintain high standards of cleanliness and service|Assist customers in a professional and friendly manner|Prepare and serve food or beverages according to company standards|Support the kitchen and restaurant operations|Follow health and safety procedures at all times|Work efficiently as part of a team in a fast-paced environment,Must have skills pass certificate|Previous experience in a similar role|Good communication and teamwork skills|Positive attitude and professional appearance|Ability to work in a fast-paced environment|Candidates must already be living in Malta|Valid work permit/passport/permission to work in Malta,,,,2026-06-09,2026-12-31,true
Driver / Runner / Washer,driver-runner-washer,Logistics,"Gżira, Malta",Full-Time,On-Site,https://outreach-recruitment-agency.careers-page.com/jobs/407827f1-9487-4e13-af74-11973e5607de/apply,"Our client is currently seeking a reliable and motivated Runner / Driver / Car Washer to join their team on a full-time basis. The successful candidate will assist in the preparation, coordination, movement, and upkeep of vehicles according to customer and operational","Assist department employees as directed by the Operations Executive and Fleet Coordinators.|Move vehicles between various locations as required.|Carry out interior and exterior cleaning of vehicles.|Deliver documentation and other company-related items when necessary.|Perform vehicle inspections and basic checks.|Hand over rental and replacement vehicles to clients professionally.|Support team members during absences, leave, or peak operational periods.|Ensure protective clothing, uniforms, and safety shoes are worn at all times.|Adhere strictly to Health & Safety regulations and company policies.|Report any accidents, near misses, or safety hazards to the relevant personnel.|Assist with additional operational duties as required by the business.","Clean and valid driving licence.|Fluent in both Maltese and English.|Good communication and interpersonal skills.|Ability to work independently with minimal supervision.|Responsible, organised, and detail-oriented.|Flexible and team-oriented attitude.",Health Insurance.|Loyalty Card benefits.|Stable full-time employment within a professional environment.|Supportive team culture and ongoing support.,,,2026-06-09,2026-12-31,true
Level 2 Platform Ops Engineer,level-2-platform-ops-engineer,Engineering & Maintenance,"Floriana, Malta",Full-Time,On-Site,https://outreach-recruitment-agency.careers-page.com/jobs/1ec49e22-c090-4e60-8676-9f95d2eb1781/apply,"About the Role

Our client is seeking a highly skilled Level 2 Platform Operations Engineer to support and maintain core insurance platforms across Life and Non-Life business lines.

This role focuses on incident resolution, system stability, root cause analysis, and continuous service improvement within complex, enterprise-level insurance systems and integrations.

Key Responsibilities

Application & Platform Support

• 
Provide Level 2 support for core policy administration and peripheral insurance systems.

• 
Act as escalation point for complex incidents from Level 1 support.

• 
Investiga","Application & Platform Support|Provide Level 2 support for core policy administration and peripheral insurance systems.|Act as escalation point for complex incidents from Level 1 support.|Investigate, diagnose, and resolve application and system issues.|Monitor system health, batch jobs, and integrations.|Support application servers such as JBoss, IIS, and Tomcat.|Troubleshoot message-driven and event-based systems including RabbitMQ and Kafka.","3–5 years’ experience in application support, systems analysis, or system administration.|Strong PL/SQL knowledge and working experience with T-SQL / SQL Server.|Experience supporting enterprise systems in a production environment.|Understanding of system architecture and integrations.|Exposure to JBoss, IIS, Tomcat, RabbitMQ, Kafka, or similar technologies.|Experience with cloud and DevOps tools (CI/CD, AKS, EKS, Azure DevOps, GitLab, AWS tools).|Strong analytical and troubleshooting skills.|Experience in insurance (Life or Non-Life) will be considered an asset.|Degree in IT, Computer Science, or equivalent experience.","Flexible working hours.|Health and life insurance.|Gym on premises.|Transport allowance and canteen allowance.|Extra birthday leave.|Pension and wellbeing incentives.|Study, exam, sports, and cultural leave.|Sponsorship for training and professional development.|Family-friendly benefits including maternity/paternity support and children’s sick leave.",,,2026-06-09,2026-12-31,true
Sales Shift Manager,sales-shift-manager,Sales,"St. Julian's, Malta",Full-Time,On-Site,https://outreach-recruitment-agency.careers-page.com/jobs/a520c1f5-c269-4afd-b42b-bc8bf1a35b72/apply,"Our client, an international company operating within the financial services and online trading sector, is seeking an experienced and driven Sales Shift Manager to oversee daily sales floor operations and lead high-performing sales teams in a fast-paced environment.

The successful candidate will be responsible for managing team leaders and sales agents, ensuring operational efficiency, maintaining motivation levels, and driving performance in line with company targets and KPIs.","Manage daily sales shift operations and ensure office targets are achieved.|Lead, motivate, and support Team Leaders and sales agents to maintain high performance levels.|Conduct daily morning briefings covering updates, targets, sales performance, and key priorities.|Monitor and manage CRM and telephony systems, including quotas, caps, and reporting tools.|Troubleshoot operational and technical issues in collaboration with IT and support teams.|Enforce company procedures, discipline, professionalism, dress code, and conduct standards.|Monitor live sales reports and ensure positive daily performance development.|Create and follow up on tickets and operational fixes when required.|Track team and individual seller performance and report results accordingly.|Prepare monthly bonus calculations for Team Leaders and mid-management.|Coordinate incentives, competitions, promotions, and training initiatives with HR and management teams.|Maintain strong communication with support departments, including Compliance, HR, Monitoring, and HQ teams.|Provide performance feedback reports for Team Leaders twice per month.|Support ongoing workforce planning, workload management, and disciplinary processes.|Report directly to the Office Manager and Director.","Proven experience in managing, motivating, and leading high-performing sales teams in a fast-paced environment is essential.|Strong leadership and organisational skills.|Experience working with sales KPIs, targets, and performance reporting.|Ability to meet and exceed challenging monthly targets focused on FTDs (First Time Deposits) and conversion quality.|Experience presenting daily and weekly performance reports to senior management.|Fluent in English.|Additional languages such as Italian, Polish, or Swedish will be considered a strong advantage.|Ability to work under pressure within a dynamic and international sales environment.|Strong communication, problem-solving, and decision-making skills.",Opportunity to join a dynamic international company.|Fast-paced and energetic working environment.|Career development opportunities within sales management.|Supportive and performance-driven team culture.,,,2026-06-09,2026-12-31,true
Head of Spa,head-of-spa,General,"Birkirkara, Malta",Full-Time,On-Site,https://outreach-recruitment-agency.careers-page.com/jobs/1d8f4c10-5864-4d3a-8033-6b29d29df247/apply,"We are seeking a dynamic and experienced Head of Spa to lead and elevate spa operations across a leading hospitality group in Malta, primarily based at a flagship resort property.

 Role Overview

The Head of Spa will be responsible for the strategic leadership, operational excellence, and commercial performance of the Spa division. This role requires a visionary leader who can drive revenue growth, enhance guest experience, and ensure consistently high standards of service, wellness innovation, and team performance.","Provide strategic direction and leadership across all spa operations within the group|Drive revenue growth and profitability through pricing strategies, promotions, and service development|Ensure exceptional guest experiences aligned with brand standards|Lead, mentor, and develop Spa Managers and teams, fostering a high-performance culture|Oversee budgeting, financial planning, and cost control for spa operations|Analyse KPIs, guest feedback, and market trends to identify opportunities for improvement and innovation|Develop and implement SOPs and ensure compliance across all spa locations|Collaborate with Marketing on campaigns, packages, and seasonal offers|Maintain strong relationships with suppliers and partners, ensuring quality and cost efficiency|Ensure compliance with health, safety, and hygiene standards in line with local regulations|Stay updated with industry trends, wellness innovations, and competitor benchmarking|About You|Proven experience in a senior spa leadership role (Head of Spa, Spa Director, or Senior Spa Manager)|Strong commercial acumen with a track record of driving revenue and profitability|In-depth knowledge of spa, wellness, and beauty operations|Excellent leadership skills with the ability to inspire and manage multi-site teams|Strategic thinker with strong problem-solving abilities|Passion for delivering outstanding guest experiences|Job Requirements|Minimum 5 years' experience in Spa Management, including at least 2 years in a senior or multi-site role|Strong financial and analytical skills|Excellent communication and interpersonal abilities|Fluent in English (additional languages considered an asset)|Ability to work in a fast-paced, high-standard environment|What We Offer","Minimum 5 years' experience in Spa Management, including at least 2 years in a senior or multi-site role|Strong financial and analytical skills|Excellent communication and interpersonal abilities|Fluent in English (additional languages considered an asset)|Ability to work in a fast-paced, high-standard environment|What We Offer","A senior leadership opportunity within a dynamic hospitality environment, with strong focus on career development, operational excellence, and delivering premium guest experiences across multiple properties.",,,2026-06-09,2026-12-31,true
Truck Driver - Residing in Malta,truck-driver-residing-in-malta,Logistics,"St. Julian's, Malta",Full-Time,On-Site,https://outreach-recruitment-agency.careers-page.com/jobs/f2dc139a-9348-4b97-857a-0130900283f5/apply,"Play a key role in keeping operations moving by ensuring the safe and efficient transport of goods across multiple locations. This role is ideal for a reliable and hands-on professional who takes pride in safety, punctuality, and teamwork.

🎯 Your Role

• 
Drive company trucks exceeding 3,500 kg safely and efficiently

• 
Deliver and collect goods between company sites and suppliers on time

• 
Load and unload goods, ensuring proper handling and secure transport

• 
Perform daily vehicle checks and report any faults or maintenance needs

• 
Maintain the cleanliness and condition of the assigned vehicle

• 
Follow all traffic laws, company procedures, and health and safety regulations

• 
Keep accurate records of deliveries, collections, and mileage

• 
Coordinate with logistics and warehouse teams to ensure smooth operations

• 
Provide a professional and courteous approach when interacting with colleagues and suppliers

• 
Support general warehouse and logistics tasks when required

💡 What We Are Looking For

• 
Reliable, punctual, and responsible attitude

• 
Ability to work independently and manage time effectively

• 
Flexible and willing to support operational needs

• 
Good communication skills and team-oriented mindset

✅",,"Currently residing in Malta|Valid driving licence for vehicles over 3,500 kg|Previous experience in a similar role is an advantage|Good knowledge of local roads and routes in Malta|Basic understanding of vehicle maintenance and safety checks|Ability to work in a fast-paced environment|🌟 What You Can Expect|A stable role within a structured operations environment|A supportive and team-focused workplace|Opportunities to grow within a large organisation|🔥 If you are dependable, safety-focused, and ready to keep operations running smoothly, we would like to hear from you.",,,,2026-06-09,2026-12-31,true
Senior Plant Technician – Hotel Operations & Maintenance,senior-plant-technician-hotel-operations-maintenance,Engineering & Maintenance,"St. Julian's, Malta",Full-Time,On-Site,https://outreach-recruitment-agency.careers-page.com/jobs/b84e5466-babf-4da4-997e-507e22f6196a/apply,"Behind every great hotel is a strong maintenance team. In this role, you will help keep operations running smoothly by ensuring all technical systems and plant equipment perform reliably, safely, and efficiently.

🎯 Your Role

• 
Support daily maintenance operations across the property

• 
Monitor and maintain mechanical, electrical, and plant systems

• 
Ensure the efficient performance of HVAC, pumps, water systems, generators, and boilers

• 
Diagnose faults and carry out repairs in a timely and effective manner

• 
Perform preventive maintenance to minimise downtime and extend equipment li",,,,,,2026-06-09,2026-12-31,true
Sous Chef,sous-chef,Hospitality,"St. Julian's, Malta",Full-Time,On-Site,https://outreach-recruitment-agency.careers-page.com/jobs/d1e88622-1fe6-48c6-a66a-950a7667262e/apply,"Our client, a modern Mediterranean restaurant in Malta, is seeking an experienced and passionate Sous Chef to support the Head Chef in the day-to-day kitchen operations.

The successful candidate will play a key role in delivering high-quality Mediterranean dishes, ensuring consistency, efficiency, and excellent service standards in a fast-paced kitchen environment.","Support the Head Chef in all kitchen operations and service execution.|Supervise and coordinate the kitchen team during service.|Ensure consistent preparation and presentation of Mediterranean-inspired dishes.|Assist with menu execution, development, and daily specials.|Monitor food quality, portion control, and consistency across all sections.|Oversee stock control, ordering, and proper ingredient storage.|Maintain strict compliance with HACCP and food safety standards.|Train and support junior kitchen staff to maintain high performance standards.|Ensure smooth kitchen workflow and effective communication between sections.|Step in for the Head Chef when required.","Must be residing in Malta.|Previous experience as a Sous Chef or Senior Chef de Partie, ideally within Mediterranean cuisine.|Strong knowledge of kitchen operations and service flow.|Passion for Mediterranean cuisine and fresh ingredients.|Strong leadership and team management skills.|Ability to perform under pressure in a busy kitchen environment.|Excellent attention to detail and consistency.|Good understanding of HACCP and food hygiene standards.",Opportunity to work in a dynamic Mediterranean kitchen environment.|Career development within a growing restaurant concept.|Supportive and professional team culture.|Competitive remuneration package based on experience.,,,2026-06-09,2026-12-31,true
Driver – Category C License,driver-category-c-license,Logistics,"Żejtun, Malta",Full-Time,On-Site,https://outreach-recruitment-agency.careers-page.com/jobs/d15c5f87-f88d-4c7b-a111-3d2ae7b8f418/apply,"Job Summary

We are seeking a reliable and experienced Category C licensed Driver to operate heavy goods vehicles for the safe and timely transportation of goods. The ideal candidate will ensure deliveries are completed efficiently, maintain high safety standards, and provide excellent service while representing the company professionally on the road.","Operate Category C vehicles (rigid trucks over 3.5 tonnes) safely and in compliance with road regulations|Transport goods to designated locations on scheduled routes|Load and unload cargo, ensuring proper handling and securing of goods|Carry out daily vehicle checks and report any defects or maintenance needs|Ensure delivery paperwork is completed accurately|Maintain compliance with driving hours and tachograph regulations|Follow company procedures for health, safety, and security|Provide professional and courteous service to customers and clients|Keep the vehicle clean and in good working condition","Valid Category C driving license (HGV Class 2 or equivalent)|Proven experience as a truck or HGV driver|Good knowledge of road safety and traffic regulations|Ability to work independently and manage time effectively|Physically fit to handle loading/unloading duties|Reliable, punctual, and responsible attitude",,,,2026-06-09,2026-12-31,true
Kitchen Porter,kitchen-porter,General,"St. Julian's, Malta",Full-Time,On-Site,https://outreach-recruitment-agency.careers-page.com/jobs/27a73f6f-412b-49e0-875c-c8b853c61099/apply,"Our client, a popular restaurant serving authentic Maltese & Mediterranean cuisine at the heart of the Valletta Waterfront, is looking for Kitchen Porters to join their team and support the smooth running of the kitchen.

Role Description

This is a full-time, on-site role for Kitchen Porters. The successful candidates will play a vital role in maintaining cleanliness, assisting chefs with basic tasks, and ensuring the kitchen runs efficiently and to the highest hygiene standards.",,,,,,2026-06-09,2026-12-31,true
Barista,barista,General,"St. Julian's, Malta",Full-Time,On-Site,https://outreach-recruitment-agency.careers-page.com/jobs/0e9f3816-bb4b-4de5-b352-ee74d5bc9e37/apply,The Barista is responsible for preparing and serving high-quality coffee and beverages while delivering excellent customer service in a fast-paced environment.,"Prepare and serve coffee, tea, and specialty beverages according to company standards|Take customer orders and handle payments accurately|Provide friendly and efficient customer service|Maintain cleanliness and organization of the workspace and equipment|Ensure proper use and maintenance of coffee machines and tools|Restock supplies and monitor inventory levels|Follow health, safety, and hygiene regulations|Assist with opening and closing duties","Skillspass is a must|Must be already residing in Malta|Previous experience as a barista or in customer service (preferred)|Basic knowledge of coffee preparation and equipment|Strong communication and interpersonal skills|Ability to work in a fast-paced environment|Customer-oriented attitude|Flexibility to work shifts, weekends, and holidays|Good level of English (additional languages are a plus)",,,,2026-06-09,2026-12-31,true
Supervisor,supervisor,General,"Valletta, Malta",Full-Time,On-Site,https://outreach-recruitment-agency.careers-page.com/jobs/bd6cb514-3575-4cb1-93d0-10084e232125/apply,"The Store Supervisor is responsible for overseeing daily operations, ensuring excellent customer service, and leading the team to maintain efficiency and quality standards in a fast-paced sandwich shop environment.","Supervise and support staff during shifts (cashiers, kitchen assistants)|Ensure high standards of customer service at all times|Monitor food quality, presentation, and hygiene standards|Handle customer complaints and resolve issues promptly|Coordinate with the kitchen to ensure smooth and timely service|Manage shift schedules, staff performance, and training|Oversee opening and closing procedures|Monitor stock levels and assist with inventory control|Ensure compliance with health & safety regulations","Previous experience in a supervisory role (preferably in food service or hospitality)|Should have a strong understanding of the full operation and be hands-on when needed|Strong leadership and communication skills|Ability to work under pressure in a fast-paced environment|Customer-oriented with problem-solving skills|Good level of English (additional languages are an asset)|Flexibility to work shifts, weekends, and holidays",,,,2026-06-09,2026-12-31,true
Cashier,cashier,Retail,"Valletta, Malta",Full-Time,On-Site,https://outreach-recruitment-agency.careers-page.com/jobs/81204227-ec7b-4bf5-b07c-b80a4e8c0d85/apply,"• 

    

        
• 

    
    
• 

    
    
• 

    
• 
    
• 

    
• 
   
    
    
• 

    
• 

    
• 
    
• 
    
      
• 
    

    
• 
    
      
• 
    

    

        
            
            
              window.dataLayer = window.dataLayer || [];
              function gtag(){dataLayer.push(arguments);}
              gtag('js', new Date());

              gtag('config', 'G-XZZNFPW0ML');
            
        

        
        

Cashier | Outreach Recruitment Agency

    :root {
        --default-primary-color: #442DFA;

        --default-secondary-color: #442DFA;

        --banner-opacity: 0.5;

        --paragraph-font: 'Roboto', sans-serif;

        --heading-font: 'Inter', sans-serif;

    }

    
    
        

            
                
            
        

        

            

                Company website
            

            

                
            

        

        
            
                
                
                
            
        
    

    
        

            

                
                    
                
            
            
        

        

            

                

                    
                

                

                    

No name
                    

-
                

                
                    

                
            

            
                
• 
                    
                        
                            

                        

                        My profile
                    
                
                
• 
                    
                        
                            

                        

                        My applications
                    
                
                
• 
                    
                        
                            

                        

                        My referrals
                    
                
            
        

        Company website

        

            
        
    
    
    &times;

    
        

            
                Current account
            
            

                

                    
                

                

                    

No name
                    

-
                
            
        
        
            
                

            
            Sign out
        
    

        

    

        

            

            
            

                

Cashier
            
            
            

                

                    
• 
                        
    

    
    

    

Valletta, Malta

                    

                    
• 
                        

    

Full-Time

                    
                    
• 
                        

    

On-Site

                    

                

                

                    

                        
                            Apply now
                        
                            
                                Refer
                            
                    
                    

    Share:
    
        
    
    
        
    
    
        
    
    
        
            
                

            
        
    
    
        
    
    
        
    

                
            
            

             

                
  
    
• 
      
        
  

      

  

          
•           Job Openings
  

      
•           Cashier  

            
            

                
  
    
• 
      
        
  

      

  

          
•           Cashier  

            
            

            
            

                

Job Description:
                

                     

The Cashier is responsible for handling customer transactions, providing excellent service, and supporting the daily operations of the sandwich shop in a fast-paced environment.","Greet customers and take orders in a friendly and efficient manner|Handle cash, card, and digital payments accurately|Operate the POS system and issue receipts|Assist in preparing simple orders (sandwiches, drinks) if required|Maintain cleanliness and organization of the cashier area|Ensure proper display and restocking of items|Address customer inquiries and resolve basic complaints|Follow hygiene, food safety, and company standards","Previous experience as a cashier or in customer service (preferred)|Basic math and cash-handling skills|Good communication skills in English (additional languages are a plus)|Friendly attitude and strong customer service skills|Ability to work in a fast-paced environment|Flexibility to work shifts, weekends, and holidays",,,,2026-06-09,2026-12-31,true
F&B Shift Leader,fb-shift-leader,Hospitality,"St. Julian's, Malta",Full-Time,On-Site,https://outreach-recruitment-agency.careers-page.com/jobs/90a77992-17f3-4912-8cbf-8be7aeb8bb41/apply,"Job Summary:

The F&B Shift Leader is responsible for supervising daily food and beverage operations during assigned shifts, ensuring high service standards, customer satisfaction, and smooth coordination between front-of-house and kitchen teams.","Supervise and support the F&B team during shifts (waiters, bartenders, hosts)|Ensure excellent customer service and handle guest inquiries or complaints professionally|Coordinate with the kitchen to ensure timely and accurate service|Monitor service standards, hygiene, and health & safety compliance|Assist in staff scheduling, training, and performance supervision|Manage reservations, seating arrangements, and service flow|Handle cashing up procedures and basic administrative tasks if required|Ensure the venue is clean, organized, and fully prepared for service","Skills pass is a must|Previous experience in Food & Beverage service (preferably in a supervisory role)|Strong leadership and communication skills|Ability to work under pressure in a fast-paced environment|Customer-oriented with problem-solving abilities|Flexibility to work shifts, weekends, and holidays|Good level of English (additional languages are an asset)",,,,2026-06-09,2026-12-31,true
Technical Systems Analyst,technical-systems-analyst,Engineering & Maintenance,"Luqa, Malta",Full-Time,Hybrid,https://outreach-recruitment-agency.careers-page.com/jobs/7aad0c39-cbad-4d03-b772-4a7ba28dccd4/apply,"Our client is seeking a highly analytical and technically skilled Technical Systems Analyst to join their IT Management Team and report directly to the Director of Technology.

This role focuses on advanced systems analysis, integration troubleshooting, and root-cause investigation, rather than frontline IT support. The successful candidate will work closely with both technical and business teams to ensure systems operate efficiently and issues are resolved at the source.

Team Structure

The IT Management Team consists of:

• 
Lead Data & Software Engineer

• 
IT Operations Manager

• 
Product Manager

• 
Telematics Team Leader

• 
Technical Systems Analyst","Analyse complex, integrated systems end-to-end, including databases, APIs, third-party platforms, and configurations.|Perform root-cause analysis on escalated incidents involving multiple systems or unclear issues.|Work close to production systems, identifying how issues occur and how changes impact the wider environment.|Conduct hands-on technical analysis using SQL and APIs (REST/JSON).|Query data independently, inspect logs, and validate system behaviour.|Collaborate with developers by providing clear, technically sound input.|Identify recurring system issues and recommend long-term improvements.|Support the Service Desk by improving first-line troubleshooting processes and documentation.|Bridge communication between technical teams and business users, ensuring clarity and alignment.|Confidently challenge assumptions, explain constraints, and provide realistic solutions.","Proven experience working with complex, integrated IT systems.|Strong hands-on skills in SQL and API analysis (REST/JSON).|Ability to understand and explain end-to-end system interactions.|Experience working close to production environments and escalation-level issues.|Strong analytical and problem-solving mindset.|Excellent communication skills with both technical and non-technical stakeholders.|Ability to confidently say “no” when needed and justify technical limitations.|Ability to operate independently and take ownership of complex issues.|Open to non-Maltese candidates.",Competitive salary package.|Hybrid flexibility (primarily on-site with optional remote work).|Stable 40-hour work week (Monday to Friday).|Exposure to complex systems within a dynamic IT environment.|Opportunity to work closely with senior technical leadership.,,,2026-06-09,2026-12-31,true
Senior IT Infrastructure Engineer,senior-it-infrastructure-engineer,Engineering & Maintenance,"Birkirkara, Malta",Full-Time,Hybrid,https://outreach-recruitment-agency.careers-page.com/jobs/6cb983a9-86c9-46b3-8f74-899ea286f0a2/apply,"Take ownership of a complex, multi-site IT environment and play a key role in shaping secure, scalable, and high-performing infrastructure across the organisation. This is a senior hands-on engineering role focused on architecture, security, and continuous improvement rather than day-to-day support.

🎯 Your Role

• 
Own and manage end-to-end IT infrastructure and network architecture

• 
Design, implement, and maintain secure and scalable environments

• 
Lead infrastructure upgrade and digital transformation projects

• 
Act as 2nd and 3rd line escalation for complex technical issues

• 
Mana",,,,,,2026-06-09,2026-12-31,true
Marketing Administrator,marketing-administrator,Marketing,"Mellieħa, Malta",Full-Time,On-Site,https://outreach-recruitment-agency.careers-page.com/jobs/0af17a4a-9e0b-4325-8cad-94596fc1fcc0/apply,"Join a fast-paced marketing team where creativity meets organisation. You will support the execution of campaigns across multiple hospitality brands, helping bring ideas to life across digital, print, and on-site activations.

🎯 Your Role

• 
Provide day-to-day administrative support to the marketing team

• 
Assist in planning, coordinating, and executing marketing campaigns and promotions

• 
Coordinate social media content creation, scheduling, and posting

• 
Support updates to websites, menus, promotional materials, and internal communications

• 
Monitor digital platforms and assist with",,,,,,2026-06-09,2026-12-31,true
Accounts Executive,accounts-executive,Finance & Accounting,"Birkirkara, Malta",Full-Time,On-Site,https://outreach-recruitment-agency.careers-page.com/jobs/237e4d79-a5db-4b97-a76f-a735e92344d6/apply,"Join a dynamic finance team where accuracy, organisation, and collaboration are key. You will play an important role in supporting day-to-day accounting operations and ensuring smooth financial processes across the business.

🎯 Your Role

• 
Process supplier invoices and ensure alignment with approved purchase orders and quotations

• 
Reconcile supplier statements and prepare payment runs

• 
Monitor accounts payable and receivable activities

• 
Assist with bank reconciliations and general ledger postings

• 
Liaise with internal departments and suppliers to resolve discrepancies

• 
Support",,,,,,2026-06-09,2026-12-31,true
Retail Sales Associate,retail-sales-associate,Sales,"Valletta, Malta",Full-Time,On-Site,https://outreach-recruitment-agency.careers-page.com/jobs/a9a78861-ac3c-4d5c-8a62-f2368cb5ea10/apply,"Be the face of a high-energy retail experience where hospitality meets entertainment. You’ll guide guests through a unique shopping journey, delivering outstanding service, strong product knowledge, and memorable interactions in a fast-paced, vibrant environment.

🎯 Your Role

• 
Welcome and engage guests in a friendly and professional manner

• 
Assist with sales transactions using a point-of-sale system

• 
Handle cash, payments, and maintain accurate till balances

• 
Respond to guest questions clearly and confidently

• 
Actively engage guests in conversation to understand their needs

•","Ensure every guest leaves with a positive and memorable experience|💡 What We’re Looking For|Strong communication and interpersonal skills|A confident, outgoing, and guest-focused attitude|Ability to stay calm and effective in a fast-paced environment|Strong attention to detail and high level of organisation|Physically able to stand for long periods and handle light lifting|Well-groomed and professional appearance|Flexibility to work shifts, including weekends and evenings|Passion for delivering excellent customer experiences|🌟 What You Can Expect|A dynamic, high-energy retail environment|The opportunity to work with a globally recognised hospitality brand|Training and development opportunities|A fun, team-oriented culture focused on guest experience and quality|🔥 If you enjoy people, thrive in busy environments, and love creating great experiences, this is your stage.",,"Maintain a clean, organised, and visually appealing store environment|Support stock management, inventory checks, and product displays|Carry out opening, closing, and daily operational duties|Ensure every guest leaves with a positive and memorable experience|💡 What We’re Looking For|Strong communication and interpersonal skills|A confident, outgoing, and guest-focused attitude|Ability to stay calm and effective in a fast-paced environment|Strong attention to detail and high level of organisation|Physically able to stand for long periods and handle light lifting|Well-groomed and professional appearance|Flexibility to work shifts, including weekends and evenings|Passion for delivering excellent customer experiences|🌟 What You Can Expect|A dynamic, high-energy retail environment|The opportunity to work with a globally recognised hospitality brand|Training and development opportunities|A fun, team-oriented culture focused on guest experience and quality|🔥 If you enjoy people, thrive in busy environments, and love creating great experiences, this is your stage.",,,2026-06-09,2026-12-31,true
Executive Operations Manager,executive-operations-manager,General,"Birkirkara, Malta",Full-Time,On-Site,https://outreach-recruitment-agency.careers-page.com/jobs/efe554bd-39b5-4179-a9c1-bc5ba4d92536/apply,"Act as the operational right hand to the Group CEO, ensuring priorities are executed across a fast-moving, multi-property hospitality business. This is a high-impact role focused on delivery, coordination, and performance across hotels, restaurants, and support functions.

🎯 Your Role

• 
Work closely with the Group CEO to drive and execute key operational priorities

• 
Track delivery of action points from executive meetings and ensure consistent follow-through

• 
Review board materials, executive briefings, and internal reports for accuracy and relevance

• 
Provide operational insights, an",,,,,,2026-06-09,2026-12-31,true
Kitchen Manager,kitchen-manager,General,"Valletta, Malta",Full-Time,On-Site,https://outreach-recruitment-agency.careers-page.com/jobs/55f7dfe5-b288-40a1-9e39-0f699eaba572/apply,"Bring your leadership to a high-energy, fast-paced kitchen where quality, consistency, and team performance take centre stage. We’re looking for hands-on leaders ready to drive operations and deliver standout guest experiences.

👨‍🍳 Your Role

As Kitchen Manager, you will:

• 
Lead and oversee all kitchen operations, ensuring high standards at all times

• 
Manage, mentor, and develop the kitchen team

• 
Maintain food quality, consistency, and presentation

• 
Control stock, ordering, and food costs

• 
Ensure full compliance with hygiene, health, and safety standards

• 
Work closely with se",,,Career progression opportunities as the operation expands|🔥 Ready to lead from the front? Apply now and take your next step in a kitchen that thrives on performance and passion.,,,2026-06-09,2026-12-31,true
Receptionist - Maltese Speaking,receptionist-maltese-speaking,Administration,"Birkirkara, Malta",Full-Time,On-Site,https://outreach-recruitment-agency.careers-page.com/jobs/8187124d-7d68-4a9f-a8b0-2660aa213c61/apply,"We are recruiting on behalf of our client, a leading hospitality organisation in Malta, seeking a professional and friendly Receptionist to be the main point of contact at their Head Office in Mriehel.

This role is essential in creating a positive first impression while ensuring smooth day to day front office operations.

🎯 The Role

As Receptionist, you will be the first point of contact for visitors, clients, and employees, representing a professional and welcoming environment while supporting administrative and communication processes.

📋","Greet and welcome visitors in a warm and professional manner|Answer and direct incoming calls efficiently|Notify employees of visitor arrivals and coordinate meetings|Handle inquiries from clients, suppliers, and internal teams|Manage courier services and incoming and outgoing mail|Maintain a clean, organised, and professional reception area|Monitor building access and ensure visitor protocols are followed|Provide administrative support including data entry, filing, and scheduling|Assist with office supplies management and general coordination|Support other departments as required|💡 What We Are Looking For|Strong interpersonal and communication skills|Friendly, professional, and presentable approach|Good organisational and multitasking abilities|High attention to detail|Ability to remain calm under pressure|Strong problem solving and customer service skills|Previous experience in a receptionist or customer service role is preferred|Basic knowledge of Microsoft Office (Word, Excel, Outlook)|Fluent in English and Maltese|🎁 What Is On Offer|Professional and supportive working environment|Private health insurance|Staff canteen with facilities and complimentary hot drinks|Employee discount benefits across multiple outlets|Training and development opportunities|Team events and recognition initiatives|Internal career progression opportunities|🚀 Ready to Be the Face of a Dynamic Organisation?",,Professional and supportive working environment|Private health insurance|Staff canteen with facilities and complimentary hot drinks|Employee discount benefits across multiple outlets|Training and development opportunities|Team events and recognition initiatives|Internal career progression opportunities|🚀 Ready to Be the Face of a Dynamic Organisation?,,,2026-06-09,2026-12-31,true
NetSuite Specialist,netsuite-specialist,General,"Birkirkara, Malta",Full-Time,On-Site,https://outreach-recruitment-agency.careers-page.com/jobs/7784000a-35df-4f8f-9102-667f8a35475b/apply,"We are recruiting on behalf of our client, a leading hospitality organisation in Malta, seeking an experienced NetSuite Specialist to join their growing team.

This role will act as the internal expert for NetSuite, supporting system optimisation, automation, and business efficiency across multiple departments.

🎯 The Role

You will be responsible for managing day to day NetSuite operations, improving workflows, and supporting system enhancements while collaborating with stakeholders across the organisation.

📋","Act as the primary NetSuite point of contact for internal users|Configure and customise NetSuite modules based on business needs|Troubleshoot system issues and manage user permissions|Support system upgrades and enhancements|Identify opportunities to improve processes and drive automation|Support integrations with other business systems|Train users and maintain system documentation|💡 What We Are Looking For|Must be currently residing in Malta|2 to 4 years of hands on NetSuite experience in a specialist, administrator, or analyst role|Strong knowledge of NetSuite modules such as Financials, Customer Relationship Management, Procurement, Inventory, or Advanced Revenue Management|NetSuite certification|Strong analytical, problem solving, and communication skills|Ability to work independently and manage multiple priorities|🎁 What Is On Offer|Opportunity to work within a structured and growing hospitality organisation|Exposure to multi department system optimisation projects|Professional development and training opportunities|Private health insurance|Staff canteen with facilities and complimentary hot drinks|Employee discount benefits across multiple outlets|Team events and recognition initiatives|Internal career progression opportunities|🚀 Ready to Take Ownership of a Core Business System?",,Opportunity to work within a structured and growing hospitality organisation|Exposure to multi department system optimisation projects|Professional development and training opportunities|Private health insurance|Staff canteen with facilities and complimentary hot drinks|Employee discount benefits across multiple outlets|Team events and recognition initiatives|Internal career progression opportunities|🚀 Ready to Take Ownership of a Core Business System?,,,2026-06-09,2026-12-31,true
HR Executive,hr-executive,HR & Recruitment,"Birkirkara, Malta",Full-Time,On-Site,https://outreach-recruitment-agency.careers-page.com/jobs/3beaf76b-02b5-47e0-b516-2a46c05c9046/apply,"We are recruiting on behalf of our client, a leading hospitality organisation in Malta, seeking a proactive and detail oriented Human Resources Executive to join their growing team.

This role works closely with the Human Resources and Payroll function, supporting day to day operations and contributing to the organisation’s continued growth.

🎯 The Role

Reporting to the Human Resources Director, you will support core HR processes, with a strong focus on recruitment coordination, administration, and work permit management.

📋",Post and manage job advertisements across relevant platforms|Screen applications and shortlist suitable candidates|Schedule and coordinate interviews|Prepare interview documentation and screening packs|Manage work permit applications and renewals for third country nationals and refugees|Support general HR administration and day to day tasks|💡 What We Are Looking For|Human Resources certification|Previous experience in an HR role|Strong organisational skills and attention to detail|Ability to work under pressure and meet deadlines|Good analytical and problem solving skills|Strong interpersonal and communication skills|Proficiency in Microsoft Office|Fluent in English and Maltese|🎁 What Is On Offer|Supportive and structured Human Resources environment|Opportunities for professional growth and development|Private health insurance|Staff canteen with facilities and complimentary hot drinks|Employee discount benefits across multiple outlets|Team events and recognition initiatives|Internal career progression opportunities|🚀 Ready to Grow Your Career in Human Resources?,,Supportive and structured Human Resources environment|Opportunities for professional growth and development|Private health insurance|Staff canteen with facilities and complimentary hot drinks|Employee discount benefits across multiple outlets|Team events and recognition initiatives|Internal career progression opportunities|🚀 Ready to Grow Your Career in Human Resources?,,,2026-06-09,2026-12-31,true
Customer Operations Associate,customer-operations-associate,General,"Ta' Xbiex, Malta",Full-Time,Hybrid,https://outreach-recruitment-agency.careers-page.com/jobs/f32596e1-dc6b-46a2-bacd-81f72eab8805/apply,"Our client, a leading insurance provider in Malta, is seeking a detail-oriented and customer-focused Customer Operations Associate to join their Customer Experience team. The successful candidate will support operational processes, ensuring high-quality service delivery, accurate case handling, and efficient communication across departments.

This role is ideal for someone with experience in structured customer service environments who values accuracy, process adherence, and clear communication.","Manage, document, and close customer cases using a case management system within agreed timelines.|Maintain accurate and detailed records of customer interactions, actions, and resolutions.|Respond to customer enquiries via phone and email in a professional and timely manner.|Collaborate with insurance and claims teams to support customer onboarding and related processes.|Track and report key operational metrics, including onboarding and data quality indicators.|Follow structured procedures to ensure consistent service delivery and compliance.|Perform administrative and support tasks to assist the wider Customer Experience team.|Contribute to continuous improvement of processes and customer service standards.","Minimum 1 year of experience in a contact centre or customer-facing support role.|Fluency in English and Maltese (spoken and written) is essential.|Experience handling customer communication via phone and email in a professional environment.|Familiarity with ticketing or case management systems.|Proficiency in tools such as Microsoft Outlook, Excel, and virtual phone systems.|Strong attention to detail and a structured, process-driven approach.|Strong teamwork and collaboration skills.",Hybrid working model.|Reduced summer working hours.|Health insurance.|Staff discounts.|Sponsorship for professional qualifications and training.|A supportive and development-focused working environment.,,,2026-06-09,2026-12-31,true
Structural Engineer,structural-engineer,Engineering & Maintenance,"Mellieħa, Malta",Full-Time,On-Site,https://outreach-recruitment-agency.careers-page.com/jobs/caf5b1c5-4eea-4b7a-8315-4f4a5e479442/apply,"Our client is seeking a skilled and motivated Structural Engineer to join their growing team in Malta. The successful candidate will be responsible for the design, analysis, and supervision of structural works, ensuring projects are delivered in line with technical standards and regulatory","Perform structural design and analysis of buildings and structural elements in reinforced concrete and masonry.|Manage and oversee structural engineering aspects of ongoing projects.|Conduct regular site visits and inspections to monitor structural works.|Ensure works are carried out in accordance with designs, technical standards, and regulations.|Prepare and review structural calculations, drawings, and technical documentation.|Coordinate with architects, draughtspersons, contractors, and other stakeholders.|Provide technical support and resolve structural issues on site.|Support project delivery from design stage through to completion.",Degree in Civil or Structural Engineering.|Proven local experience in a Structural Engineer role.|Strong knowledge of Eurocodes and local building regulations.|Ability to work independently with minimal supervision.|Good communication and teamwork skills.|Valid driving licence.|Must be based in Malta.|A local warrant will be considered an asset.,Cash car allowance.|Opportunity to work on a variety of projects within a professional environment.,,,2026-06-09,2026-12-31,true
Customer Experience Supervisor,customer-experience-supervisor,General,"Floriana, Malta",Full-Time,On-Site,https://outreach-recruitment-agency.careers-page.com/jobs/b85c4b8d-4027-4041-bfe6-cbf8f0c3c9f5/apply,"Our client is seeking a Customer Experience Supervisor to lead the Customer Experience team within the Life Operations Department. The team serves as the first point of contact for existing and prospective clients through phone and email channels.

The role focuses on coordinating customer service activities, supporting frontline teams, resolving customer queries efficiently, and ensuring a consistent, high-quality customer experience.",Team Management & Support|Supervise and guide the Customer Experience team in handling client enquiries and requests.|Provide daily support and ensure consistent customer service standards.|Manage workloads to respond effectively to changing customer demand.,"Previous experience in customer service or customer experience roles, ideally within financial services or insurance.|Experience supervising or coordinating a team will be considered an asset.|Strong organisational, communication, and problem-solving skills.|Customer-focused mindset with strong attention to detail.|Excellent written and verbal communication skills in English.",,,,2026-06-09,2026-12-31,true
Senior Quantity Estimator (M&E),senior-quantity-estimator-me,General,"Qormi, Malta",Full-Time,On-Site,https://outreach-recruitment-agency.careers-page.com/jobs/caa0d081-7dd5-4987-80fb-ea1e470f8976/apply,"Our client is seeking a highly experienced Senior Quantity Estimator (M&E) to lead all tender submissions and manage estimating activities for major electrical and mechanical projects. The role ensures all bids are commercially competitive, technically compliant, and aligned with business objectives.","Lead all tender submissions for major M&E projects.|Oversee and coordinate the tender team during pre-qualification and tender preparation stages.|Review tender documents and summarise key commercial and technical requirements.|Prepare method statements, technical submissions, and supporting documentation.|Manage tender queries and coordinate responses with relevant stakeholders.|Liaise with consultants, suppliers, and authorities to support tender submissions.|Monitor tender progress and maintain accurate documentation.|Prepare and deliver tender presentations.|Attend management meetings and provide updates on tender activity.|Identify and track upcoming tender opportunities in the market.|Organise supplier meetings and obtain competitive quotations.|Attend meetings, conferences, training, and site/factory visits locally and abroad when required.","Degree in Electrical Engineering, Mechanical Engineering, Quantity Surveying, or Construction Management.|Proven experience in M&E estimating and tender management.|Strong understanding of technical drawings and specifications.|Excellent commercial awareness and numerical accuracy.|Strong leadership, organisational, and decision-making skills.|Ability to work under pressure and meet tight deadlines.|Excellent communication skills.|Fluent in English (Italian considered an asset; Maltese beneficial).","Senior leadership role with direct impact on business growth and profitability.|Opportunity to work on major M&E projects.|Exposure to international suppliers, clients, and industry events.|Career development within a growing technical organisation.",,,2026-06-09,2026-12-31,true
Sales Representative in Renewables,sales-representative-in-renewables,Sales,"Qormi, Malta",Full-Time,On-Site,https://outreach-recruitment-agency.careers-page.com/jobs/6ef09a6e-669c-4b31-816f-fffaaebdede3/apply,"Our client is seeking a driven and results-focused Sales Representative to support growth within the Renewable Energy, HVAC, and M&E sectors. The role involves generating new business, managing key accounts, and promoting technical solutions that help clients transition to more sustainable and efficient systems.

This is an opportunity for a motivated salesperson who thrives in a fast-paced environment and is confident handling technical products and client relationships.","Identify and develop new business opportunities across renewable energy, HVAC, and M&E markets.|Manage and grow existing client accounts to encourage repeat business.|Present and sell technical products and solutions with confidence.|Manage your sales pipeline and consistently work towards targets.|Collaborate with engineers and project teams to deliver tailored solutions.|Build strong, long-term client relationships.","Proven experience in technical or field sales, ideally within Renewable Energy, HVAC, or M&E.|Strong communication and negotiation skills.|Self-motivated, ambitious, and target-driven mindset.|Comfortable discussing technical solutions with clients and engineers.|Valid driving licence and willingness to visit clients regularly.",Competitive base salary plus commission structure.|Career progression opportunities.|Ongoing technical and industry training.|Opportunity to work in a fast-growing renewable energy sector.|Supportive team culture that values initiative and performance.,,,2026-06-09,2026-12-31,true
HVAC Project Manager,hvac-project-manager,Engineering & Maintenance,"Qormi, Malta",Full-Time,On-Site,https://outreach-recruitment-agency.careers-page.com/jobs/2d02e5e0-fefe-49c9-85d3-8002651c6242/apply,"Our client is seeking an experienced and motivated HVAC Project Manager to oversee commercial and industrial projects from inception to completion. The role involves managing all phases of delivery, including estimating, design coordination, installation, commissioning, and handover.

This is a hands-on leadership position for someone with strong HVAC technical knowledge who thrives on delivering projects on time, within budget, and to a high standard.","Manage HVAC projects from tender stage through to completion, including planning, design input, and client liaison.|Coordinate and supervise site teams, subcontractors, and suppliers.|Develop project programmes, schedules, and progress reports.|Monitor budgets, procurement, and cost control.|Attend client and site meetings, addressing technical and commercial queries.|Ensure compliance with health & safety standards and industry regulations.|Support estimating and business development activities when required.","Proven experience managing HVAC or M&E projects in commercial, industrial, or large residential environments.|Strong technical knowledge of HVAC systems (air conditioning, ventilation, heating).|Excellent leadership, planning, and organisational skills.|Ability to read technical drawings and specifications.|Proficiency in MS Office and project management tools.|Relevant qualifications (e.g. HNC/HND, SMSTS, CSCS, F-Gas) will be considered an asset.","Competitive salary package.|Genuine career progression opportunities.|Ongoing technical training and professional development.|Supportive management structure with autonomy in decision-making.|Opportunity to work on impactful, energy-efficient HVAC projects.",,,2026-06-09,2026-12-31,true
HVAC Sales Representative,hvac-sales-representative,Engineering & Maintenance,"Qormi, Malta",Full-Time,On-Site,https://outreach-recruitment-agency.careers-page.com/jobs/af7af24d-e41f-48aa-b566-3d1ec6672dfc/apply,"Our client is seeking a results-driven HVAC Sales Representative to grow their presence across commercial and industrial markets. The role focuses on identifying opportunities, building strong client relationships, and selling energy-efficient heating, ventilation, and air conditioning solutions.

This is an ideal opportunity for a technically minded, driven sales professional who is motivated by performance and results.","Generate new business and manage existing client accounts within the HVAC sector.|Identify and qualify opportunities through networking, site visits, and client meetings.|Prepare and present quotations, tenders, and technical proposals.|Collaborate with engineering and design teams to deliver tailored solutions.|Manage pipeline activity through CRM systems and report on sales performance.|Monitor market trends, competitor activity, and industry developments.","Proven experience in technical sales, ideally within HVAC, M&E, or building services.|Strong understanding of air conditioning, ventilation, or heating systems.|Excellent communication and negotiation skills with the ability to engage clients and contractors.|Target-driven and results-oriented mindset.|Valid driving licence and willingness to travel for client visits.",Uncapped commission structure based on performance.|Car allowance or company vehicle.|Full technical and product training.|Career progression into senior sales or account management roles.|Opportunity to join a fast-growing company focused on energy-efficient HVAC solutions.,,,2026-06-09,2026-12-31,true
Maintenance Technician - Electrical Licence A or B),maintenance-technician-electrical-licence-a-or-b,Engineering & Maintenance,"Qormi, Malta",Full-Time,On-Site,https://outreach-recruitment-agency.careers-page.com/jobs/c91429df-e785-4dc4-ac10-bd803ae9cba1/apply,"Our client is seeking an experienced Maintenance Technician with strong Mechanical and Electrical (M&E) knowledge and a valid Electrical Licence (Authorisation A or B). The role involves maintaining building systems, electrical installations, and plant equipment to ensure safe and efficient operations with minimal downtime.","Perform preventive and reactive maintenance on electrical and mechanical systems (HVAC, pumps, motors, panels, lighting, controls).|Diagnose and repair electrical faults in line with REWS and OHSA regulations.|Carry out testing, inspection, and certification of electrical systems.|Maintain mechanical systems and support repairs as required.|Keep accurate maintenance records and reports.|Liaise with contractors and suppliers for planned works.|Ensure compliance with health and safety standards.|Participate in on-call or emergency breakdown duties when required.","Valid REWS Electrical Licence (A or B).|Qualification in Electrical or Mechanical Engineering (MQF Level 3 or higher).|Minimum 3 years’ experience in maintenance or building services.|Ability to read technical drawings and schematics.|Knowledge of HVAC, BMS, or industrial systems is an asset.|Strong troubleshooting and problem-solving skills.","Competitive salary with overtime.|Training and licence renewal support.|Career progression opportunities.|Stable, long-term employment in a professional environment.",,,2026-06-09,2026-12-31,true
Sales Executive,sales-executive,Sales,"Mellieħa, Malta",Full-Time,On-Site,https://outreach-recruitment-agency.careers-page.com/jobs/89a397d0-2d40-418c-9b25-47160af21d9d/apply,"Reporting to the Senior Sales Executive, this role focuses on driving revenue through Leisure Groups and MICE segments, while supporting the Online/OTA segment across multiple hotel properties. The Sales Executive will manage group enquiries from quotation to confirmation, optimise pricing and inventory, and support overall revenue performance through data-driven sales and market analysis.","Handle group and MICE enquiries from quotation through to booking confirmation.|Prepare competitive quotes, negotiate terms, and secure group business.|Manage room allocations, rooming lists, deposits, PMS updates, and Group Movement Orders (GMOs).|Support revenue optimisation through pricing strategies, yield management, and inventory control.|Monitor competitor pricing, demand trends, and market performance.|Track occupancy, sales pickup, and average rate performance against targets.|Support OTA/online sales performance across all properties.|Maintain strong relationships with travel agents, corporate clients, and trade partners.|Assist in implementing CRM, RMS, and other sales/revenue systems.|Support event launches, promotional activities, and client entertainment when required.|Ensure accurate reporting, documentation, and internal communication across departments.","Proven experience in hotel sales, ideally within Groups and MICE segments.|Strong understanding of revenue management principles.|Analytical mindset with ability to interpret market data and trends.|Experience with OTAs and channel management will be considered an asset.|Excellent communication and negotiation skills.|Proficient in Microsoft Office; familiarity with CRM/PMS systems is an advantage.|Strong organisational skills and ability to work under pressure.|Fluent in English (additional languages are an asset).",Opportunity to work within a dynamic hospitality sales environment.|Exposure to multiple hotel properties and revenue streams.|Career development opportunities in sales and revenue management.|Supportive team environment with ongoing training.,,,2026-06-09,2026-12-31,true
Head Chef - Maltese Cuisine,head-chef-maltese-cuisine,Hospitality,"St. Julian's, Malta",Full-Time,On-Site,https://outreach-recruitment-agency.careers-page.com/jobs/4fc9e1b0-513a-4393-97de-2df7e1491f99/apply,"Our client, a renowned restaurant located along the picturesque Spinola Bay in St Julian’s, is seeking a talented and passionate Head Chef to lead its kitchen team.

The restaurant celebrates authentic Maltese culinary heritage, bringing traditional recipes and locally inspired dishes to life in a contemporary dining environment. The successful candidate will play a key role in preserving and elevating Maltese cuisine while ensuring exceptional quality, creativity, and consistency across the menu.","Oversee the full kitchen operation, ensuring smooth and efficient service.|Develop and refine menus inspired by traditional Maltese and Mediterranean cuisine.|Manage kitchen staff, including training, supervision, and performance management.|Ensure consistent delivery of high-quality dishes in line with kitchen standards.|Monitor and control food costs, kitchen budgets, and resource usage.|Maintain strict adherence to HACCP standards and food safety regulations.|Ensure high levels of cleanliness, hygiene, and organisation within the kitchen.|Work closely with management to maintain and enhance the restaurant’s culinary reputation.","Proven experience in a professional kitchen, preferably in a leadership role.|Passion for high-quality Mediterranean and Maltese cuisine.|Strong background in traditional Maltese culinary practices.|Excellent teamwork, leadership, and communication skills.|Fluency in English and Maltese.|Currently residing in Malta, with a valid work permit for non-EU nationals.|Clean police conduct certificate.","Opportunities for career growth within a well-established restaurant group.|Discount support for evening transport.|Supportive, creative, and inspiring work environment.|Work in a modern kitchen equipped with advanced culinary technologies.|20% staff discount when dining at the company’s outlets.|Birthday gifts through the company rewards scheme.|Health insurance.|Sponsorship of courses and study leave.",,,2026-06-09,2026-12-31,true
Marketing Assistant,marketing-assistant,Marketing,"Gżira, Malta",Full-Time,On-Site,https://outreach-recruitment-agency.careers-page.com/jobs/31d7b308-4e0e-4744-8ccb-99c3d9ad9828/apply,"Our client, a leading company within the local automotive industry, is seeking a proactive and organised Marketing Assistant to support the Marketing department. The successful candidate will assist the Marketing Manager in promoting the company’s products and services while ensuring that marketing initiatives are executed in line with brand and franchise standards.",Assist in the planning and execution of marketing campaigns.|Manage and update the company’s social media platforms.|Support the creation of marketing content and collaborate with the design team to develop visual materials.|Assist with the organisation of promotional activities and events.|Provide administrative support to the Marketing department.|Assist with any additional tasks as directed by the Marketing Manager or General Manager.,"Knowledge of Microsoft Office applications.|Diploma in Marketing or a related field will be considered an asset.|Understanding of customer service principles and processes, including assessing customer needs and maintaining service quality.|Knowledge of sales and marketing principles, including marketing strategies, product promotion, and sales techniques.|Strong organisational and communication skills.|Ability to work both independently and as part of a team.",Health insurance.|Employee loyalty card.|Opportunity to grow within a dynamic marketing environment.,,,2026-06-09,2026-12-31,true
Sales Executive,sales-executive,Sales,"Gżira, Malta",Full-Time,On-Site,https://outreach-recruitment-agency.careers-page.com/jobs/57f253f2-fdd5-4495-b9dd-eaae87374bb6/apply,"Our client, a leading company within Malta’s automotive industry, is seeking a motivated and results-driven Sales Executive to join their team. The successful candidate will be responsible for prospecting new and existing customers, guiding them through the sales process from enquiry to delivery, and maintaining strong product knowledge to deliver an excellent customer experience.

The role involves working closely with the sales and marketing team while actively promoting the company’s brands and services.","Open and close the showroom and ensure the showroom and vehicles are maintained in excellent condition.|Build and maintain strong relationships with customers, responding to queries and assisting them throughout the sales process.|Promote and sell vehicles while increasing brand awareness.|Assess customer needs and assist them in selecting the most suitable vehicle.|Explain vehicle features and specifications and conduct test drives.|Handle all documentation related to vehicle sales and collect payments including cash, loan, or cheque deposits.|Coordinate the preparation of vehicles for delivery and ensure a professional handover to customers.|Manage customer complaints professionally and report issues to the Sales Manager when required.|Report any showroom maintenance or cleaning requirements to ensure franchise standards are maintained.|Stay updated on new vehicle models, technologies, and competitor products.|Assist with vehicle launches, promotional events, and marketing initiatives when required.|Attend company training sessions locally or abroad when necessary.|Follow all company policies, franchise standards, and health and safety regulations.|Perform any additional duties assigned by the Sales or Brand Manager.",Good understanding of leasing concepts and customer needs.|Excellent communication and interpersonal skills.|Proficiency in Microsoft Office applications.|Fluency in English and Maltese (spoken and written).|Flexible approach to work with a proactive and positive attitude.|Results-driven and able to work under pressure in a sales environment.|Experience in digital marketing and social media platforms will be considered an asset.|Previous experience in automotive or sales roles will be considered an advantage.,Health insurance.|Employee discount card.|Opportunity to work within a dynamic and professional automotive sales environment.,,,2026-06-09,2026-12-31,true
IT Support Executive,it-support-executive,IT & Technology,"Gżira, Malta",Full-Time,On-Site,https://outreach-recruitment-agency.careers-page.com/jobs/a4e4c67b-6173-468c-94c2-f7a59594c18e/apply,"Our client, a leading company within Malta’s automotive industry and importer of several well-known automotive brands, is seeking an IT Support Executive to join their team.

The selected candidate will assist in the daily administration of the company’s IT systems and provide technical support to internal users on IT-related matters. This role involves managing support tools, maintaining IT infrastructure, and ensuring the smooth operation of technology systems across the organisation.","Provide 1st and 2nd line technical support to internal staff through the IT service helpdesk, phone, email, and in-person support.|Manage and monitor the IT ticketing system, including tracking and resolving support requests.|Liaise with third-party vendors and service providers when necessary.|Handle the onboarding and offboarding of computer users, including account setup and equipment allocation.|Monitor, set up, configure, and maintain ICT equipment such as PCs, laptops, printers, and mobile devices.|Identify, research, and resolve technical issues efficiently.|Manage and troubleshoot Microsoft 365 applications including Outlook, Word, Excel, and related tools.|Assist in maintaining and improving the company’s IT infrastructure alongside the IT team.|Support the maintenance and troubleshooting of the network infrastructure.|Perform configuration and installation tasks on Windows clients and servers.|Assist in the planning, design, documentation, and implementation of software modules and applications.|Become familiar with internal systems such as the Dealer Management System (DMS) to support users effectively.|Support users with hardware and software brand-specific systems and portals.|Maintain the 3CX telephone system in collaboration with the IT team and external suppliers.|Update and create IT support documentation and operational procedures.|Perform delegated IT operational duties related to infrastructure, productivity tools, and business systems.|Attend training locally or abroad when required.|Carry out additional duties assigned by management when necessary.","Previous experience in software support, IT administration, or a similar role.|Strong troubleshooting and problem-solving skills.|Proactive, self-motivated, and able to work independently as well as part of a team.|Ability to manage multiple tasks and meet deadlines.|Strong communication skills in English and Maltese (both written and spoken).|Willingness to keep up to date with emerging technologies.|Valid driving licence.",Health insurance.|Employee loyalty card.|Opportunities for specialised training locally and abroad.|Dynamic and professional working environment.,,,2026-06-09,2026-12-31,true
Housekeeper,housekeeper,General,"St. Julian, Malta",Full-Time,On-Site,https://outreach-recruitment-agency.careers-page.com/jobs/63c68ced-996e-4730-a903-0889575d9e63/apply,"• 

    

        
• 

    
    
• 

    
    
• 

    
• 
    
• 

    
• 
   
    
    
• 

    
• 

    
• 
    
• 
    
      
• 
    

    
• 
    
      
• 
    

    

        
            
            
              window.dataLayer = window.dataLayer || [];
              function gtag(){dataLayer.push(arguments);}
              gtag('js', new Date());

              gtag('config', 'G-XZZNFPW0ML');
            
        

        
        

Housekeeper | Outreach Recruitment Agency

    :root {
        --default-primary-color: #442DFA;

        --default-secondary-color: #442DFA;

        --banner-opacity: 0.5;

        --paragraph-font: 'Roboto', sans-serif;

        --heading-font: 'Inter', sans-serif;

    }

    
    
        

            
                
            
        

        

            

                Company website
            

            

                
            

        

        
            
                
                
                
            
        
    

    
        

            

                
                    
                
            
            
        

        

            

                

                    
                

                

                    

No name
                    

-
                

                
                    

                
            

            
                
• 
                    
                        
                            

                        

                        My profile
                    
                
                
• 
                    
                        
                            

                        

                        My applications
                    
                
                
• 
                    
                        
                            

                        

                        My referrals
                    
                
            
        

        Company website

        

            
        
    
    
    &times;

    
        

            
                Current account
            
            

                

                    
                

                

                    

No name
                    

-
                
            
        
        
            
                

            
            Sign out
        
    

        

    

        

            

            
            

                

Housekeeper
            
            
            

                

                    
• 
                        
    

    
    

    

St. Julian's, Malta, Malta

                    

                    
• 
                        

    

Full-Time

                    
                    
• 
                        

    

On-Site

                    

                

                

                    

                        
                            Apply now
                        
                            
                                Refer
                            
                    
                    

    Share:
    
        
    
    
        
    
    
        
    
    
        
            
                

            
        
    
    
        
    
    
        
    

                
            
            

             

                
  
    
• 
      
        
  

      

  

          
•           Job Openings
  

      
•           Housekeeper  

            
            

                
  
    
• 
      
        
  

      

  

          
•           Housekeeper  

            
            

            
            

                

Job Description:
                

                     A professional housekeeper ensures clean, orderly, and hygienic environments (homes, hotels, offices) through daily tasks like dusting, mopping, vacuuming, and sanitizing surfaces.","Cleaning & Sanitizing: Thoroughly cleaning rooms, bathrooms, and common areas.|Laundry Services: Washing, ironing, and returning linens/clothing.|Maintenance: Organizing spaces and reporting any required repairs or safety hazards.|Inventory Management: Replenishing toiletries, cleaning supplies, and guest amenities.|Essential Skills & Attributes:|Technical Skills: Knowledge of cleaning chemicals, equipment (vacuum cleaners, floor polishers), and sanitation standards.|Soft Skills: Time management, attention to detail, flexibility, and strong communication.|Physical Stamina: Ability to lift, bend, and stand for extended periods.|Experience & Qualifications:|Previous experience in hospitality, residential, or commercial cleaning is often preferred.|Ability to work independently and adhere to safety regulations.|Apply now|Share:|Job Openings|Housekeeper|Housekeeper|utils.saveUTM();|const utm = utils.getUTM();","Previous experience in hospitality, residential, or commercial cleaning is often preferred.|Ability to work independently and adhere to safety regulations.|Apply now|Share:|Job Openings|Housekeeper|Housekeeper|utils.saveUTM();|const utm = utils.getUTM();",,,,2026-06-09,2026-12-31,true
Kitchen Porter,kitchen-porter,General,"Valletta, Malta",Full-Time,On-Site,https://outreach-recruitment-agency.careers-page.com/jobs/a1cd4d06-ee9d-4631-a1ad-e1c63f216f1c/apply,"• 

    

        
• 

    
    
• 

    
    
• 

    
• 
    
• 

    
• 
   
    
    
• 

    
• 

    
• 
    
• 
    
      
• 
    

    
• 
    
      
• 
    

    

        
            
            
              window.dataLayer = window.dataLayer || [];
              function gtag(){dataLayer.push(arguments);}
              gtag('js', new Date());

              gtag('config', 'G-XZZNFPW0ML');
            
        

        
        

Kitchen Porter | Outreach Recruitment Agency

    :root {
        --default-primary-color: #442DFA;

        --default-secondary-color: #442DFA;

        --banner-opacity: 0.5;

        --paragraph-font: 'Roboto', sans-serif;

        --heading-font: 'Inter', sans-serif;

    }

    
    
        

            
                
            
        

        

            

                Company website
            

            

                
            

        

        
            
                
                
                
            
        
    

    
        

            

                
                    
                
            
            
        

        

            

                

                    
                

                

                    

No name
                    

-
                

                
                    

                
            

            
                
• 
                    
                        
                            

                        

                        My profile
                    
                
                
• 
                    
                        
                            

                        

                        My applications
                    
                
                
• 
                    
                        
                            

                        

                        My referrals
                    
                
            
        

        Company website

        

            
        
    
    
    &times;

    
        

            
                Current account
            
            

                

                    
                

                

                    

No name
                    

-
                
            
        
        
            
                

            
            Sign out
        
    

        

    

        

            

            
            

                

Kitchen Porter
            
            
            

                

                    
• 
                        
    

    
    

    

Valletta, Malta, South Eastern Region, Malta

                    

                    
• 
                        

    

Full-Time

                    
                    
• 
                        

    

On-Site

                    

                

                

                    

                        
                            Apply now
                        
                            
                                Refer
                            
                    
                    

    Share:
    
        
    
    
        
    
    
        
    
    
        
            
                

            
        
    
    
        
    
    
        
    

                
            
            

             

                
  
    
• 
      
        
  

      

  

          
•           Job Openings
  

      
•           Kitchen Porter  

            
            

                
  
    
• 
      
        
  

      

  

          
•           Kitchen Porter  

            
            

            
            

                

Job Description:
                

                     

Our client, located at the heart of Malta, in Valletta, is looking for Kitchen Porters to join their team and support the smooth running of the kitchen.

Role Description

This is a full-time, on-site role for Kitchen Porters. The successful candidates will play a vital role in maintaining cleanliness, assisting chefs with basic tasks, and ensuring the kitchen runs efficiently and to the highest hygiene standards.","Maintain cleanliness and hygiene in all kitchen areas, including equipment and work surfaces.|Wash dishes, utensils, and kitchen equipment promptly and efficiently.|Assist chefs with basic food preparation when required.|Ensure proper storage and disposal of waste.|Support the kitchen team in keeping stock and supplies organized.|Follow food safety and hygiene regulations at all times.|Perform other duties as directed by the Head Chef or kitchen supervisors.",,,,,2026-06-09,2026-12-31,true
Commis,commis,General,"Valletta, Malta",Full-Time,On-Site,https://outreach-recruitment-agency.careers-page.com/jobs/1a2746f7-6666-4cbf-b4aa-3c9934e2aa6e/apply,"• 

    

        
• 

    
    
• 

    
    
• 

    
• 
    
• 

    
• 
   
    
    
• 

    
• 

    
• 
    
• 
    
      
• 
    

    
• 
    
      
• 
    

    

        
            
            
              window.dataLayer = window.dataLayer || [];
              function gtag(){dataLayer.push(arguments);}
              gtag('js', new Date());

              gtag('config', 'G-XZZNFPW0ML');
            
        

        
        

Commis | Outreach Recruitment Agency

    :root {
        --default-primary-color: #442DFA;

        --default-secondary-color: #442DFA;

        --banner-opacity: 0.5;

        --paragraph-font: 'Roboto', sans-serif;

        --heading-font: 'Inter', sans-serif;

    }

    
    
        

            
                
            
        

        

            

                Company website
            

            

                
            

        

        
            
                
                
                
            
        
    

    
        

            

                
                    
                
            
            
        

        

            

                

                    
                

                

                    

No name
                    

-
                

                
                    

                
            

            
                
• 
                    
                        
                            

                        

                        My profile
                    
                
                
• 
                    
                        
                            

                        

                        My applications
                    
                
                
• 
                    
                        
                            

                        

                        My referrals
                    
                
            
        

        Company website

        

            
        
    
    
    &times;

    
        

            
                Current account
            
            

                

                    
                

                

                    

No name
                    

-
                
            
        
        
            
                

            
            Sign out
        
    

        

    

        

            

            
            

                

Commis
            
            
            

                

                    
• 
                        
    

    
    

    

Valletta, South Eastern Region, Malta

                    

                    
• 
                        

    

Full-Time

                    
                    
• 
                        

    

On-Site

                    

                

                

                    

                        
                            Apply now
                        
                            
                                Refer
                            
                    
                    

    Share:
    
        
    
    
        
    
    
        
    
    
        
            
                

            
        
    
    
        
    
    
        
    

                
            
            

             

                
  
    
• 
      
        
  

      

  

          
•           Job Openings
  

      
•           Commis  

            
            

                
  
    
• 
      
        
  

      

  

          
•           Commis  

            
            

            
            

                

Job Description:
                

                     

Job Overview:

The Commis Chef is an entry-level position in the kitchen responsible for assisting with basic food preparation tasks and maintaining high standards of hygiene and organization. This role provides a foundation for developing culinary skills and gaining experience working in a professional kitchen under the guidance of more senior chefs.","Assist in the preparation and cooking of food under the supervision of senior chefs|Maintain cleanliness and organization of the kitchen and workstations|Measure, prepare, and organize ingredients as directed|Follow recipes and presentation standards|Ensure compliance with food safety and hygiene regulations|Support the kitchen team with daily tasks and cleaning duties|Store ingredients and food items properly|Assist with receiving and checking deliveries|Learn and develop culinary techniques and kitchen procedures","Basic knowledge of food preparation and kitchen hygiene|Willingness to learn and grow in a fast-paced kitchen environment|Ability to follow instructions and work well in a team|Flexibility to work shifts, including evenings, weekends, and holidays|High school diploma or equivalent; culinary training or certification is a plus|Previous experience in a kitchen (even as a trainee or intern) is beneficial but not required|Skills Pass Non-European Union candidates must hold a valid Skills Pass (﻿https://skillspass.org.mt/obtaining-the-skills-pass﻿)﻿|Apply now|Share:|Job Openings|Commis|Commis|utils.saveUTM();|const utm = utils.getUTM();",,,,2026-06-09,2026-12-31,true
Commis,commis,General,"Valletta, Malta",Full-Time,On-Site,https://outreach-recruitment-agency.careers-page.com/jobs/d5d94ccc-39bc-4687-a2a2-aeca2f33dfe3/apply,"• 

    

        
• 

    
    
• 

    
    
• 

    
• 
    
• 

    
• 
   
    
    
• 

    
• 

    
• 
    
• 
    
      
• 
    

    
• 
    
      
• 
    

    

        
            
            
              window.dataLayer = window.dataLayer || [];
              function gtag(){dataLayer.push(arguments);}
              gtag('js', new Date());

              gtag('config', 'G-XZZNFPW0ML');
            
        

        
        

Commis | Outreach Recruitment Agency

    :root {
        --default-primary-color: #442DFA;

        --default-secondary-color: #442DFA;

        --banner-opacity: 0.5;

        --paragraph-font: 'Roboto', sans-serif;

        --heading-font: 'Inter', sans-serif;

    }

    
    
        

            
                
            
        

        

            

                Company website
            

            

                
            

        

        
            
                
                
                
            
        
    

    
        

            

                
                    
                
            
            
        

        

            

                

                    
                

                

                    

No name
                    

-
                

                
                    

                
            

            
                
• 
                    
                        
                            

                        

                        My profile
                    
                
                
• 
                    
                        
                            

                        

                        My applications
                    
                
                
• 
                    
                        
                            

                        

                        My referrals
                    
                
            
        

        Company website

        

            
        
    
    
    &times;

    
        

            
                Current account
            
            

                

                    
                

                

                    

No name
                    

-
                
            
        
        
            
                

            
            Sign out
        
    

        

    

        

            

            
            

                

Commis
            
            
            

                

                    
• 
                        
    

    
    

    

Valletta, Malta

                    

                    
• 
                        

    

Full-Time

                    
                    
• 
                        

    

On-Site

                    

                

                

                    

                        
                            Apply now
                        
                            
                                Refer
                            
                    
                    

    Share:
    
        
    
    
        
    
    
        
    
    
        
            
                

            
        
    
    
        
    
    
        
    

                
            
            

             

                
  
    
• 
      
        
  

      

  

          
•           Job Openings
  

      
•           Commis  

            
            

                
  
    
• 
      
        
  

      

  

          
•           Commis  

            
            

            
            

                

Job Description:
                

                     

Job Overview:

The Commis Chef is an entry-level position in the kitchen responsible for assisting with basic food preparation tasks and maintaining high standards of hygiene and organization. This role provides a foundation for developing culinary skills and gaining experience working in a professional kitchen under the guidance of more senior chefs.","Assist in the preparation and cooking of food under the supervision of senior chefs|Maintain cleanliness and organization of the kitchen and workstations|Measure, prepare, and organize ingredients as directed|Follow recipes and presentation standards|Ensure compliance with food safety and hygiene regulations|Support the kitchen team with daily tasks and cleaning duties|Store ingredients and food items properly|Assist with receiving and checking deliveries|Learn and develop culinary techniques and kitchen procedures","Basic knowledge of food preparation and kitchen hygiene|Willingness to learn and grow in a fast-paced kitchen environment|Ability to follow instructions and work well in a team|Flexibility to work shifts, including evenings, weekends, and holidays|High school diploma or equivalent; culinary training or certification is a plus|Previous experience in a kitchen (even as a trainee or intern) is beneficial but not required|Skills Pass Non-European Union candidates must hold a valid Skills Pass (﻿https://skillspass.org.mt/obtaining-the-skills-pass﻿)﻿|Apply now|Share:|Job Openings|Commis|Commis|utils.saveUTM();|const utm = utils.getUTM();",,,,2026-06-09,2026-12-31,true
Chef de Partie,chef-de-partie,Hospitality,"Floriana, Malta",Full-Time,On-Site,https://outreach-recruitment-agency.careers-page.com/jobs/af015fcc-c615-4874-9836-892d7aca2dc3/apply,"• 

    

        
• 

    
    
• 

    
    
• 

    
• 
    
• 

    
• 
   
    
    
• 

    
• 

    
• 
    
• 
    
      
• 
    

    
• 
    
      
• 
    

    

        
            
            
              window.dataLayer = window.dataLayer || [];
              function gtag(){dataLayer.push(arguments);}
              gtag('js', new Date());

              gtag('config', 'G-XZZNFPW0ML');
            
        

        
        

Chef de Partie | Outreach Recruitment Agency

    :root {
        --default-primary-color: #442DFA;

        --default-secondary-color: #442DFA;

        --banner-opacity: 0.5;

        --paragraph-font: 'Roboto', sans-serif;

        --heading-font: 'Inter', sans-serif;

    }

    
    
        

            
                
            
        

        

            

                Company website
            

            

                
            

        

        
            
                
                
                
            
        
    

    
        

            

                
                    
                
            
            
        

        

            

                

                    
                

                

                    

No name
                    

-
                

                
                    

                
            

            
                
• 
                    
                        
                            

                        

                        My profile
                    
                
                
• 
                    
                        
                            

                        

                        My applications
                    
                
                
• 
                    
                        
                            

                        

                        My referrals
                    
                
            
        

        Company website

        

            
        
    
    
    &times;

    
        

            
                Current account
            
            

                

                    
                

                

                    

No name
                    

-
                
            
        
        
            
                

            
            Sign out
        
    

        

    

        

            

            
            

                

Chef de Partie
            
            
            

                

                    
• 
                        
    

    
    

    

Floriana, Malta, Malta

                    

                    
• 
                        

    

Full-Time

                    
                    
• 
                        

    

On-Site

                    

                

                

                    

                        
                            Apply now
                        
                            
                                Refer
                            
                    
                    

    Share:
    
        
    
    
        
    
    
        
    
    
        
            
                

            
        
    
    
        
    
    
        
    

                
            
            

             

                
  
    
• 
      
        
  

      

  

          
•           Job Openings
  

      
•           Chef de Partie  

            
            

                
  
    
• 
      
        
  

      

  

          
•           Chef de Partie  

            
            

            
            

                

Job Description:
                

                     

Our client, a prestigious five-star hotel located in Valletta, Malta, is seeking a passionate, dedicated, and creative Chef de Partie to join their established kitchen brigade. This is an excellent opportunity to work within a high-end hospitality environment committed to delivering exceptional dining experiences across its restaurants and food & beverage outlets.

Please note: applications are only open to candidates currently residing in Malta.","Prepare and present high-quality dishes within your designated section, ensuring they meet the hotel's standards and menu specifications.|Maintain consistency in taste, presentation, and portion control during all services.|Oversee the daily operations of your section and ensure it is fully prepared for service.|Assist with mise en place and ensure ingredients are properly prepared and organised.|Monitor stock levels within your section and ensure proper storage, labelling, and rotation of ingredients.|Maintain excellent hygiene and cleanliness in all kitchen areas in accordance with food safety regulations.|Adhere strictly to food safety and HACCP standards.|Support and guide Commis Chefs and junior kitchen staff when required.|Work collaboratively with the wider kitchen and front-of-house teams to ensure smooth service.","Relevant culinary qualification or professional culinary training.|Previous experience as a Chef de Partie or strong experience as a Demi Chef de Partie in a reputable hotel or restaurant environment.|Solid knowledge of food safety, hygiene, and HACCP standards.|Ability to work efficiently under pressure in a fast-paced kitchen environment.|Strong attention to detail and a passion for culinary excellence.|Team-oriented with good communication and organisational skills.|Flexible with working hours, including evenings, weekends, and public holidays.|Currently residing in Malta and eligible to work locally.",Competitive salary package based on experience.|Opportunity to work within a renowned luxury hospitality environment.|Professional growth and development opportunities.|A supportive and dynamic team culture.,,,2026-06-09,2026-12-31,true
Labourer Mechanic,labourer-mechanic,Engineering & Maintenance,"Sliema, Malta",Full-Time,On-Site,https://outreach-recruitment-agency.careers-page.com/jobs/2accfc63-91d7-4668-9413-dd139f61ddda/apply,"• 

    

        
• 

    
    
• 

    
    
• 

    
• 
    
• 

    
• 
   
    
    
• 

    
• 

    
• 
    
• 
    
      
• 
    

    
• 
    
      
• 
    

    

        
            
            
              window.dataLayer = window.dataLayer || [];
              function gtag(){dataLayer.push(arguments);}
              gtag('js', new Date());

              gtag('config', 'G-XZZNFPW0ML');
            
        

        
        

Labourer Mechanic | Outreach Recruitment Agency

    :root {
        --default-primary-color: #442DFA;

        --default-secondary-color: #442DFA;

        --banner-opacity: 0.5;

        --paragraph-font: 'Roboto', sans-serif;

        --heading-font: 'Inter', sans-serif;

    }

    
    
        

            
                
            
        

        

            

                Company website
            

            

                
            

        

        
            
                
                
                
            
        
    

    
        

            

                
                    
                
            
            
        

        

            

                

                    
                

                

                    

No name
                    

-
                

                
                    

                
            

            
                
• 
                    
                        
                            

                        

                        My profile
                    
                
                
• 
                    
                        
                            

                        

                        My applications
                    
                
                
• 
                    
                        
                            

                        

                        My referrals
                    
                
            
        

        Company website

        

            
        
    
    
    &times;

    
        

            
                Current account
            
            

                

                    
                

                

                    

No name
                    

-
                
            
        
        
            
                

            
            Sign out
        
    

        

    

        

            

            
            

                

Labourer Mechanic
            
            
            

                

                    
• 
                        
    

    
    

    

Sliema, Malta, Malta

                    

                    
• 
                        

    

Full-Time

                    
                    
• 
                        

    

On-Site

                    

                

                

                    

                        
                            Apply now
                        
                            
                                Refer
                            
                    
                    

    Share:
    
        
    
    
        
    
    
        
    
    
        
            
                

            
        
    
    
        
    
    
        
    

                
            
            

             

                
  
    
• 
      
        
  

      

  

          
•           Job Openings
  

      
•           Labourer Mechanic  

            
            

                
  
    
• 
      
        
  

      

  

          
•           Labourer Mechanic  

            
            

            
            

                

Job Description:
                

                     

Our client is currently seeking a Labourer Mechanic to join their technical team. The successful candidate will be responsible for performing mechanical labour work, particularly rust removal and surface preparation using specialised tools such as needle guns and chipping guns.

This role is ideal for a hands-on individual with experience in mechanical maintenance and surface preparation within industrial or marine environments.","Operate needle guns and chipping guns for the removal of rust, corrosion, and old paint from metal surfaces.|Prepare surfaces for repainting or further maintenance work.|Assist with general mechanical labour and maintenance tasks.|Ensure proper handling and safe operation of tools and equipment.|Maintain a clean and organised work environment.|Follow all health and safety procedures while carrying out tasks.|Support technicians and supervisors with additional mechanical duties when required.","Previous experience working as a labourer mechanic or in a similar mechanical role.|Experience using needle guns, chipping guns, or similar surface preparation tools.|Ability to perform manual and physically demanding work.|Good understanding of workplace safety procedures.|Ability to work both independently and as part of a team.|Basic communication skills in English.",Opportunity to work within a professional technical environment.|Stable full-time employment.|Supportive team and hands-on work experience.,,,2026-06-09,2026-12-31,true
Electrician Installer,electrician-installer,Engineering & Maintenance,"Mosta, Malta",Full-Time,On-Site,https://outreach-recruitment-agency.careers-page.com/jobs/bdecc464-274a-4102-9e47-3b997ed3073d/apply,"• 

    

        
• 

    
    
• 

    
    
• 

    
• 
    
• 

    
• 
   
    
    
• 

    
• 

    
• 
    
• 
    
      
• 
    

    
• 
    
      
• 
    

    

        
            
            
              window.dataLayer = window.dataLayer || [];
              function gtag(){dataLayer.push(arguments);}
              gtag('js', new Date());

              gtag('config', 'G-XZZNFPW0ML');
            
        

        
        

Electrician Installer | Outreach Recruitment Agency

    :root {
        --default-primary-color: #442DFA;

        --default-secondary-color: #442DFA;

        --banner-opacity: 0.5;

        --paragraph-font: 'Roboto', sans-serif;

        --heading-font: 'Inter', sans-serif;

    }

    
    
        

            
                
            
        

        

            

                Company website
            

            

                
            

        

        
            
                
                
                
            
        
    

    
        

            

                
                    
                
            
            
        

        

            

                

                    
                

                

                    

No name
                    

-
                

                
                    

                
            

            
                
• 
                    
                        
                            

                        

                        My profile
                    
                
                
• 
                    
                        
                            

                        

                        My applications
                    
                
                
• 
                    
                        
                            

                        

                        My referrals
                    
                
            
        

        Company website

        

            
        
    
    
    &times;

    
        

            
                Current account
            
            

                

                    
                

                

                    

No name
                    

-
                
            
        
        
            
                

            
            Sign out
        
    

        

    

        

            

            
            

                

Electrician Installer
            
            
            

                

                    
• 
                        
    

    
    

    

Mosta, Northern Region, Malta

                    

                    
• 
                        

    

Full-Time

                    
                    
• 
                        

    

On-Site

                    

                

                

                    

                        
                            Apply now
                        
                            
                                Refer
                            
                    
                    

    Share:
    
        
    
    
        
    
    
        
    
    
        
            
                

            
        
    
    
        
    
    
        
    

                
            
            

             

                
  
    
• 
      
        
  

      

  

          
•           Job Openings
  

      
•           Electrician Installer  

            
            

                
  
    
• 
      
        
  

      

  

          
•           Electrician Installer  

            
            

            
            

                

Job Description:
                

                     

Our client, a leader in Mechanical and Electrical installation and maintenance services, is expanding its operations and is currently seeking skilled Electrician Installers to join their dynamic and multicultural team.

With over 250 employees and a broad portfolio of diverse projects across commercial, industrial, and residential sectors, this is an excellent opportunity for motivated professionals to contribute to high-quality project execution in a collaborative environment.",,,,,,2026-06-09,2026-12-31,true
Plumbers,plumbers,Engineering & Maintenance,"Mosta, Malta",Full-Time,On-Site,https://outreach-recruitment-agency.careers-page.com/jobs/c3928a2c-3e0d-403a-87d8-b45f7a5d9247/apply,"• 

    

        
• 

    
    
• 

    
    
• 

    
• 
    
• 

    
• 
   
    
    
• 

    
• 

    
• 
    
• 
    
      
• 
    

    
• 
    
      
• 
    

    

        
            
            
              window.dataLayer = window.dataLayer || [];
              function gtag(){dataLayer.push(arguments);}
              gtag('js', new Date());

              gtag('config', 'G-XZZNFPW0ML');
            
        

        
        

Plumbers | Outreach Recruitment Agency

    :root {
        --default-primary-color: #442DFA;

        --default-secondary-color: #442DFA;

        --banner-opacity: 0.5;

        --paragraph-font: 'Roboto', sans-serif;

        --heading-font: 'Inter', sans-serif;

    }

    
    
        

            
                
            
        

        

            

                Company website
            

            

                
            

        

        
            
                
                
                
            
        
    

    
        

            

                
                    
                
            
            
        

        

            

                

                    
                

                

                    

No name
                    

-
                

                
                    

                
            

            
                
• 
                    
                        
                            

                        

                        My profile
                    
                
                
• 
                    
                        
                            

                        

                        My applications
                    
                
                
• 
                    
                        
                            

                        

                        My referrals
                    
                
            
        

        Company website

        

            
        
    
    
    &times;

    
        

            
                Current account
            
            

                

                    
                

                

                    

No name
                    

-
                
            
        
        
            
                

            
            Sign out
        
    

        

    

        

            

            
            

                

Plumbers
            
            
            

                

                    
• 
                        
    

    
    

    

Mosta, Northern Region, Malta

                    

                    
• 
                        

    

Full-Time

                    
                    
• 
                        

    

On-Site

                    

                

                

                    

                        
                            Apply now
                        
                            
                                Refer
                            
                    
                    

    Share:
    
        
    
    
        
    
    
        
    
    
        
            
                

            
        
    
    
        
    
    
        
    

                
            
            

             

                
  
    
• 
      
        
  

      

  

          
•           Job Openings
  

      
•           Plumbers  

            
            

                
  
    
• 
      
        
  

      

  

          
•           Plumbers  

            
            

            
            

                

Job Description:
                

                     

Our client, a leading provider of Mechanical and Electrical installation and maintenance services, is expanding and currently seeking experienced Plumbers to join their growing and multicultural team.

With over 250 employees and a diverse range of ongoing projects across commercial, industrial, and residential sectors, this is an excellent opportunity for skilled professionals looking to grow their careers in a dynamic environment.",,,,,,2026-06-09,2026-12-31,true
General Maintenance Technician,general-maintenance-technician,Engineering & Maintenance,Malta,Full-Time,On-Site,https://outreach-recruitment-agency.careers-page.com/jobs/d2722b44-a71c-4077-9058-f2982bf8ede9/apply,"• 

    

        
• 

    
    
• 

    
    
• 

    
• 
    
• 

    
• 
   
    
    
• 

    
• 

    
• 
    
• 
    
      
• 
    

    
• 
    
      
• 
    

    

        
            
            
              window.dataLayer = window.dataLayer || [];
              function gtag(){dataLayer.push(arguments);}
              gtag('js', new Date());

              gtag('config', 'G-XZZNFPW0ML');
            
        

        
        

General Maintenance Technician | Outreach Recruitment Agency

    :root {
        --default-primary-color: #442DFA;

        --default-secondary-color: #442DFA;

        --banner-opacity: 0.5;

        --paragraph-font: 'Roboto', sans-serif;

        --heading-font: 'Inter', sans-serif;

    }

    
    
        

            
                
            
        

        

            

                Company website
            

            

                
            

        

        
            
                
                
                
            
        
    

    
        

            

                
                    
                
            
            
        

        

            

                

                    
                

                

                    

No name
                    

-
                

                
                    

                
            

            
                
• 
                    
                        
                            

                        

                        My profile
                    
                
                
• 
                    
                        
                            

                        

                        My applications
                    
                
                
• 
                    
                        
                            

                        

                        My referrals
                    
                
            
        

        Company website

        

            
        
    
    
    &times;

    
        

            
                Current account
            
            

                

                    
                

                

                    

No name
                    

-
                
            
        
        
            
                

            
            Sign out
        
    

        

    

        

            

            
            

                

General Maintenance Technician
            
            
            

                

                    
• 
                        
    

    
    

    

St. Paul's Bay, Malta

                    

                    
• 
                        

    

Full-Time

                    
                    
• 
                        

    

On-Site

                    

                

                

                    

                        
                            Apply now
                        
                            
                                Refer
                            
                    
                    

    Share:
    
        
    
    
        
    
    
        
    
    
        
            
                

            
        
    
    
        
    
    
        
    

                
            
            

             

                
  
    
• 
      
        
  

      

  

          
•           Job Openings
  

      
•           General Maintenance Technician  

            
            

                
  
    
• 
      
        
  

      

  

          
•           General Maintenance Technician  

            
            

            
            

                

Job Description:
                

                     

We are looking for a reliable and skilled General Maintenance Technician to join our hospitality team in St Paul's Bay and help maintain the high standards of our property. The ideal candidate will be proactive in ensuring all hotel facilities, equipment, and infrastructure are functioning smoothly to provide a safe, comfortable, and welcoming environment for our guests and staff.",,,,,,2026-06-09,2026-12-31,true
Spa Therapist,spa-therapist,Healthcare,"Mellieħa, Malta",Full-Time,On-Site,https://outreach-recruitment-agency.careers-page.com/jobs/d1480ca0-1297-4757-8a47-8d9880a31c5a/apply,"• 

    

        
• 

    
    
• 

    
    
• 

    
• 
    
• 

    
• 
   
    
    
• 

    
• 

    
• 
    
• 
    
      
• 
    

    
• 
    
      
• 
    

    

        
            
            
              window.dataLayer = window.dataLayer || [];
              function gtag(){dataLayer.push(arguments);}
              gtag('js', new Date());

              gtag('config', 'G-XZZNFPW0ML');
            
        

        
        

Spa Therapist | Outreach Recruitment Agency

    :root {
        --default-primary-color: #442DFA;

        --default-secondary-color: #442DFA;

        --banner-opacity: 0.5;

        --paragraph-font: 'Roboto', sans-serif;

        --heading-font: 'Inter', sans-serif;

    }

    
    
        

            
                
            
        

        

            

                Company website
            

            

                
            

        

        
            
                
                
                
            
        
    

    
        

            

                
                    
                
            
            
        

        

            

                

                    
                

                

                    

No name
                    

-
                

                
                    

                
            

            
                
• 
                    
                        
                            

                        

                        My profile
                    
                
                
• 
                    
                        
                            

                        

                        My applications
                    
                
                
• 
                    
                        
                            

                        

                        My referrals
                    
                
            
        

        Company website

        

            
        
    
    
    &times;

    
        

            
                Current account
            
            

                

                    
                

                

                    

No name
                    

-
                
            
        
        
            
                

            
            Sign out
        
    

        

    

        

            

            
            

                

Spa Therapist
            
            
            

                

                    
• 
                        
    

    
    

    

Mellieħa, Malta, Malta

                    

                    
• 
                        

    

Full-Time

                    
                    
• 
                        

    

On-Site

                    

                

                

                    

                        
                            Apply now
                        
                            
                                Refer
                            
                    
                    

    Share:
    
        
    
    
        
    
    
        
    
    
        
            
                

            
        
    
    
        
    
    
        
    

                
            
            

             

                
  
    
• 
      
        
  

      

  

          
•           Job Openings
  

      
•           Spa Therapist  

            
            

                
  
    
• 
      
        
  

      

  

          
•           Spa Therapist  

            
            

            
            

                

Job Description:
                

                     

Our client, a well-established wellness and beauty centre in Malta, is seeking a skilled and passionate Spa Therapist to join its professional team. The successful candidate will provide a variety of spa and wellness treatments while ensuring a relaxing and high-quality experience for clients.","Perform a range of spa treatments including massages, facials, body treatments, and other wellness therapies.|Provide professional consultations to understand clients’ needs and recommend appropriate treatments.|Ensure all treatments are delivered according to company standards and hygiene protocols.|Maintain cleanliness and organisation of treatment rooms and spa facilities.|Promote spa services and products to clients where appropriate.|Ensure client comfort and satisfaction throughout the treatment experience.|Follow all health, safety, and sanitation regulations.|Work collaboratively with the spa team to deliver exceptional customer service.","Qualification in Beauty Therapy, Spa Therapy, or a related field.|Previous experience in a spa, wellness centre, or beauty clinic will be considered an asset.|Strong knowledge of massage techniques and spa treatments.|Excellent customer service and communication skills.|Professional appearance and positive attitude.|Ability to work flexible hours, including weekends if required.|Fluency in English; additional languages will be considered an advantage.",Opportunity to work in a professional wellness environment.|Supportive team and positive workplace culture.|Opportunities for training and professional development.,,,2026-06-09,2026-12-31,true
Barista,barista,General,"Mellieħa, Malta",Full-Time,On-Site,https://outreach-recruitment-agency.careers-page.com/jobs/a03b4256-313f-4c3b-a2ec-7da4942d569b/apply,"• 

    

        
• 

    
    
• 

    
    
• 

    
• 
    
• 

    
• 
   
    
    
• 

    
• 

    
• 
    
• 
    
      
• 
    

    
• 
    
      
• 
    

    

        
            
            
              window.dataLayer = window.dataLayer || [];
              function gtag(){dataLayer.push(arguments);}
              gtag('js', new Date());

              gtag('config', 'G-XZZNFPW0ML');
            
        

        
        

Barista | Outreach Recruitment Agency

    :root {
        --default-primary-color: #442DFA;

        --default-secondary-color: #442DFA;

        --banner-opacity: 0.5;

        --paragraph-font: 'Roboto', sans-serif;

        --heading-font: 'Inter', sans-serif;

    }

    
    
        

            
                
            
        

        

            

                Company website
            

            

                
            

        

        
            
                
                
                
            
        
    

    
        

            

                
                    
                
            
            
        

        

            

                

                    
                

                

                    

No name
                    

-
                

                
                    

                
            

            
                
• 
                    
                        
                            

                        

                        My profile
                    
                
                
• 
                    
                        
                            

                        

                        My applications
                    
                
                
• 
                    
                        
                            

                        

                        My referrals
                    
                
            
        

        Company website

        

            
        
    
    
    &times;

    
        

            
                Current account
            
            

                

                    
                

                

                    

No name
                    

-
                
            
        
        
            
                

            
            Sign out
        
    

        

    

        

            

            
            

                

Barista
            
            
            

                

                    
• 
                        
    

    
    

    

Mellieħa, Malta, Malta

                    

                    
• 
                        

    

Full-Time

                    
                    
• 
                        

    

On-Site

                    

                

                

                    

                        
                            Apply now
                        
                            
                                Refer
                            
                    
                    

    Share:
    
        
    
    
        
    
    
        
    
    
        
            
                

            
        
    
    
        
    
    
        
    

                
            
            

             

                
  
    
• 
      
        
  

      

  

          
•           Job Openings
  

      
•           Barista  

            
            

                
  
    
• 
      
        
  

      

  

          
•           Barista  

            
            

            
            

                

Job Description:
                

                     

Our client, a well-known visitor attraction in Mellieħa, Malta, is seeking an experienced Barista / Beverage Server to join its food and beverage team. The successful candidate will prepare high-quality coffee beverages while also serving basic alcoholic drinks to guests in a busy and vibrant hospitality environment.","Prepare and serve a variety of coffee beverages, including espresso-based drinks.|Prepare and serve basic alcoholic beverages such as Aperol Spritz, Gin & Tonic, and similar simple drinks.|Provide friendly and efficient customer service to visitors.|Handle orders, payments, and POS transactions accurately.|Maintain the cleanliness and organisation of the bar and coffee station.|Ensure all drinks are prepared and served according to hygiene and safety standards.|Support the food and beverage team during busy service periods.","Previous Barista experience is essential.|Good knowledge of coffee preparation and coffee machines.|Ability to prepare basic alcoholic drinks (no advanced cocktail experience required).|Strong customer service and communication skills.|Ability to work in a fast-paced hospitality environment.|Good command of English; additional languages will be considered an asset.|Positive attitude, reliability, and ability to work as part of a team.",Opportunity to work in a lively and unique hospitality environment.|Supportive team atmosphere.|Training and development opportunities.,,,2026-06-09,2026-12-31,true
Front Office Assistant,front-office-assistant,Administration,"Mellieħa, Malta",Full-Time,On-Site,https://outreach-recruitment-agency.careers-page.com/jobs/798a6a65-5a8c-4021-b78f-556885e2d483/apply,"• 

    

        
• 

    
    
• 

    
    
• 

    
• 
    
• 

    
• 
   
    
    
• 

    
• 

    
• 
    
• 
    
      
• 
    

    
• 
    
      
• 
    

    

        
            
            
              window.dataLayer = window.dataLayer || [];
              function gtag(){dataLayer.push(arguments);}
              gtag('js', new Date());

              gtag('config', 'G-XZZNFPW0ML');
            
        

        
        

Front Office Assistant | Outreach Recruitment Agency

    :root {
        --default-primary-color: #442DFA;

        --default-secondary-color: #442DFA;

        --banner-opacity: 0.5;

        --paragraph-font: 'Roboto', sans-serif;

        --heading-font: 'Inter', sans-serif;

    }

    
    
        

            
                
            
        

        

            

                Company website
            

            

                
            

        

        
            
                
                
                
            
        
    

    
        

            

                
                    
                
            
            
        

        

            

                

                    
                

                

                    

No name
                    

-
                

                
                    

                
            

            
                
• 
                    
                        
                            

                        

                        My profile
                    
                
                
• 
                    
                        
                            

                        

                        My applications
                    
                
                
• 
                    
                        
                            

                        

                        My referrals
                    
                
            
        

        Company website

        

            
        
    
    
    &times;

    
        

            
                Current account
            
            

                

                    
                

                

                    

No name
                    

-
                
            
        
        
            
                

            
            Sign out
        
    

        

    

        

            

            
            

                

Front Office Assistant
            
            
            

                

                    
• 
                        
    

    
    

    

Mellieħa, Malta, Malta

                    

                    
• 
                        

    

Full-Time

                    
                    
• 
                        

    

On-Site

                    

                

                

                    

                        
                            Apply now
                        
                            
                                Refer
                            
                    
                    

    Share:
    
        
    
    
        
    
    
        
    
    
        
            
                

            
        
    
    
        
    
    
        
    

                
            
            

             

                
  
    
• 
      
        
  

      

  

          
•           Job Openings
  

      
•           Front Office Assistant  

            
            

                
  
    
• 
      
        
  

      

  

          
•           Front Office Assistant  

            
            

            
            

                

Job Description:
                

                     

We are looking for a reliable, polite, and presentable Front Office Assistant / Reservations Agent to join a busy visitor attraction team. This role involves working at the front desk (similar to a receptionist or ticket booth) and supporting guest reservations.","Greet and welcome guests in a professional and courteous manner|Handle front office tasks such as ticketing, check-ins, and guest enquiries|Manage reservations via phone, email, and online platforms|Assist with payments and issuing tickets|Maintain accurate booking records and update calendars|Provide information to visitors about services and the attraction|Coordinate with other departments as required","✔ Fluent English (spoken & written) – essential|✔ Additional European languages (Italian, French, Spanish, etc.) – an asset|✔ Professional appearance and presentable demeanor|✔ Friendly, helpful, and customer-oriented personality|✔ Reliable, punctual, and responsible|✔ Basic computer skills (MS Office, reservation systems, etc.)|💡 Previous front office, ticketing, or hospitality experience is a plus but not essential. On-the-job training can be provided.",Fun and dynamic working environment|Opportunity to work with international visitors|Full-time or seasonal contract|Training and development opportunities|Apply now|Share:|Job Openings|Front Office Assistant|Front Office Assistant|utils.saveUTM();|const utm = utils.getUTM();,,,2026-06-09,2026-12-31,true
Head Chef,head-chef,Hospitality,"St. Julian, Malta",Full-Time,On-Site,https://outreach-recruitment-agency.careers-page.com/jobs/f4be7032-161f-4c8f-8c62-db73efb09bcf/apply,"• 

    

        
• 

    
    
• 

    
    
• 

    
• 
    
• 

    
• 
   
    
    
• 

    
• 

    
• 
    
• 
    
      
• 
    

    
• 
    
      
• 
    

    

        
            
            
              window.dataLayer = window.dataLayer || [];
              function gtag(){dataLayer.push(arguments);}
              gtag('js', new Date());

              gtag('config', 'G-XZZNFPW0ML');
            
        

        
        

Head Chef | Outreach Recruitment Agency

    :root {
        --default-primary-color: #442DFA;

        --default-secondary-color: #442DFA;

        --banner-opacity: 0.5;

        --paragraph-font: 'Roboto', sans-serif;

        --heading-font: 'Inter', sans-serif;

    }

    
    
        

            
                
            
        

        

            

                Company website
            

            

                
            

        

        
            
                
                
                
            
        
    

    
        

            

                
                    
                
            
            
        

        

            

                

                    
                

                

                    

No name
                    

-
                

                
                    

                
            

            
                
• 
                    
                        
                            

                        

                        My profile
                    
                
                
• 
                    
                        
                            

                        

                        My applications
                    
                
                
• 
                    
                        
                            

                        

                        My referrals
                    
                
            
        

        Company website

        

            
        
    
    
    &times;

    
        

            
                Current account
            
            

                

                    
                

                

                    

No name
                    

-
                
            
        
        
            
                

            
            Sign out
        
    

        

    

        

            

            
            

                

Head Chef
            
            
            

                

                    
• 
                        
    

    
    

    

St. Julian's, Malta, Malta

                    

                    
• 
                        

    

Full-Time

                    
                    
• 
                        

    

On-Site

                    

                

                

                    

                        
                            Apply now
                        
                            
                                Refer
                            
                    
                    

    Share:
    
        
    
    
        
    
    
        
    
    
        
            
                

            
        
    
    
        
    
    
        
    

                
            
            

             

                
  
    
• 
      
        
  

      

  

          
•           Job Openings
  

      
•           Head Chef  

            
            

                
  
    
• 
      
        
  

      

  

          
•           Head Chef  

            
            

            
            

                

Job Description:
                

                     

We are recruiting on behalf of our client, a leading hospitality group in Malta, seeking a talented and experienced Head Chef to lead a premium gastro pub concept in St Julian’s.

This is a standout opportunity for a chef specialising in elevated English gastro pub cuisine, with a strong focus on refined comfort food, seasonal ingredients, and exceptional Sunday roast service.

🎯 The Role

As Head Chef, you will take full ownership of the kitchen, driving both the creative and operational direction of a high-volume, quality-led gastro pub.

From crafting modern British classics to delivering outstanding Sunday roasts, you will lead a high-performing brigade and ensure consistency, quality, and innovation across every service.

📋","Lead all kitchen operations, ensuring smooth and efficient service at all times|Design and execute seasonal menus focused on elevated British gastro pub cuisine|Deliver exceptional Sunday roast offerings with attention to detail and consistency|Maintain high standards of food quality, presentation, and portion control|Manage food cost, stock levels, and supplier relationships|Train, mentor, and develop the kitchen team to maintain high performance|Ensure full compliance with food safety, hygiene, and HACCP standards|Collaborate with senior management on concept development and menu evolution|💡 What We Are Looking For|Proven experience as Head Chef or Senior Sous Chef in a premium gastro pub or restaurant|Strong expertise in modern British / English cuisine and traditional techniques|Demonstrated experience delivering high-quality Sunday roast service|Experience working in Europe or currently based in Malta|Strong leadership skills with a hands-on and structured approach|Solid understanding of food costing, kitchen management, and operations|Ability to perform consistently in a high-volume, fast-paced environment|🎁 What Is On Offer|Leadership role within a high-profile hospitality project|Full creative input on menu development and concept execution|Opportunity to build and lead your own kitchen team|Competitive salary package and long-term career growth|🔥 Ready to Redefine Modern Gastro Pub Dining?",,Leadership role within a high-profile hospitality project|Full creative input on menu development and concept execution|Opportunity to build and lead your own kitchen team|Competitive salary package and long-term career growth|🔥 Ready to Redefine Modern Gastro Pub Dining?,,,2026-06-09,2026-12-31,true
Kitchen Assistant - Chinese Cuisine,kitchen-assistant-chinese-cuisine,Administration,Malta,Full-Time,On-Site,https://outreach-recruitment-agency.careers-page.com/jobs/f58fc67b-3ccb-4e18-b9e0-0bb8ee01300e/apply,"• 

    

        
• 

    
    
• 

    
    
• 

    
• 
    
• 

    
• 
   
    
    
• 

    
• 

    
• 
    
• 
    
      
• 
    

    
• 
    
      
• 
    

    

        
            
            
              window.dataLayer = window.dataLayer || [];
              function gtag(){dataLayer.push(arguments);}
              gtag('js', new Date());

              gtag('config', 'G-XZZNFPW0ML');
            
        

        
        

Kitchen Assistant - Chinese Cuisine | Outreach Recruitment Agency

    :root {
        --default-primary-color: #442DFA;

        --default-secondary-color: #442DFA;

        --banner-opacity: 0.5;

        --paragraph-font: 'Roboto', sans-serif;

        --heading-font: 'Inter', sans-serif;

    }

    
    
        

            
                
            
        

        

            

                Company website
            

            

                
            

        

        
            
                
                
                
            
        
    

    
        

            

                
                    
                
            
            
        

        

            

                

                    
                

                

                    

No name
                    

-
                

                
                    

                
            

            
                
• 
                    
                        
                            

                        

                        My profile
                    
                
                
• 
                    
                        
                            

                        

                        My applications
                    
                
                
• 
                    
                        
                            

                        

                        My referrals
                    
                
            
        

        Company website

        

            
        
    
    
    &times;

    
        

            
                Current account
            
            

                

                    
                

                

                    

No name
                    

-
                
            
        
        
            
                

            
            Sign out
        
    

        

    

        

            

            
            

                

Kitchen Assistant - Chinese Cuisine
            
            
            

                

                    
• 
                        
    

    
    

    

St. Paul's Bay, Malta, Malta

                    

                    
• 
                        

    

Full-Time

                    
                    
• 
                        

    

On-Site

                    

                

                

                    

                        
                            Apply now
                        
                            
                                Refer
                            
                    
                    

    Share:
    
        
    
    
        
    
    
        
    
    
        
            
                

            
        
    
    
        
    
    
        
    

                
            
            

             

                
  
    
• 
      
        
  

      

  

          
•           Job Openings
  

      
•           Kitchen Assistant - Chinese Cuisine  

            
            

                
  
    
• 
      
        
  

      

  

          
•           Kitchen Assistant - Chinese Cuisine  

            
            

            
            

                

Job Description:
                

                     

Our client, a well-established Chinese restaurant located in St Paul’s Bay, Malta, is seeking a reliable and hardworking Kitchen Assistant – Chinese Cuisine to support its kitchen operations.

The successful candidate will assist the chefs in food preparation, maintain cleanliness and organisation in the kitchen, and contribute to the smooth running of daily service in a fast-paced environment.","Assist chefs with basic food preparation tasks, including washing, cutting, and preparing ingredients.|Support the preparation of Chinese dishes following kitchen instructions.|Maintain cleanliness and organisation of kitchen workstations and equipment.|Wash utensils, dishes, and kitchen equipment as required.|Ensure proper storage and handling of food items in line with hygiene standards.|Assist with stock rotation and basic inventory tasks.|Follow all food safety and hygiene procedures (HACCP).|Support the kitchen team during busy service periods.",Previous experience in a kitchen environment will be considered an asset.|Basic understanding of food hygiene and safety practices.|Willingness to learn and work in a fast-paced kitchen environment.|Ability to follow instructions and work as part of a team.|Good level of reliability and attention to detail.|Basic communication skills in English.,Opportunity to work within a professional kitchen specialising in Chinese cuisine.|Supportive and team-oriented work environment.|Training and development opportunities.,,,2026-06-09,2026-12-31,true
Head Chef - Chinese Cuisine,head-chef-chinese-cuisine,Hospitality,Malta,Full-Time,On-Site,https://outreach-recruitment-agency.careers-page.com/jobs/128cf118-298f-4487-acf0-23ad51bbcfc4/apply,"• 

    

        
• 

    
    
• 

    
    
• 

    
• 
    
• 

    
• 
   
    
    
• 

    
• 

    
• 
    
• 
    
      
• 
    

    
• 
    
      
• 
    

    

        
            
            
              window.dataLayer = window.dataLayer || [];
              function gtag(){dataLayer.push(arguments);}
              gtag('js', new Date());

              gtag('config', 'G-XZZNFPW0ML');
            
        

        
        

Head Chef - Chinese Cuisine | Outreach Recruitment Agency

    :root {
        --default-primary-color: #442DFA;

        --default-secondary-color: #442DFA;

        --banner-opacity: 0.5;

        --paragraph-font: 'Roboto', sans-serif;

        --heading-font: 'Inter', sans-serif;

    }

    
    
        

            
                
            
        

        

            

                Company website
            

            

                
            

        

        
            
                
                
                
            
        
    

    
        

            

                
                    
                
            
            
        

        

            

                

                    
                

                

                    

No name
                    

-
                

                
                    

                
            

            
                
• 
                    
                        
                            

                        

                        My profile
                    
                
                
• 
                    
                        
                            

                        

                        My applications
                    
                
                
• 
                    
                        
                            

                        

                        My referrals
                    
                
            
        

        Company website

        

            
        
    
    
    &times;

    
        

            
                Current account
            
            

                

                    
                

                

                    

No name
                    

-
                
            
        
        
            
                

            
            Sign out
        
    

        

    

        

            

            
            

                

Head Chef - Chinese Cuisine
            
            
            

                

                    
• 
                        
    

    
    

    

St. Paul's Bay, Malta, Malta

                    

                    
• 
                        

    

Full-Time

                    
                    
• 
                        

    

On-Site

                    

                

                

                    

                        
                            Apply now
                        
                            
                                Refer
                            
                    
                    

    Share:
    
        
    
    
        
    
    
        
    
    
        
            
                

            
        
    
    
        
    
    
        
    

                
            
            

             

                
  
    
• 
      
        
  

      

  

          
•           Job Openings
  

      
•           Head Chef - Chinese Cuisine  

            
            

                
  
    
• 
      
        
  

      

  

          
•           Head Chef - Chinese Cuisine  

            
            

            
            

                

Job Description:
                

                     

Our client, a well-established and highly regarded Chinese restaurant located in St Paul’s Bay, Malta, is seeking an experienced and passionate Head Chef – Chinese Cuisine to lead its kitchen operations.

The restaurant is known for offering authentic Chinese and Cantonese cuisine using high-quality ingredients in a refined yet welcoming setting. 

The successful candidate will be responsible for overseeing all kitchen activities, ensuring exceptional food quality, consistency, and innovation while leading and developing the culinary team.","Lead and manage all kitchen operations, ensuring high standards of food quality and presentation.|Design, develop, and update menus in line with authentic Chinese cuisine and market trends.|Supervise, train, and motivate the kitchen brigade.|Ensure consistency in taste, portioning, and plating across all dishes.|Manage kitchen inventory, stock control, and supplier relationships.|Ensure compliance with food safety, hygiene, and HACCP standards.|Control food costs and minimise waste while maintaining quality.|Oversee kitchen scheduling and workflow to ensure smooth service.|Collaborate with management to enhance the overall dining experience.",Proven experience as a Head Chef or Senior Sous Chef specialising in Chinese cuisine.|Strong knowledge of Chinese and Cantonese cooking techniques and ingredients.|Leadership experience managing a kitchen team in a high-volume restaurant.|Excellent organisational and time-management skills.|Ability to work under pressure and maintain high standards during service.|Strong understanding of food safety and hygiene regulations.|Passion for culinary excellence and innovation.|Good communication skills in English (additional languages are an asset).,Competitive salary package.|Opportunity to lead the kitchen of a well-established and reputable restaurant.|Dynamic and professional working environment.|Opportunity to bring creativity and innovation to the menu.,,,2026-06-09,2026-12-31,true
Showroom Sales Executive,showroom-sales-executive,Sales,Malta,Full-Time,On-Site,https://outreach-recruitment-agency.careers-page.com/jobs/43fc85cb-cc4e-4487-bb62-7636a45f9671/apply,"• 

    

        
• 

    
    
• 

    
    
• 

    
• 
    
• 

    
• 
   
    
    
• 

    
• 

    
• 
    
• 
    
      
• 
    

    
• 
    
      
• 
    

    

        
            
            
              window.dataLayer = window.dataLayer || [];
              function gtag(){dataLayer.push(arguments);}
              gtag('js', new Date());

              gtag('config', 'G-XZZNFPW0ML');
            
        

        
        

Showroom Sales Executive | Outreach Recruitment Agency

    :root {
        --default-primary-color: #442DFA;

        --default-secondary-color: #442DFA;

        --banner-opacity: 0.5;

        --paragraph-font: 'Roboto', sans-serif;

        --heading-font: 'Inter', sans-serif;

    }

    
    
        

            
                
            
        

        

            

                Company website
            

            

                
            

        

        
            
                
                
                
            
        
    

    
        

            

                
                    
                
            
            
        

        

            

                

                    
                

                

                    

No name
                    

-
                

                
                    

                
            

            
                
• 
                    
                        
                            

                        

                        My profile
                    
                
                
• 
                    
                        
                            

                        

                        My applications
                    
                
                
• 
                    
                        
                            

                        

                        My referrals
                    
                
            
        

        Company website

        

            
        
    
    
    &times;

    
        

            
                Current account
            
            

                

                    
                

                

                    

No name
                    

-
                
            
        
        
            
                

            
            Sign out
        
    

        

    

        

            

            
            

                

Showroom Sales Executive
            
            
            

                

                    
• 
                        
    

    
    

    

Marsa, Malta, Malta

                    

                    
• 
                        

    

Full-Time

                    
                    
• 
                        

    

On-Site

                    

                

                

                    

                        
                            Apply now
                        
                            
                                Refer
                            
                    
                    

    Share:
    
        
    
    
        
    
    
        
    
    
        
            
                

            
        
    
    
        
    
    
        
    

                
            
            

             

                
  
    
• 
      
        
  

      

  

          
•           Job Openings
  

      
•           Showroom Sales Executive  

            
            

                
  
    
• 
      
        
  

      

  

          
•           Showroom Sales Executive  

            
            

            
            

                

Job Description:
                

                     

Our client is seeking an enthusiastic and customer‑focused Showroom Sales Executive to join the distribution and showroom team. The successful candidate will represent luxury marine and premium water sports brands, engage with walk‑in and prospective clients, and support showroom operations to drive sales growth and deliver exceptional customer experiences.","Welcome and engage walk‑in clients in a professional and friendly manner.|Build and maintain strong customer relationships to generate repeat business and referrals.|Present and promote premium products and services in the showroom, including boats, water sports equipment, and accessories.|Maintain showroom displays and ensure product presentation meets brand standards.|Support stock control and inventory management for accessories and products.|Collaborate with the digital marketing and sales teams to support promotional activities and events.|Identify and pursue sales opportunities through networking and outreach activities.|Track customer interactions and sales activity accurately in CRM or reporting tools.|Keep up‑to‑date with product knowledge, industry trends, and competitor offerings.","Strong communication and interpersonal skills.|Passion for sales and delivering outstanding customer service.|Results‑driven mindset with a proven or demonstrable ability to build rapport and close sales.|Excellent organisational and time‑management skills.|Ability to work both independently and as part of a team.|Previous retail or showroom sales experience is an advantage.|Interest in the marine, boating, or luxury lifestyle sector is a plus.|Fluency in Maltese and English (both written and spoken).",Competitive remuneration package.|Exposure to premium and internationally recognised brands.|Dynamic and collaborative work environment.|Opportunities for professional development and growth.,,,2026-06-09,2026-12-31,true
Bartender,bartender,Hospitality,"St. Julian, Malta",Full-Time,On-Site,https://outreach-recruitment-agency.careers-page.com/jobs/a0d22bb5-9134-4bb8-98f2-2d16ae7d053a/apply,"• 

    

        
• 

    
    
• 

    
    
• 

    
• 
    
• 

    
• 
   
    
    
• 

    
• 

    
• 
    
• 
    
      
• 
    

    
• 
    
      
• 
    

    

        
            
            
              window.dataLayer = window.dataLayer || [];
              function gtag(){dataLayer.push(arguments);}
              gtag('js', new Date());

              gtag('config', 'G-XZZNFPW0ML');
            
        

        
        

Bartender | Outreach Recruitment Agency

    :root {
        --default-primary-color: #442DFA;

        --default-secondary-color: #442DFA;

        --banner-opacity: 0.5;

        --paragraph-font: 'Roboto', sans-serif;

        --heading-font: 'Inter', sans-serif;

    }

    
    
        

            
                
            
        

        

            

                Company website
            

            

                
            

        

        
            
                
                
                
            
        
    

    
        

            

                
                    
                
            
            
        

        

            

                

                    
                

                

                    

No name
                    

-
                

                
                    

                
            

            
                
• 
                    
                        
                            

                        

                        My profile
                    
                
                
• 
                    
                        
                            

                        

                        My applications
                    
                
                
• 
                    
                        
                            

                        

                        My referrals
                    
                
            
        

        Company website

        

            
        
    
    
    &times;

    
        

            
                Current account
            
            

                

                    
                

                

                    

No name
                    

-
                
            
        
        
            
                

            
            Sign out
        
    

        

    

        

            

            
            

                

Bartender
            
            
            

                

                    
• 
                        
    

    
    

    

St. Julian's, Malta, Malta

                    

                    
• 
                        

    

Full-Time

                    
                    
• 
                        

    

On-Site

                    

                

                

                    

                        
                            Apply now
                        
                            
                                Refer
                            
                    
                    

    Share:
    
        
    
    
        
    
    
        
    
    
        
            
                

            
        
    
    
        
    
    
        
    

                
            
            

             

                
  
    
• 
      
        
  

      

  

          
•           Job Openings
  

      
•           Bartender  

            
            

                
  
    
• 
      
        
  

      

  

          
•           Bartender  

            
            

            
            

                

Job Description:
                

                     

A bartender prepares and serves alcoholic and non-alcoholic beverages, engages with customers, manages inventory, and maintains a clean, safe bar area.",,,,,,2026-06-09,2026-12-31,true
Housekeeping supervisor,housekeeping-supervisor,General,"St. Julian, Malta",Full-Time,On-Site,https://outreach-recruitment-agency.careers-page.com/jobs/a9eb25e9-7b67-4154-b50e-8b54e38fd1f6/apply,"• 

    

        
• 

    
    
• 

    
    
• 

    
• 
    
• 

    
• 
   
    
    
• 

    
• 

    
• 
    
• 
    
      
• 
    

    
• 
    
      
• 
    

    

        
            
            
              window.dataLayer = window.dataLayer || [];
              function gtag(){dataLayer.push(arguments);}
              gtag('js', new Date());

              gtag('config', 'G-XZZNFPW0ML');
            
        

        
        

Housekeeping supervisor | Outreach Recruitment Agency

    :root {
        --default-primary-color: #442DFA;

        --default-secondary-color: #442DFA;

        --banner-opacity: 0.5;

        --paragraph-font: 'Roboto', sans-serif;

        --heading-font: 'Inter', sans-serif;

    }

    
    
        

            
                
            
        

        

            

                Company website
            

            

                
            

        

        
            
                
                
                
            
        
    

    
        

            

                
                    
                
            
            
        

        

            

                

                    
                

                

                    

No name
                    

-
                

                
                    

                
            

            
                
• 
                    
                        
                            

                        

                        My profile
                    
                
                
• 
                    
                        
                            

                        

                        My applications
                    
                
                
• 
                    
                        
                            

                        

                        My referrals
                    
                
            
        

        Company website

        

            
        
    
    
    &times;

    
        

            
                Current account
            
            

                

                    
                

                

                    

No name
                    

-
                
            
        
        
            
                

            
            Sign out
        
    

        

    

        

            

            
            

                

Housekeeping supervisor
            
            
            

                

                    
• 
                        
    

    
    

    

St. Julian's, Malta, Malta

                    

                    
• 
                        

    

Full-Time

                    
                    
• 
                        

    

On-Site

                    

                

                

                    

                        
                            Apply now
                        
                            
                                Refer
                            
                    
                    

    Share:
    
        
    
    
        
    
    
        
    
    
        
            
                

            
        
    
    
        
    
    
        
    

                
            
            

             

                
  
    
• 
      
        
  

      

  

          
•           Job Openings
  

      
•           Housekeeping supervisor  

            
            

                
  
    
• 
      
        
  

      

  

          
•           Housekeeping supervisor  

            
            

            
            

                

Job Description:
                

                     

Our client ir focused on building a team of dedicated professionals who share a passion for delivering outstanding guest experiences. We are currently seeking enthusiastic and experienced Housekeeping Supervisor to join their team and help maintain the impeccable cleanliness and customer satisfaction their guests expect.

Job Description:

As a Housekeeping Supervisor, you will oversee the daily operations of the housekeeping department to ensure all guest rooms, public areas, and back-of-house spaces are clean and well-maintained. Your role will involve managing a team of housekeeping staff, ensuring they adhere to our high standards, and providing a welcoming and spotless environment for our guests.🛎️","Supervise and coordinate the activities of housekeeping staff.|Conduct daily inspections to ensure cleanliness and hygiene standards are met.|Train, motivate, and support the housekeeping team.|Manage housekeeping inventory and supplies.|Address guest requests and complaints efficiently.|Work closely with other departments to ensure seamless service delivery.|Maintain records and prepare housekeeping reports.|Qualifications:|Proven experience as a Housekeeping Supervisor in a hotel or similar setting.|Strong leadership and team management skills.|Excellent attention to detail and organizational abilities.|Good communication and interpersonal skills.|Familiarity with housekeeping management software.|Knowledge of health and safety regulations.",Proven experience as a Housekeeping Supervisor in a hotel or similar setting.|Strong leadership and team management skills.|Excellent attention to detail and organizational abilities.|Good communication and interpersonal skills.|Familiarity with housekeeping management software.|Knowledge of health and safety regulations.,,,,2026-06-09,2026-12-31,true
Counter assistant,counter-assistant,Administration,"Valetta, Malta",Full-Time,On-Site,https://outreach-recruitment-agency.careers-page.com/jobs/7d98976a-f3e9-44e1-bf8c-9ab241c3263f/apply,"The Counter Assistant assembles products and serves customers while maintaining fast, friendly, and brand-consistent service.","Assemble schiacciate according to approved recipes|Serve customers in a professional and courteous manner|Maintain the cleanliness and organisation of the counter area|Prevent cross-contamination during food handling|Restock ingredients and notify management of shortages|Support queue flow and efficient service during peak hours|Maintain hygiene standards in all service areas|Clean kitchen equipment, utensils, preparation areas, and storage spaces|Ensure proper maintenance and hygiene of kitchen tools and equipment|Dispose of waste appropriately and maintain general kitchen cleanliness|Report equipment faults or maintenance issues promptly","Basic knowledge of food preparation and kitchen hygiene|Willingness to learn and grow in a fast-paced kitchen environment|Ability to follow instructions and work well in a team|Flexibility to work shifts, including evenings, weekends, and holidays|High school diploma or equivalent; culinary training or certification is a plus|Previous experience in a kitchen (even as a trainee or intern) is beneficial but not required|Must have pre-departure course done (﻿https://skillspass.org.mt/obtaining-the-skills-pass﻿)﻿",,,,2026-06-09,2026-12-31,true
Kitchen Assistant,kitchen-assistant,Administration,"Naxxar, Malta",Full-Time,On-Site,https://outreach-recruitment-agency.careers-page.com/jobs/0649fcde-432a-4455-a63a-7d23af1799c3/apply,"Role Purpose

Kitchen Staff are responsible for food preparation, schiacciata production, and maintaining

the highest standards of food safety, hygiene, and product quality.","Prepare creams, vegetables, meats, and ingredients according to approved recipes|Bake schiacciata according to franchise specifications|Maintain kitchen cleanliness, organisation, and sanitation at all times|Follow HACCP and food safety procedures strictly|Prevent cross-contamination during food preparation|Record batch numbers and ensure ingredient traceability|Prepare ingredients in advance of service periods|Clean kitchen equipment, utensils, preparation areas, and storage spaces|Ensure proper maintenance and hygiene of kitchen tools and equipment|Dispose of waste appropriately and maintain general kitchen cleanliness|Report equipment faults or maintenance issues promptly","Basic knowledge of food preparation and kitchen hygiene|Willingness to learn and grow in a fast-paced kitchen environment|Ability to follow instructions and work well in a team|Flexibility to work shifts, including evenings, weekends, and holidays|High school diploma or equivalent; culinary training or certification is a plus|Previous experience in a kitchen (even as a trainee or intern) is beneficial but not required|Must have pre-departure course done (﻿https://skillspass.org.mt/obtaining-the-skills-pass﻿)﻿",,,,2026-06-09,2026-12-31,true
Heavy machine operator,heavy-machine-operator,General,"Żejtun, Malta",Full-Time,On-Site,https://outreach-recruitment-agency.careers-page.com/jobs/e4d306a4-66b3-456b-8723-48e66d1ef3dc/apply,"• 

    

        
• 

    
    
• 

    
    
• 

    
• 
    
• 

    
• 
   
    
    
• 

    
• 

    
• 
    
• 
    
      
• 
    

    
• 
    
      
• 
    

    

        
            
            
              window.dataLayer = window.dataLayer || [];
              function gtag(){dataLayer.push(arguments);}
              gtag('js', new Date());

              gtag('config', 'G-XZZNFPW0ML');
            
        

        
        

Heavy machine operator | Outreach Recruitment Agency

    :root {
        --default-primary-color: #442DFA;

        --default-secondary-color: #442DFA;

        --banner-opacity: 0.5;

        --paragraph-font: 'Roboto', sans-serif;

        --heading-font: 'Inter', sans-serif;

    }

    
    
        

            
                
            
        

        

            

                Company website
            

            

                
            

        

        
            
                
                
                
            
        
    

    
        

            

                
                    
                
            
            
        

        

            

                

                    
                

                

                    

No name
                    

-
                

                
                    

                
            

            
                
• 
                    
                        
                            

                        

                        My profile
                    
                
                
• 
                    
                        
                            

                        

                        My applications
                    
                
                
• 
                    
                        
                            

                        

                        My referrals
                    
                
            
        

        Company website

        

            
        
    
    
    &times;

    
        

            
                Current account
            
            

                

                    
                

                

                    

No name
                    

-
                
            
        
        
            
                

            
            Sign out
        
    

        

    

        

            

            
            

                

Heavy machine operator
            
            
            

                

                    
• 
                        
    

    
    

    

Żejtun, Malta, Malta

                    

                    
• 
                        

    

Full-Time

                    
                    
• 
                        

    

On-Site

                    

                

                

                    

                        
                            Apply now
                        
                            
                                Refer
                            
                    
                    

    Share:
    
        
    
    
        
    
    
        
    
    
        
            
                

            
        
    
    
        
    
    
        
    

                
            
            

             

                
  
    
• 
      
        
  

      

  

          
•           Job Openings
  

      
•           Heavy machine operator  

            
            

                
  
    
• 
      
        
  

      

  

          
•           Heavy machine operator  

            
            

            
            

                

Job Description:
                

                     

As a Heavy Machine Operator, you will be responsible for operating various types of heavy machinery on construction sites. You will work closely with the construction team to ensure projects are completed efficiently and safely.","Operate heavy machinery including excavators, bulldozers, and loaders|Follow safety guidelines and procedures at all times|Perform routine maintenance on equipment|Communicate with team members to ensure projects are completed on schedule|Read and interpret construction plans and blueprints|Adhere to company policies and procedures|Maintain a clean and organized work area|Report any equipment malfunctions or safety hazards to supervisors|Complete daily logs and reports as required",﻿-Must have pre-departure course certificate ﻿https://skillspass.org.mt/﻿|High school diploma or equivalent|Minimum of 2 years of experience operating heavy machinery|Valid heavy equipment operator license|Strong understanding of safety procedures and regulations|Ability to read and interpret construction plans and blueprints|Excellent communication and teamwork skills|Physically fit and able to work in various weather conditions|Attention to detail and ability to work with precision|Willingness to work flexible hours and overtime as needed|Apply now|Share:|Job Openings|Heavy machine operator|Heavy machine operator|utils.saveUTM();|const utm = utils.getUTM();,,,,2026-06-09,2026-12-31,true
Building Services Maintenance Helper,building-services-maintenance-helper,Engineering & Maintenance,"Paola, Malta",Full-Time,On-Site,https://outreach-recruitment-agency.careers-page.com/jobs/6ed9c120-2d24-4858-b017-fdffd08025c5/apply,"• 

    

        
• 

    
    
• 

    
    
• 

    
• 
    
• 

    
• 
   
    
    
• 

    
• 

    
• 
    
• 
    
      
• 
    

    
• 
    
      
• 
    

    

        
            
            
              window.dataLayer = window.dataLayer || [];
              function gtag(){dataLayer.push(arguments);}
              gtag('js', new Date());

              gtag('config', 'G-XZZNFPW0ML');
            
        

        
        

Building Services Maintenance Helper | Outreach Recruitment Agency

    :root {
        --default-primary-color: #442DFA;

        --default-secondary-color: #442DFA;

        --banner-opacity: 0.5;

        --paragraph-font: 'Roboto', sans-serif;

        --heading-font: 'Inter', sans-serif;

    }

    
    
        

            
                
            
        

        

            

                Company website
            

            

                
            

        

        
            
                
                
                
            
        
    

    
        

            

                
                    
                
            
            
        

        

            

                

                    
                

                

                    

No name
                    

-
                

                
                    

                
            

            
                
• 
                    
                        
                            

                        

                        My profile
                    
                
                
• 
                    
                        
                            

                        

                        My applications
                    
                
                
• 
                    
                        
                            

                        

                        My referrals
                    
                
            
        

        Company website

        

            
        
    
    
    &times;

    
        

            
                Current account
            
            

                

                    
                

                

                    

No name
                    

-
                
            
        
        
            
                

            
            Sign out
        
    

        

    

        

            

            
            

                

Building Services Maintenance Helper
            
            
            

                

                    
• 
                        
    

    
    

    

Paola, Malta, Malta

                    

                    
• 
                        

    

Full-Time

                    
                    
• 
                        

    

On-Site

                    

                

                

                    

                        
                            Apply now
                        
                            
                                Refer
                            
                    
                    

    Share:
    
        
    
    
        
    
    
        
    
    
        
            
                

            
        
    
    
        
    
    
        
    

                
            
            

             

                
  
    
• 
      
        
  

      

  

          
•           Job Openings
  

      
•           Building Services Maintenance Helper  

            
            

                
  
    
• 
      
        
  

      

  

          
•           Building Services Maintenance Helper  

            
            

            
            

                

Job Description:
                

                     

Our client, a well-established Maltese winery known for producing high-quality wines, is seeking a Building Services Maintenance Helper to support the Facilities team in maintaining buildings, production areas, and guest-facing spaces. The role contributes to the overall safety, efficiency, and appearance of the estate by assisting with routine maintenance, equipment support, and seasonal operational needs.",Estate & Facility Maintenance,Education & Experience,,,,2026-06-09,2026-12-31,true
Client Accountant,client-accountant,Finance & Accounting,"Msida, Malta",Full-Time,On-Site,https://outreach-recruitment-agency.careers-page.com/jobs/7dac46c7-8c5c-4fa0-afca-ca5051aacf01/apply,"• 

    

        
• 

    
    
• 

    
    
• 

    
• 
    
• 

    
• 
   
    
    
• 

    
• 

    
• 
    
• 
    
      
• 
    

    
• 
    
      
• 
    

    

        
            
            
              window.dataLayer = window.dataLayer || [];
              function gtag(){dataLayer.push(arguments);}
              gtag('js', new Date());

              gtag('config', 'G-XZZNFPW0ML');
            
        

        
        

Client Accountant | Outreach Recruitment Agency

    :root {
        --default-primary-color: #442DFA;

        --default-secondary-color: #442DFA;

        --banner-opacity: 0.5;

        --paragraph-font: 'Roboto', sans-serif;

        --heading-font: 'Inter', sans-serif;

    }

    
    
        

            
                
            
        

        

            

                Company website
            

            

                
            

        

        
            
                
                
                
            
        
    

    
        

            

                
                    
                
            
            
        

        

            

                

                    
                

                

                    

No name
                    

-
                

                
                    

                
            

            
                
• 
                    
                        
                            

                        

                        My profile
                    
                
                
• 
                    
                        
                            

                        

                        My applications
                    
                
                
• 
                    
                        
                            

                        

                        My referrals
                    
                
            
        

        Company website

        

            
        
    
    
    &times;

    
        

            
                Current account
            
            

                

                    
                

                

                    

No name
                    

-
                
            
        
        
            
                

            
            Sign out
        
    

        

    

        

            

            
            

                

Client Accountant
            
            
            

                

                    
• 
                        
    

    
    

    

Msida, Malta, Malta

                    

                    
• 
                        

    

Full-Time

                    
                    
• 
                        

    

On-Site

                    

                

                

                    

                        
                            Apply now
                        
                            
                                Refer
                            
                    
                    

    Share:
    
        
    
    
        
    
    
        
    
    
        
            
                

            
        
    
    
        
    
    
        
    

                
            
            

             

                
  
    
• 
      
        
  

      

  

          
•           Job Openings
  

      
•           Client Accountant  

            
            

                
  
    
• 
      
        
  

      

  

          
•           Client Accountant  

            
            

            
            

                

Job Description:
                

                     

Our client, a professional services firm providing accounting, advisory, tax, and audit services to local and international clients, is seeking a motivated Client Accountant to join its growing Accountancy team. The successful candidate will work as part of a team of professionals responsible for preparing financial statements and supporting the delivery of accounting and compliance services to a diverse client portfolio.",,,,,,2026-06-09,2026-12-31,true
Housekeeping Attendant,housekeeping-attendant,General,"St. Julian, Malta",Full-Time,On-Site,https://outreach-recruitment-agency.careers-page.com/jobs/f5044115-fea4-428c-810a-a319617566de/apply,"• 

    

        
• 

    
    
• 

    
    
• 

    
• 
    
• 

    
• 
   
    
    
• 

    
• 

    
• 
    
• 
    
      
• 
    

    
• 
    
      
• 
    

    

        
            
            
              window.dataLayer = window.dataLayer || [];
              function gtag(){dataLayer.push(arguments);}
              gtag('js', new Date());

              gtag('config', 'G-XZZNFPW0ML');
            
        

        
        

Housekeeping Attendant | Outreach Recruitment Agency

    :root {
        --default-primary-color: #442DFA;

        --default-secondary-color: #442DFA;

        --banner-opacity: 0.5;

        --paragraph-font: 'Roboto', sans-serif;

        --heading-font: 'Inter', sans-serif;

    }

    
    
        

            
                
            
        

        

            

                Company website
            

            

                
            

        

        
            
                
                
                
            
        
    

    
        

            

                
                    
                
            
            
        

        

            

                

                    
                

                

                    

No name
                    

-
                

                
                    

                
            

            
                
• 
                    
                        
                            

                        

                        My profile
                    
                
                
• 
                    
                        
                            

                        

                        My applications
                    
                
                
• 
                    
                        
                            

                        

                        My referrals
                    
                
            
        

        Company website

        

            
        
    
    
    &times;

    
        

            
                Current account
            
            

                

                    
                

                

                    

No name
                    

-
                
            
        
        
            
                

            
            Sign out
        
    

        

    

        

            

            
            

                

Housekeeping Attendant
            
            
            

                

                    
• 
                        
    

    
    

    

St. Julian's, Malta

                    

                    
• 
                        

    

Full-Time

                    
                    
• 
                        

    

On-Site

                    

                

                

                    

                        
                            Apply now
                        
                            
                                Refer
                            
                    
                    

    Share:
    
        
    
    
        
    
    
        
    
    
        
            
                

            
        
    
    
        
    
    
        
    

                
            
            

             

                
  
    
• 
      
        
  

      

  

          
•           Job Openings
  

      
•           Housekeeping Attendant  

            
            

                
  
    
• 
      
        
  

      

  

          
•           Housekeeping Attendant  

            
            

            
            

                

Job Description:
                

                     

As a Housekeeping Attendant, you will play a crucial role in maintaining the cleanliness and overall hygiene standards of our hotels. Your attention to detail, positive attitude, and commitment to creating a comfortable and inviting atmosphere for our guests are essential for the success of our hospitality operations.","1. Perform daily cleaning tasks, including but not limited to making beds, dusting, vacuuming, and mopping floors.|2. Ensure that guest rooms and public areas are maintained to the highest standards of cleanliness and presentation.|3. Report any maintenance issues or damages to the appropriate department for prompt resolution.|4. Collaborate with other team members to achieve efficient and effective housekeeping operations.|5. Respond promptly to guest requests and inquiries with a courteous and helpful demeanour.|6. Adhere to health and safety guidelines to maintain a safe and secure environment for both guests and staff. 7. Restock and replenish amenities, linens, and supplies in guest rooms.|8. Participate in training programs to continuously enhance skills and stay updated on company policies and procedures.","1. Proven experience of a minimum of 2 years in a 5-star hotel|2. High school diploma or equivalent.|3. Strong attention to detail and a commitment to delivering high-quality service.|4. Excellent organizational and time-management skills.|5. Ability to work independently as well as part of a team.|6. Good communication skills, both verbal and written.|7. Flexibility to work different shifts, including weekends and holidays.|8. Physical ability to perform the required tasks, including lifting and carrying cleaning supplies and equipment.|9. Skills Pass Non-European Union candidates must hold a valid Skills Pass (﻿https://skillspass.org.mt/obtaining-the-skills-pass﻿).|Apply now|Share:|Job Openings|Housekeeping Attendant|Housekeeping Attendant|utils.saveUTM();|const utm = utils.getUTM();",,,,2026-06-09,2026-12-31,true
Handyman,handyman,General,Malta,Full-Time,On-Site,https://outreach-recruitment-agency.careers-page.com/jobs/d4322400-ee57-40b7-b3e3-922242ab2365/apply,"• 

    

        
• 

    
    
• 

    
    
• 

    
• 
    
• 

    
• 
   
    
    
• 

    
• 

    
• 
    
• 
    
      
• 
    

    
• 
    
      
• 
    

    

        
            
            
              window.dataLayer = window.dataLayer || [];
              function gtag(){dataLayer.push(arguments);}
              gtag('js', new Date());

              gtag('config', 'G-XZZNFPW0ML');
            
        

        
        

Handyman | Outreach Recruitment Agency

    :root {
        --default-primary-color: #442DFA;

        --default-secondary-color: #442DFA;

        --banner-opacity: 0.5;

        --paragraph-font: 'Roboto', sans-serif;

        --heading-font: 'Inter', sans-serif;

    }

    
    
        

            
                
            
        

        

            

                Company website
            

            

                
            

        

        
            
                
                
                
            
        
    

    
        

            

                
                    
                
            
            
        

        

            

                

                    
                

                

                    

No name
                    

-
                

                
                    

                
            

            
                
• 
                    
                        
                            

                        

                        My profile
                    
                
                
• 
                    
                        
                            

                        

                        My applications
                    
                
                
• 
                    
                        
                            

                        

                        My referrals
                    
                
            
        

        Company website

        

            
        
    
    
    &times;

    
        

            
                Current account
            
            

                

                    
                

                

                    

No name
                    

-
                
            
        
        
            
                

            
            Sign out
        
    

        

    

        

            

            
            

                

Handyman
            
            
            

                

                    
• 
                        
    

    
    

    

Lija, Malta, Malta

                    

                    
• 
                        

    

Full-Time

                    
                    
• 
                        

    

On-Site

                    

                

                

                    

                        
                            Apply now
                        
                            
                                Refer
                            
                    
                    

    Share:
    
        
    
    
        
    
    
        
    
    
        
            
                

            
        
    
    
        
    
    
        
    

                
            
            

             

                
  
    
• 
      
        
  

      

  

          
•           Job Openings
  

      
•           Handyman  

            
            

                
  
    
• 
      
        
  

      

  

          
•           Handyman  

            
            

            
            

                

Job Description:
                

                     

Our client is seeking a reliable and skilled Handyman / Maintenance Technician to join their team on a full-time basis. The selected candidate will be responsible for carrying out general maintenance tasks across the company’s facilities, ensuring that the premises remain safe, functional, and well maintained.

The role requires practical experience in general maintenance works, including basic plumbing, electrical tasks, and painting. Preference will be given to candidates who are committed to building a long-term career within the organisation.

Our client operates within the aviation services sector, providing consultancy, training, compliance, and operational support to aviation operators and industry stakeholders.",,,,,,2026-06-09,2026-12-31,true
Middle Officer - (Asset Management),middle-officer-asset-management,Administration,"Valletta, Malta",Full-Time,On-Site,https://outreach-recruitment-agency.careers-page.com/jobs/9d596e44-74c6-4cb0-8473-72eb5ac1e919/apply,"• 

    

        
• 

    
    
• 

    
    
• 

    
• 
    
• 

    
• 
   
    
    
• 

    
• 

    
• 
    
• 
    
      
• 
    

    
• 
    
      
• 
    

    

        
            
            
              window.dataLayer = window.dataLayer || [];
              function gtag(){dataLayer.push(arguments);}
              gtag('js', new Date());

              gtag('config', 'G-XZZNFPW0ML');
            
        

        
        

Middle Officer - (Asset Management) | Outreach Recruitment Agency

    :root {
        --default-primary-color: #442DFA;

        --default-secondary-color: #442DFA;

        --banner-opacity: 0.5;

        --paragraph-font: 'Roboto', sans-serif;

        --heading-font: 'Inter', sans-serif;

    }

    
    
        

            
                
            
        

        

            

                Company website
            

            

                
            

        

        
            
                
                
                
            
        
    

    
        

            

                
                    
                
            
            
        

        

            

                

                    
                

                

                    

No name
                    

-
                

                
                    

                
            

            
                
• 
                    
                        
                            

                        

                        My profile
                    
                
                
• 
                    
                        
                            

                        

                        My applications
                    
                
                
• 
                    
                        
                            

                        

                        My referrals
                    
                
            
        

        Company website

        

            
        
    
    
    &times;

    
        

            
                Current account
            
            

                

                    
                

                

                    

No name
                    

-
                
            
        
        
            
                

            
            Sign out
        
    

        

    

        

            

            
            

                

Middle Officer - (Asset Management)
            
            
            

                

                    
• 
                        
    

    
    

    

Valletta, Malta, Malta

                    

                    
• 
                        

    

Full-Time

                    
                    
• 
                        

    

On-Site

                    

                

                

                    

                        
                            Apply now
                        
                            
                                Refer
                            
                    
                    

    Share:
    
        
    
    
        
    
    
        
    
    
        
            
                

            
        
    
    
        
    
    
        
    

                
            
            

             

                
  
    
• 
      
        
  

      

  

          
•           Job Openings
  

      
•           Middle Officer - (Asset Management)  

            
            

                
  
    
• 
      
        
  

      

  

          
•           Middle Officer - (Asset Management)  

            
            

            
            

                

Job Description:
                

                     

Our client, a well-established investment and wealth management firm in Malta, is seeking a motivated and detail-oriented Middle Officer – Asset Management to join its investment team. Reporting directly to the Chief Investment Officer, the successful candidate will support daily operational and investment activities while contributing to risk monitoring, internal processes, and the overall efficiency of the investment function.",,,,,,2026-06-09,2026-12-31,true
Front Office Supervisor,front-office-supervisor,Administration,"St. Julian's, Malta",Full-Time,On-Site,https://outreach-recruitment-agency.careers-page.com/jobs/237d741c-32a6-40b4-98ef-385b8cdddd3f/apply,"Our client, part of a contemporary and guest-focused hotel group in St Julians, is seeking an enthusiastic and service-oriented Front Office Supervisor to oversee daily front desk operations. The successful candidate will ensure exceptional guest experiences while supporting the Front Office team in a dynamic boutique hotel environment.",,,,,,2026-06-09,2026-12-31,true
Bartender & Front Office Agent,bartender-front-office-agent,Hospitality,"St. Julian's, Malta",Full-Time,On-Site,https://outreach-recruitment-agency.careers-page.com/jobs/0087aee5-d219-41fb-b488-e30bd841e17e/apply,"New 4★ Hotel Opening Soon – Bar Opportunity

We are currently seeking versatile professionals for the following position:

• Bartender with Front Office experience","Prepare and serve alcoholic and non-alcoholic beverages, including coffee and specialty drinks|Create cocktails with consistency and high presentation standards|Maintain cleanliness and organization of the bar area|Manage stock levels and bar inventory|Handle cash transactions and operate POS systems|Upsell beverages and promote offers|Deliver excellent customer service|Handle cash transactions and POS systems|﻿﻿Perform check-in and check-out procedures|Manage reservations and update guest information|Handle guest inquiries, complaints, and requests|Provide information about hotel services|Ensure a seamless guest experience","Skills pass is a must: Bartender or Front office|Strong mixology and beverage preparation skills|Barista experience (coffee preparation essential)|Knowledge of bar inventory management|Customer-oriented with a professional attitude|Experience in cash handling and POS systems|Front office experience (check-in/out, reservations, guest relations)|Professional, organized, and efficient approach|Strong communication and customer service skills",,,,2026-06-09,2026-12-31,true
Senior Sales &amp; Marketing Executive - Airline Industry,senior-sales-amp-marketing-executive-airline-industry,Sales,"Mosta, Malta",Full-Time,On-Site,https://outreach-recruitment-agency.careers-page.com/jobs/1cc4a97a-44fc-4dd5-9689-f32213d5b27c/apply,"• 

    

        
• 

    
    
• 

    
    
• 

    
• 
    
• 

    
• 
   
    
    
• 

    
• 

    
• 
    
• 
    
      
• 
    

    
• 
    
      
• 
    

    

        
            
            
              window.dataLayer = window.dataLayer || [];
              function gtag(){dataLayer.push(arguments);}
              gtag('js', new Date());

              gtag('config', 'G-XZZNFPW0ML');
            
        

        
        

Senior Sales & Marketing Executive - Airline Industry | Outreach Recruitment Agency

    :root {
        --default-primary-color: #442DFA;

        --default-secondary-color: #442DFA;

        --banner-opacity: 0.5;

        --paragraph-font: 'Roboto', sans-serif;

        --heading-font: 'Inter', sans-serif;

    }

    
    
        

            
                
            
        

        

            

                Company website
            

            

                
            

        

        
            
                
                
                
            
        
    

    
        

            

                
                    
                
            
            
        

        

            

                

                    
                

                

                    

No name
                    

-
                

                
                    

                
            

            
                
• 
                    
                        
                            

                        

                        My profile
                    
                
                
• 
                    
                        
                            

                        

                        My applications
                    
                
                
• 
                    
                        
                            

                        

                        My referrals
                    
                
            
        

        Company website

        

            
        
    
    
    &times;

    
        

            
                Current account
            
            

                

                    
                

                

                    

No name
                    

-
                
            
        
        
            
                

            
            Sign out
        
    

        

    

        

            

            
            

                

Senior Sales & Marketing Executive - Airline Industry
            
            
            

                

                    
• 
                        
    

    
    

    

Mosta, Malta, Malta

                    

                    
• 
                        

    

Full-Time

                    
                    
• 
                        

    

On-Site

                    

                

                

                    

                        
                            Apply now
                        
                            
                                Refer
                            
                    
                    

    Share:
    
        
    
    
        
    
    
        
    
    
        
            
                

            
        
    
    
        
    
    
        
    

                
            
            

             

                
  
    
• 
      
        
  

      

  

          
•           Job Openings
  

      
•           Senior Sales & Marketing Executive - Airline Industry  

            
            

                
  
    
• 
      
        
  

      

  

          
•           Senior Sales & Marketing Executive - Airline Industry  

            
            

            
            

                

Job Description:
                

                     

Outreach Recruitment Agency is currently seeking to recruit a Senior Airline Sales and Marketing Executive on behalf of our client, a well-established company operating within the aviation sector and specialising in General Sales Agency services together with Airport Sales and Ticketing Office Management.

Our client represents airline partners across multiple international markets, ensuring strong sales performance and brand presence at various global points of sale. This opportunity is ideal for a dynamic aviation professional who thrives in a fast-paced international environment and is willing to travel frequently for business purposes.

If you are passionate about aviation, results-driven, and enjoy building strong commercial relationships worldwide, we encourage you to apply.

Why Apply

• Join a dynamic and innovative organisation with a strong industry presence

• Be part of a supportive and experienced professional team

• Work in an environment that values employee growth and career development

• Opportunity to travel internationally and represent global airline partners","Proactively promote and sell airline routes, fares, and services via telephone, email, and other communication channels|Develop and implement sales and marketing plans in collaboration with internal departments|Negotiate, manage, and review incentive agreements with corporate and leisure clients|Maintain strong commercial relationships with travel agencies, tour operators, and tourism partners|Identify, evaluate, and capitalise on new business opportunities within assigned markets|Monitor sales performance trends and recommend revenue maximisation strategies|Manage group bookings and quotations, actively soliciting group and series business|Assist agencies with booking enquiries, ticketing matters, product issues, and customer service queries|Request and manage ticketing plates for new agents|Prepare and circulate commercial advisories and sales notices|Submit ad hoc performance and sales reports as agreed with airline partners|Maintain accurate and up-to-date records in CRM and internal systems|Adapt sales presentations to suit different country markets|Represent the company at industry functions, trade events, and conferences|Maintain a high level of product, route, and destination knowledge","Previous experience within the aviation industry, preferably within an airline or travel agency in a sales-related role|Proficiency in Amadeus or other airline reservation systems is essential|Willingness to travel frequently for business|Excellent command of written and spoken English. Additional languages will be considered an asset|Target-driven and results-oriented mindset|Strong communication, negotiation, and interpersonal skills|Ability to work independently, use initiative, and remain highly organised|Good working knowledge of Microsoft Word, Excel, PowerPoint, and Outlook",,,,2026-06-09,2026-12-31,true
Head Chef - Greek Cuisine,head-chef-greek-cuisine,Hospitality,"St. Julian, Malta",Full-Time,On-Site,https://outreach-recruitment-agency.careers-page.com/jobs/52cc6efd-999d-4558-89f8-096a9c82c1a4/apply,"• 

    

        
• 

    
    
• 

    
    
• 

    
• 
    
• 

    
• 
   
    
    
• 

    
• 

    
• 
    
• 
    
      
• 
    

    
• 
    
      
• 
    

    

        
            
            
              window.dataLayer = window.dataLayer || [];
              function gtag(){dataLayer.push(arguments);}
              gtag('js', new Date());

              gtag('config', 'G-XZZNFPW0ML');
            
        

        
        

Head Chef - Greek Cuisine | Outreach Recruitment Agency

    :root {
        --default-primary-color: #442DFA;

        --default-secondary-color: #442DFA;

        --banner-opacity: 0.5;

        --paragraph-font: 'Roboto', sans-serif;

        --heading-font: 'Inter', sans-serif;

    }

    
    
        

            
                
            
        

        

            

                Company website
            

            

                
            

        

        
            
                
                
                
            
        
    

    
        

            

                
                    
                
            
            
        

        

            

                

                    
                

                

                    

No name
                    

-
                

                
                    

                
            

            
                
• 
                    
                        
                            

                        

                        My profile
                    
                
                
• 
                    
                        
                            

                        

                        My applications
                    
                
                
• 
                    
                        
                            

                        

                        My referrals
                    
                
            
        

        Company website

        

            
        
    
    
    &times;

    
        

            
                Current account
            
            

                

                    
                

                

                    

No name
                    

-
                
            
        
        
            
                

            
            Sign out
        
    

        

    

        

            

            
            

                

Head Chef - Greek Cuisine
            
            
            

                

                    
• 
                        
    

    
    

    

St. Julian's, Malta, Malta

                    

                    
• 
                        

    

Full-Time

                    
                    
• 
                        

    

On-Site

                    

                

                

                    

                        
                            Apply now
                        
                            
                                Refer
                            
                    
                    

    Share:
    
        
    
    
        
    
    
        
    
    
        
            
                

            
        
    
    
        
    
    
        
    

                
            
            

             

                
  
    
• 
      
        
  

      

  

          
•           Job Openings
  

      
•           Head Chef - Greek Cuisine  

            
            

                
  
    
• 
      
        
  

      

  

          
•           Head Chef - Greek Cuisine  

            
            

            
            

                

Job Description:
                

                     

We are recruiting on behalf of our client, a leading lifestyle hotel located in St Julian’s, currently seeking a talented and driven Head Chef – Greek Cuisine to lead a dedicated culinary concept.

This is a key leadership position responsible for delivering authentic, high-quality Greek dishes while maintaining exceptional operational standards.

🎯 The Role

You will take full ownership of the Greek cuisine outlet, leading the kitchen team and ensuring performance, consistency, and creativity remain at the forefront.

This role requires a confident, hands on leader who sets clear standards and drives excellence in every service.

📋","Lead and manage all kitchen operations for the Greek cuisine outlet|Ensure food quality, authenticity, and presentation meet defined standards|Drive kitchen performance through structured leadership and direction|Oversee food cost control, stock management, and supplier coordination|Maintain strict hygiene, health, and safety compliance|Train, develop, and motivate the kitchen brigade|💡 What We Are Looking For|Proven experience as a Head Chef or Senior Sous Chef within a high volume restaurant or hotel|Strong expertise in Greek cuisine and traditional cooking techniques|Hands on leadership style with strong accountability and quality focus|Solid understanding of food costing, kitchen operations, and compliance standards|🎁 What Is On Offer|Leadership role within a flagship lifestyle property|Creative ownership of a defined culinary concept|Career growth opportunities in a dynamic hospitality environment|Competitive salary package and team benefits|🔥 Ready to Lead a Culinary Concept with Confidence?",,🔥 Ready to Lead a Culinary Concept with Confidence?,,,2026-06-09,2026-12-31,true
Sales Manager,sales-manager,Sales,"St. Julian, Malta",Full-Time,On-Site,https://outreach-recruitment-agency.careers-page.com/jobs/11bd9c2d-5130-4436-b861-7265534e5603/apply,"• 

    

        
• 

    
    
• 

    
    
• 

    
• 
    
• 

    
• 
   
    
    
• 

    
• 

    
• 
    
• 
    
      
• 
    

    
• 
    
      
• 
    

    

        
            
            
              window.dataLayer = window.dataLayer || [];
              function gtag(){dataLayer.push(arguments);}
              gtag('js', new Date());

              gtag('config', 'G-XZZNFPW0ML');
            
        

        
        

Sales Manager | Outreach Recruitment Agency

    :root {
        --default-primary-color: #442DFA;

        --default-secondary-color: #442DFA;

        --banner-opacity: 0.5;

        --paragraph-font: 'Roboto', sans-serif;

        --heading-font: 'Inter', sans-serif;

    }

    
    
        

            
                
            
        

        

            

                Company website
            

            

                
            

        

        
            
                
                
                
            
        
    

    
        

            

                
                    
                
            
            
        

        

            

                

                    
                

                

                    

No name
                    

-
                

                
                    

                
            

            
                
• 
                    
                        
                            

                        

                        My profile
                    
                
                
• 
                    
                        
                            

                        

                        My applications
                    
                
                
• 
                    
                        
                            

                        

                        My referrals
                    
                
            
        

        Company website

        

            
        
    
    
    &times;

    
        

            
                Current account
            
            

                

                    
                

                

                    

No name
                    

-
                
            
        
        
            
                

            
            Sign out
        
    

        

    

        

            

            
            

                

Sales Manager
            
            
            

                

                    
• 
                        
    

    
    

    

St. Julian's, Malta, Malta

                    

                    
• 
                        

    

Full-Time

                    
                    
• 
                        

    

On-Site

                    

                

                

                    

                        
                            Apply now
                        
                            
                                Refer
                            
                    
                    

    Share:
    
        
    
    
        
    
    
        
    
    
        
            
                

            
        
    
    
        
    
    
        
    

                
            
            

             

                
  
    
• 
      
        
  

      

  

          
•           Job Openings
  

      
•           Sales Manager  

            
            

                
  
    
• 
      
        
  

      

  

          
•           Sales Manager  

            
            

            
            

                

Job Description:
                

                     

We are recruiting on behalf of our client, a leading lifestyle hotel located in St Julian’s, seeking a driven and commercially focused Sales Manager to accelerate revenue growth and strengthen market presence.

This is a key commercial role focused on building momentum, developing strategic partnerships, and converting opportunities into measurable performance.

🎯 The Role

As Sales Manager, you will drive revenue across corporate, leisure, group, and events segments while positioning the property as a leading lifestyle destination in the market.

📋","Drive sales performance across corporate, leisure, groups, and events|Build and maintain strong relationships with clients, partners, and agencies|Identify new business opportunities and emerging market segments|Prepare and negotiate contracts, rates, and commercial agreements|Collaborate closely with Revenue, Marketing, and Operations teams|Represent the hotel at networking events, trade shows, and industry functions|💡 What We Are Looking For|Proven experience in hotel or hospitality sales|Strong negotiation and relationship building skills|Commercially driven, proactive, and target focused mindset|Solid understanding of local and international hospitality markets|Excellent communication and presentation skills|🎁 What Is On Offer|Key commercial position within a flagship lifestyle property|Autonomy to build and grow your own sales pipeline|Strong career development prospects|Competitive salary and performance driven incentives|🚀 Ready to Drive Revenue and Build Powerful Partnerships?",,Key commercial position within a flagship lifestyle property|Autonomy to build and grow your own sales pipeline|Strong career development prospects|Competitive salary and performance driven incentives|🚀 Ready to Drive Revenue and Build Powerful Partnerships?,,,2026-06-09,2026-12-31,true
IT Systems Executive,it-systems-executive,IT & Technology,"Mellieħa, Malta",Full-Time,On-Site,https://outreach-recruitment-agency.careers-page.com/jobs/25536080-d894-4406-bcd2-72f329077b45/apply,"• 

    

        
• 

    
    
• 

    
    
• 

    
• 
    
• 

    
• 
   
    
    
• 

    
• 

    
• 
    
• 
    
      
• 
    

    
• 
    
      
• 
    

    

        
            
            
              window.dataLayer = window.dataLayer || [];
              function gtag(){dataLayer.push(arguments);}
              gtag('js', new Date());

              gtag('config', 'G-XZZNFPW0ML');
            
        

        
        

IT Systems Executive | Outreach Recruitment Agency

    :root {
        --default-primary-color: #442DFA;

        --default-secondary-color: #442DFA;

        --banner-opacity: 0.5;

        --paragraph-font: 'Roboto', sans-serif;

        --heading-font: 'Inter', sans-serif;

    }

    
    
        

            
                
            
        

        

            

                Company website
            

            

                
            

        

        
            
                
                
                
            
        
    

    
        

            

                
                    
                
            
            
        

        

            

                

                    
                

                

                    

No name
                    

-
                

                
                    

                
            

            
                
• 
                    
                        
                            

                        

                        My profile
                    
                
                
• 
                    
                        
                            

                        

                        My applications
                    
                
                
• 
                    
                        
                            

                        

                        My referrals
                    
                
            
        

        Company website

        

            
        
    
    
    &times;

    
        

            
                Current account
            
            

                

                    
                

                

                    

No name
                    

-
                
            
        
        
            
                

            
            Sign out
        
    

        

    

        

            

            
            

                

IT Systems Executive
            
            
            

                

                    
• 
                        
    

    
    

    

Mellieħa, Malta, Malta

                    

                    
• 
                        

    

Full-Time

                    
                    
• 
                        

    

On-Site

                    

                

                

                    

                        
                            Apply now
                        
                            
                                Refer
                            
                    
                    

    Share:
    
        
    
    
        
    
    
        
    
    
        
            
                

            
        
    
    
        
    
    
        
    

                
            
            

             

                
  
    
• 
      
        
  

      

  

          
•           Job Openings
  

      
•           IT Systems Executive  

            
            

                
  
    
• 
      
        
  

      

  

          
•           IT Systems Executive  

            
            

            
            

                

Job Description:
                

                     

We are recruiting on behalf of our client, a leading and well established hospitality organisation in Malta, currently seeking an IT Systems Executive to join their Head Office IT Department.

This is a systems focused role combining platform ownership, project delivery, and operational support across multiple hospitality properties.

🎯 The Role

You will take responsibility for the configuration, performance, and continuous improvement of Point of Sale and hospitality systems, while supporting new implementations, integrations, and digital enhancements across the business.

This position focuses primarily on systems administration and optimisation rather than day to day helpdesk tasks.

📋","Manage administration, configuration, and performance of Point of Sale and hospitality systems|Lead or support system rollouts, upgrades, and technology projects|Support integrations between Point of Sale, property management, and back office systems|Troubleshoot application, device, and connectivity issues impacting operations|Work closely with vendors and internal stakeholders to resolve technical challenges|Maintain system documentation, standards, and best practices|Provide operational and user support when required to ensure business continuity|💡 What We Are Looking For|Experience working with Point of Sale or hospitality operational systems|Hands on troubleshooting experience across applications, devices, and basic networking|Strong analytical and problem solving skills|Familiarity with hardware peripherals such as terminals, printers, scanners, and tills|Ability to manage multiple sites and contribute to technology projects|1 to 3 years experience in systems or technical support roles|Experience within hospitality environments is considered an advantage|🎁 What Is On Offer|Opportunity to work with advanced hospitality technologies|Involvement in multi property system rollouts and projects|Professional and structured IT environment|Competitive salary and career growth opportunities|🚀 Ready to Power Hospitality Through Technology?",,Opportunity to work with advanced hospitality technologies|Involvement in multi property system rollouts and projects|Professional and structured IT environment|Competitive salary and career growth opportunities|🚀 Ready to Power Hospitality Through Technology?,,,2026-06-09,2026-12-31,true
Social Media Executive,social-media-executive,Marketing,"Sliema, Malta",Full-Time,On-Site,https://outreach-recruitment-agency.careers-page.com/jobs/3ebf5137-a054-40e9-a715-22aab73363d0/apply,"• 

    

        
• 

    
    
• 

    
    
• 

    
• 
    
• 

    
• 
   
    
    
• 

    
• 

    
• 
    
• 
    
      
• 
    

    
• 
    
      
• 
    

    

        
            
            
              window.dataLayer = window.dataLayer || [];
              function gtag(){dataLayer.push(arguments);}
              gtag('js', new Date());

              gtag('config', 'G-XZZNFPW0ML');
            
        

        
        

Social Media Executive | Outreach Recruitment Agency

    :root {
        --default-primary-color: #442DFA;

        --default-secondary-color: #442DFA;

        --banner-opacity: 0.5;

        --paragraph-font: 'Roboto', sans-serif;

        --heading-font: 'Inter', sans-serif;

    }

    
    
        

            
                
            
        

        

            

                Company website
            

            

                
            

        

        
            
                
                
                
            
        
    

    
        

            

                
                    
                
            
            
        

        

            

                

                    
                

                

                    

No name
                    

-
                

                
                    

                
            

            
                
• 
                    
                        
                            

                        

                        My profile
                    
                
                
• 
                    
                        
                            

                        

                        My applications
                    
                
                
• 
                    
                        
                            

                        

                        My referrals
                    
                
            
        

        Company website

        

            
        
    
    
    &times;

    
        

            
                Current account
            
            

                

                    
                

                

                    

No name
                    

-
                
            
        
        
            
                

            
            Sign out
        
    

        

    

        

            

            
            

                

Social Media Executive
            
            
            

                

                    
• 
                        
    

    
    

    

Sliema, Malta, Malta

                    

                    
• 
                        

    

Full-Time

                    
                    
• 
                        

    

On-Site

                    

                

                

                    

                        
                            Apply now
                        
                            
                                Refer
                            
                    
                    

    Share:
    
        
    
    
        
    
    
        
    
    
        
            
                

            
        
    
    
        
    
    
        
    

                
            
            

             

                
  
    
• 
      
        
  

      

  

          
•           Job Openings
  

      
•           Social Media Executive  

            
            

                
  
    
• 
      
        
  

      

  

          
•           Social Media Executive  

            
            

            
            

                

Job Description:
                

                     

We are recruiting on behalf of our client, a fast growing hospitality group behind some of Malta’s most recognised and award listed dining destinations.

With major international concepts launching in 2026, this is an exciting opportunity to join a brand shaping the future of Malta’s dining and lifestyle scene.

They are now seeking a creative and commercially minded Social Media Executive to manage and grow the digital presence of premium restaurants and lifestyle venues.

🎯 The Role

You will be responsible for driving brand awareness, engagement, and revenue through strategic and visually compelling social media activity, with a strong focus on seasonal activations and events.

📋",Social Media Strategy & Management|Develop and execute monthly content calendars aligned with revenue targets and events|Manage daily activity across Instagram and Facebook|Maintain a consistent tone of voice and visual identity|Identify and apply relevant hospitality and lifestyle trends,,Opportunity to shape the digital voice of leading hospitality concepts|Creative freedom within a premium lifestyle environment|Strong career growth potential|Dynamic and ambitious team culture|🚀 Ready to Bring Hospitality Brands to Life Online?,,,2026-06-09,2026-12-31,true
Maintenance Manager,maintenance-manager,Engineering & Maintenance,Malta,Full-Time,On-Site,https://outreach-recruitment-agency.careers-page.com/jobs/1a12319c-26e0-448b-b432-0fede6fa582d/apply,"• 

    

        
• 

    
    
• 

    
    
• 

    
• 
    
• 

    
• 
   
    
    
• 

    
• 

    
• 
    
• 
    
      
• 
    

    
• 
    
      
• 
    

    

        
            
            
              window.dataLayer = window.dataLayer || [];
              function gtag(){dataLayer.push(arguments);}
              gtag('js', new Date());

              gtag('config', 'G-XZZNFPW0ML');
            
        

        
        

Maintenance Manager | Outreach Recruitment Agency

    :root {
        --default-primary-color: #442DFA;

        --default-secondary-color: #442DFA;

        --banner-opacity: 0.5;

        --paragraph-font: 'Roboto', sans-serif;

        --heading-font: 'Inter', sans-serif;

    }

    
    
        

            
                
            
        

        

            

                Company website
            

            

                
            

        

        
            
                
                
                
            
        
    

    
        

            

                
                    
                
            
            
        

        

            

                

                    
                

                

                    

No name
                    

-
                

                
                    

                
            

            
                
• 
                    
                        
                            

                        

                        My profile
                    
                
                
• 
                    
                        
                            

                        

                        My applications
                    
                
                
• 
                    
                        
                            

                        

                        My referrals
                    
                
            
        

        Company website

        

            
        
    
    
    &times;

    
        

            
                Current account
            
            

                

                    
                

                

                    

No name
                    

-
                
            
        
        
            
                

            
            Sign out
        
    

        

    

        

            

            
            

                

Maintenance Manager
            
            
            

                

                    
• 
                        
    

    
    

    

St. Paul's Bay, Malta, Malta

                    

                    
• 
                        

    

Full-Time

                    
                    
• 
                        

    

On-Site

                    

                

                

                    

                        
                            Apply now
                        
                            
                                Refer
                            
                    
                    

    Share:
    
        
    
    
        
    
    
        
    
    
        
            
                

            
        
    
    
        
    
    
        
    

                
            
            

             

                
  
    
• 
      
        
  

      

  

          
•           Job Openings
  

      
•           Maintenance Manager  

            
            

                
  
    
• 
      
        
  

      

  

          
•           Maintenance Manager  

            
            

            
            

                

Job Description:
                

                     

We are recruiting on behalf of our client, a leading and well established organisation in Malta, currently seeking an experienced Maintenance Manager to oversee all maintenance operations across their properties.

This is a senior leadership role responsible for managing both in house teams and contracted services to ensure smooth, safe, and efficient operations at all times.

🎯 The Role

As Maintenance Manager, you will take full responsibility for planning, coordinating, and supervising all maintenance activities while maintaining the highest operational standards.

📋","Oversee all in house and contracted maintenance works|Ensure smooth execution of scheduled and reactive maintenance activities|Adjust priorities and schedules based on operational needs|Provide clear direction and leadership to maintenance teams|Develop and implement structured maintenance plans and timelines|Report progress and operational impacts to senior management and department heads|Authorise purchase orders and approve invoices|Evaluate supplier quotations to ensure cost effectiveness|Verify quality of materials and contractor work|Ensure proper functioning of all building systems and technical installations|💡 What We Are Looking For|Minimum of 5 years experience in a similar Maintenance Manager role|Higher Technician Diploma level or equivalent technical qualification|Valid Local License A and B|Strong knowledge of HVAC and ELV systems|Solid understanding of building maintenance best practices|Strong leadership, organisational, and problem solving skills|Ability to manage multiple projects and priorities|🎁 What Is On Offer|Senior leadership role within a reputable organisation|Stable and professional working environment|Competitive salary package|Long term career growth opportunities|⚙️ Ready to Lead Maintenance Operations at the Highest Standard?",,Long term career growth opportunities|⚙️ Ready to Lead Maintenance Operations at the Highest Standard?,,,2026-06-09,2026-12-31,true
Chefs,chefs,Hospitality,"Sliema, Malta",Full-Time,On-Site,https://outreach-recruitment-agency.careers-page.com/jobs/fd024975-a897-412e-8f04-2f473eedf982/apply,"• 

    

        
• 

    
    
• 

    
    
• 

    
• 
    
• 

    
• 
   
    
    
• 

    
• 

    
• 
    
• 
    
      
• 
    

    
• 
    
      
• 
    

    

        
            
            
              window.dataLayer = window.dataLayer || [];
              function gtag(){dataLayer.push(arguments);}
              gtag('js', new Date());

              gtag('config', 'G-XZZNFPW0ML');
            
        

        
        

Chefs | Outreach Recruitment Agency

    :root {
        --default-primary-color: #442DFA;

        --default-secondary-color: #442DFA;

        --b",,,World class training and development|Exposure to internationally recognised hospitality concepts|Strong career progression opportunities|Performance recognition and team rewards|Exclusive employee discounts|A chance to be part of exciting new openings in Malta|🔥 Ready to Be Part of Malta’s Next Culinary Chapter?,,,2026-06-09,2026-12-31,true
Accounts Payable,accounts-payable,Finance & Accounting,"Birkirkara, Malta",Full-Time,On-Site,https://outreach-recruitment-agency.careers-page.com/jobs/ae0de145-ee5c-44a3-829b-ddc9307e9707/apply,"• 

    

        
• 

    
    
• 

    
    
• 

    
• 
    
• 

    
• 
   
    
    
• 

    
• 

    
• 
    
• 
    
      
• 
    

    
• 
    
      
• 
    

    

        
            
            
              window.dataLayer = window.dataLayer || [];
              function gtag(){dataLayer.push(arguments);}
              gtag('js', new Date());

              gtag('config', 'G-XZZNFPW0ML');
            
        

        
        

Accounts Payable | Outreach Recruitment Agency

    :root {
        --default-primary-color: #442DFA;

        --default-secondary-color: #442DFA;",,,Training and career development opportunities|Supportive and professional working environment|Competitive salary package|📊 Ready to Take Control of Supplier Accounts?,,,2026-06-09,2026-12-31,true
Payroll Executive,payroll-executive,General,"St. Julian, Malta",Full-Time,On-Site,https://outreach-recruitment-agency.careers-page.com/jobs/d81551d6-5fb0-4f20-929d-69b18302766c/apply,"• 

    

        
• 

    
    
• 

    
    
• 

    
• 
    
• 

    
• 
   
    
    
• 

    
• 

    
• 
    
• 
    
      
• 
    

    
• 
    
      
• 
    

    

        
            
            
              window.dataLayer = window.dataLayer || [];
              function gtag(){dataLayer.push(arguments);}
              gtag('js', new Date());

              gtag('config', 'G-XZZNFPW0ML');
            
        

        
        

Payroll Executive | Outreach Recruitment Agency

    :root {
        --default-primary-color: #442DFA;

        --default-secondary-color: #442DFA;","💡 What We Are Looking For|O Level standard of education|1 to 2 years experience in payroll|Strong Microsoft Excel skills (essential)|Good working knowledge of Microsoft Word|Experience with Indigo payroll software is considered an asset|Good command of Maltese and English|High level of accuracy, confidentiality, and organisation|🎁 What Is On Offer|Private health insurance|On site staff canteen with complimentary hot drinks|Employee discount benefits|Training and development opportunities|Supportive and professional work environment|Competitive salary package|💰 Ready to Take Ownership of Payroll Operations?",,Training and development opportunities|Supportive and professional work environment|Competitive salary package|💰 Ready to Take Ownership of Payroll Operations?,,,2026-06-09,2026-12-31,true
Quantity Surveyor,quantity-surveyor,General,"St. Julian, Malta",Full-Time,On-Site,https://outreach-recruitment-agency.careers-page.com/jobs/5353e1ac-7e79-4ab5-8bc2-d900b0fde144/apply,"• 

    

        
• 

    
    
• 

    
    
• 

    
• 
    
• 

    
• 
   
    
    
• 

    
• 

    
• 
    
• 
    
      
• 
    

    
• 
    
      
• 
    

    

        
            
            
              window.dataLayer = window.dataLayer || [];
              function gtag(){dataLayer.push(arguments);}
              gtag('js', new Date());

              gtag('config', 'G-XZZNFPW0ML');
            
        

        
        

Quantity Surveyor | Outreach Recruitment Agency

    :root {
        --default-primary-color: #442DFA;

        --default-secondary-color: #442DFA;

        --banner-opacity: 0.5;

        --paragraph-font: 'Roboto', sans-serif;

        --heading-font: 'Inter', sans-serif;

    }

    
    
        

            
                
            
        

        

            

                Company website
            

            

                
            

        

        
            
                
                
                
            
        
    

    
        

            

                
                    
                
            
            
        

        

            

                

                    
                

                

                    

No name
                    

-
                

                
                    

                
            

            
                
• 
                    
                        
                            

                        

                        My profile
                    
                
                
• 
                    
                        
                            

                        

                        My applications
                    
                
                
• 
                    
                        
                            

                        

                        My referrals
                    
                
            
        

        Company website

        

            
        
    
    
    &times;

    
        

            
                Current account
            
            

                

                    
                

                

                    

No name
                    

-
                
            
        
        
            
                

            
            Sign out
        
    

        

    

        

            

            
            

                

Quantity Surveyor
            
            
            

                

                    
• 
                        
    

    
    

    

St. Julian's, Malta, Malta

                    

                    
• 
                        

    

Full-Time

                    
                    
• 
                        

    

On-Site

                    

                

                

                    

                        
                            Apply now
                        
                            
                                Refer
                            
                    
                    

    Share:
    
        
    
    
        
    
    
        
    
    
        
            
                

            
        
    
    
        
    
    
        
    

                
            
            

             

                
  
    
• 
      
        
  

      

  

          
•           Job Openings
  

      
•           Quantity Surveyor  

            
            

                
  
    
• 
      
        
  

      

  

          
•           Quantity Surveyor  

            
            

            
            

                

Job Description:
                

                     

We are recruiting on behalf of our client, a leading and well established organisation in Malta, currently seeking a skilled and detail oriented Quantity Surveyor to join their growing projects team.

This role is critical in ensuring accurate quantity extraction, cost control, and budget integrity across major construction developments.

 The Role

As Quantity Surveyor, you will be responsible for extracting, verifying, and monitoring quantities from drawings and on site measurements to support efficient and cost effective project execution.","Quantity Take Off|Conduct detailed take offs from architectural, engineering, and interior design drawings|Use specialised software for accurate measurement and quantification|Collaborate with design teams to clarify specifications and plans",,Ready to Take Control of Quantities and Costs?,,,2026-06-09,2026-12-31,true
Head Housekeeper,head-housekeeper,General,"St. Julian, Malta",Full-Time,On-Site,https://outreach-recruitment-agency.careers-page.com/jobs/3f086324-f22b-4297-94fc-7c5cea2687b6/apply,"• 

    

        
• 

    
    
• 

    
    
• 

    
• 
    
• 

    
• 
   
    
    
• 

    
• 

    
• 
    
• 
    
      
• 
    

    
• 
    
      
• 
    

    

        
            
            
              window.dataLayer = window.dataLayer || [];
              function gtag(){dataLayer.push(arguments);}
              gtag('js', new Date());

              gtag('config', 'G-XZZNFPW0ML');
            
        

        
        

Head Housekeeper | Outreach Recruitment Agency

    :root {
        --default-primary-color: #442DFA;

        --default-secondary-color: #442DFA;

        --banner-opacity: 0.5;

        --paragraph-font: 'Roboto', sans-serif;

        --heading-font: 'Inter', sans-serif;

    }

    
    
        

            
                
            
        

        

            

                Company website
            

            

                
            

        

        
            
                
                
                
            
        
    

    
        

            

                
                    
                
            
            
        

        

            

                

                    
                

                

                    

No name
                    

-
                

                
                    

                
            

            
                
• 
                    
                        
                            

                        

                        My profile
                    
                
                
• 
                    
                        
                            

                        

                        My applications
                    
                
                
• 
                    
                        
                            

                        

                        My referrals
                    
                
            
        

        Company website

        

            
        
    
    
    &times;

    
        

            
                Current account
            
            

                

                    
                

                

                    

No name
                    

-
                
            
        
        
            
                

            
            Sign out
        
    

        

    

        

            

            
            

                

Head Housekeeper
            
            
            

                

                    
• 
                        
    

    
    

    

St. Julian's, Malta

                    

                    
• 
                        

    

Full-Time

                    
                    
• 
                        

    

On-Site

                    

                

                

                    

                        
                            Apply now
                        
                            
                                Refer
                            
                    
                    

    Share:
    
        
    
    
        
    
    
        
    
    
        
            
                

            
        
    
    
        
    
    
        
    

                
            
            

             

                
  
    
• 
      
        
  

      

  

          
•           Job Openings
  

      
•           Head Housekeeper  

            
            

                
  
    
• 
      
        
  

      

  

          
•           Head Housekeeper  

            
            

            
            

                

Job Description:
                

                     

Our client is seeking an experienced and highly organised Head Housekeeper to lead and manage the entire housekeeping department. This role carries full responsibility for cleanliness standards across guest rooms, public areas, restaurant, bistro, pool and spa facilities, while overseeing, training and motivating a team of 10 housekeeping staff.

The successful candidate will combine strong leadership skills with a hands-on approach and a keen eye for detail.",Department Leadership & Team Management,,,,,2026-06-09,2026-12-31,true
QA Manager - Construction,qa-manager-construction,General,"Mosta, Malta",Full-Time,On-Site,https://outreach-recruitment-agency.careers-page.com/jobs/b6100a7a-bba9-4a88-a9d2-6b940761ea8c/apply,"• 

    

        
• 

    
    
• 

    
    
• 

    
• 
    
• 

    
• 
   
    
    
• 

    
• 

    
• 
    
• 
    
      
• 
    

    
• 
    
      
• 
    

    

        
            
            
              window.dataLayer = window.dataLayer || [];
              function gtag(){dataLayer.push(arguments);}
              gtag('js', new Date());

              gtag('config', 'G-XZZNFPW0ML');
            
        

        
        

QA Manager - Construction | Outreach Recruitment Agency

    :root {
        --default-primary-color: #442DFA;

        --default-secondary-color: #442DFA;

        --banner-opacity: 0.5;

        --paragraph-font: 'Roboto', sans-serif;

        --heading-font: 'Inter', sans-serif;

    }

    
    
        

            
                
            
        

        

            

                Company website
            

            

                
            

        

        
            
                
                
                
            
        
    

    
        

            

                
                    
                
            
            
        

        

            

                

                    
                

                

                    

No name
                    

-
                

                
                    

                
            

            
                
• 
                    
                        
                            

                        

                        My profile
                    
                
                
• 
                    
                        
                            

                        

                        My applications
                    
                
                
• 
                    
                        
                            

                        

                        My referrals
                    
                
            
        

        Company website

        

            
        
    
    
    &times;

    
        

            
                Current account
            
            

                

                    
                

                

                    

No name
                    

-
                
            
        
        
            
                

            
            Sign out
        
    

        

    

        

            

            
            

                

QA Manager - Construction
            
            
            

                

                    
• 
                        
    

    
    

    

Mosta, Northern Region, Malta

                    

                    
• 
                        

    

Full-Time

                    
                    
• 
                        

    

On-Site

                    

                

                

                    

                        
                            Apply now
                        
                            
                                Refer
                            
                    
                    

    Share:
    
        
    
    
        
    
    
        
    
    
        
            
                

            
        
    
    
        
    
    
        
    

                
            
            

             

                
  
    
• 
      
        
  

      

  

          
•           Job Openings
  

      
•           QA Manager - Construction  

            
            

                
  
    
• 
      
        
  

      

  

          
•           QA Manager - Construction  

            
            

            
            

                

Job Description:
                

                     

Our client is a well-established organisation operating in the construction, engineering, and quality assurance sector, delivering high-standard services across major building and infrastructure projects in Malta. The company is known for its technical expertise, regulatory compliance, and strong focus on quality and safety.

Position Overview

The QA Manager will lead and manage the Quality Assurance function across construction projects, ensuring that all works comply with internal quality systems, client",,Apply now|Share:|Job Openings|QA Manager - Construction|QA Manager - Construction|utils.saveUTM();|const utm = utils.getUTM();,,,,2026-06-09,2026-12-31,true
Quality Assurance Officer/Engineer,quality-assurance-officerengineer,Engineering & Maintenance,"Mosta, Malta",Full-Time,On-Site,https://outreach-recruitment-agency.careers-page.com/jobs/c2da6f02-a3c3-4abe-b050-58ae8b793380/apply,"• 

    

        
• 

    
    
• 

    
    
• 

    
• 
    
• 

    
• 
   
    
    
• 

    
• 

    
• 
    
• 
    
      
• 
    

    
• 
    
      
• 
    

    

        
            
            
              window.dataLayer = window.dataLayer || [];
              function gtag(){dataLayer.push(arguments);}
              gtag('js', new Date());

              gtag('config', 'G-XZZNFPW0ML');
            
        

        
        

Quality Assurance Officer/Engineer | Outreach Recruitment Agency

    :root {
        --default-primary-color: #442DFA;

        --default-secondary-color: #442DFA;

        --banner-opacity: 0.5;

        --paragraph-font: 'Roboto', sans-serif;

        --heading-font: 'Inter', sans-serif;

    }

    
    
        

            
                
            
        

        

            

                Company website
            

            

                
            

        

        
            
                
                
                
            
        
    

    
        

            

                
                    
                
            
            
        

        

            

                

                    
                

                

                    

No name
                    

-
                

                
                    

                
            

            
                
• 
                    
                        
                            

                        

                        My profile
                    
                
                
• 
                    
                        
                            

                        

                        My applications
                    
                
                
• 
                    
                        
                            

                        

                        My referrals
                    
                
            
        

        Company website

        

            
        
    
    
    &times;

    
        

            
                Current account
            
            

                

                    
                

                

                    

No name
                    

-
                
            
        
        
            
                

            
            Sign out
        
    

        

    

        

            

            
            

                

Quality Assurance Officer/Engineer
            
            
            

                

                    
• 
                        
    

    
    

    

Mosta, Northern Region, Malta

                    

                    
• 
                        

    

Full-Time

                    
                    
• 
                        

    

On-Site

                    

                

                

                    

                        
                            Apply now
                        
                            
                                Refer
                            
                    
                    

    Share:
    
        
    
    
        
    
    
        
    
    
        
            
                

            
        
    
    
        
    
    
        
    

                
            
            

             

                
  
    
• 
      
        
  

      

  

          
•           Job Openings
  

      
•           Quality Assurance Officer/Engineer  

            
            

                
  
    
• 
      
        
  

      

  

          
•           Quality Assurance Officer/Engineer  

            
            

            
            

                

Job Description:
                

                     

Our client is seeking a dedicated Quality Assurance Officer / Engineer to ensure the highest standards of quality across their construction projects from start to finish. This role requires a strong on-site presence and close coordination with project teams, clients, and suppliers.",,,,,,2026-06-09,2026-12-31,true
Tax Manager,tax-manager,Finance & Accounting,"Naxxar, Malta",Full-Time,On-Site,https://outreach-recruitment-agency.careers-page.com/jobs/16d7df6c-1ca8-4831-9770-f309c4f4a695/apply,"• 

    

        
• 

    
    
• 

    
    
• 

    
• 
    
• 

    
• 
   
    
    
• 

    
• 

    
• 
    
• 
    
      
• 
    

    
• 
    
      
• 
    

    

        
            
            
              window.dataLayer = window.dataLayer || [];
              function gtag(){dataLayer.push(arguments);}
              gtag('js', new Date());

              gtag('config', 'G-XZZNFPW0ML');
            
        

        
        

Tax Manager | Outreach Recruitment Agency

    :root {
        --default-primary-color: #442DFA;

        --default-secondary-color: #442DFA;

        --banner-opacity: 0.5;

        --paragraph-font: 'Roboto', sans-serif;

        --heading-font: 'Inter', sans-serif;

    }

    
    
        

            
                
            
        

        

            

                Company website
            

            

                
            

        

        
            
                
                
                
            
        
    

    
        

            

                
                    
                
            
            
        

        

            

                

                    
                

                

                    

No name
                    

-
                

                
                    

                
            

            
                
• 
                    
                        
                            

                        

                        My profile
                    
                
                
• 
                    
                        
                            

                        

                        My applications
                    
                
                
• 
                    
                        
                            

                        

                        My referrals
                    
                
            
        

        Company website

        

            
        
    
    
    &times;

    
        

            
                Current account
            
            

                

                    
                

                

                    

No name
                    

-
                
            
        
        
            
                

            
            Sign out
        
    

        

    

        

            

            
            

                

Tax Manager
            
            
            

                

                    
• 
                        
    

    
    

    

Naxxar, Malta

                    

                    
• 
                        

    

Full-Time

                    
                    
• 
                        

    

On-Site

                    

                

                

                    

                        
                            Apply now
                        
                            
                                Refer
                            
                    
                    

    Share:
    
        
    
    
        
    
    
        
    
    
        
            
                

            
        
    
    
        
    
    
        
    

                
            
            

             

                
  
    
• 
      
        
  

      

  

          
•           Job Openings
  

      
•           Tax Manager  

            
            

                
  
    
• 
      
        
  

      

  

          
•           Tax Manager  

            
            

            
            

                

Job Description:
                

                     

We are recruiting on behalf of our client for an experienced Tax Manager to join their Direct Tax team. This is an exciting opportunity to work with both local and international clients and play a key role in high-impact tax advisory and compliance projects.","Lead tax planning and implementation strategies to optimise clients' tax positions|Advice on tax aspects of restructurings, M&A, financing, and cross-border investments|Support local and international clients with ad-hoc tax advisory work|Assist with tax compliance, including corporate tax returns and refund applications|Support tax audits and liaise with tax authorities|Deliver technical training and support to accounting and audit teams|Stay up to date with local and international direct tax developments|Identify growth opportunities for the tax unit|Propose improvements to systems and processes|Act as a technical reference point for junior team members and review their work",,,,,2026-06-09,2026-12-31,true
Client Accounting Manager,client-accounting-manager,Finance & Accounting,"Naxxar, Malta",Full-Time,On-Site,https://outreach-recruitment-agency.careers-page.com/jobs/a50bb3c8-d361-4098-9cef-5fbf20d50a2c/apply,"• 

    

        
• 

    
    
• 

    
    
• 

    
• 
    
• 

    
• 
   
    
    
• 

    
• 

    
• 
    
• 
    
      
• 
    

    
• 
    
      
• 
    

    

        
            
            
              window.dataLayer = window.dataLayer || [];
              function gtag(){dataLayer.push(arguments);}
              gtag('js', new Date());

              gtag('config', 'G-XZZNFPW0ML');
            
        

        
        

Client Accounting Manager | Outreach Recruitment Agency

    :root {
        --default-primary-color: #442DFA;

        --default-secondary-color: #442DFA;

        --banner-opacity: 0.5;

        --paragraph-font: 'Roboto', sans-serif;

        --heading-font: 'Inter', sans-serif;

    }

    
    
        

            
                
            
        

        

            

                Company website
            

            

                
            

        

        
            
                
                
                
            
        
    

    
        

            

                
                    
                
            
            
        

        

            

                

                    
                

                

                    

No name
                    

-
                

                
                    

                
            

            
                
• 
                    
                        
                            

                        

                        My profile
                    
                
                
• 
                    
                        
                            

                        

                        My applications
                    
                
                
• 
                    
                        
                            

                        

                        My referrals
                    
                
            
        

        Company website

        

            
        
    
    
    &times;

    
        

            
                Current account
            
            

                

                    
                

                

                    

No name
                    

-
                
            
        
        
            
                

            
            Sign out
        
    

        

    

        

            

            
            

                

Client Accounting Manager
            
            
            

                

                    
• 
                        
    

    
    

    

Naxxar, Malta

                    

                    
• 
                        

    

Full-Time

                    
                    
• 
                        

    

On-Site

                    

                

                

                    

                        
                            Apply now
                        
                            
                                Refer
                            
                    
                    

    Share:
    
        
    
    
        
    
    
        
    
    
        
            
                

            
        
    
    
        
    
    
        
    

                
            
            

             

                
  
    
• 
      
        
  

      

  

          
•           Job Openings
  

      
•           Client Accounting Manager  

            
            

                
  
    
• 
      
        
  

      

  

          
•           Client Accounting Manager  

            
            

            
            

                

Job Description:
                

                     

We are recruiting on behalf of our client for an experienced Client Accounting Manager to join their Accounting Department. This is a great opportunity for a motivated professional to lead a high-performing team and contribute to a growing, client-focused environment.","Lead and motivate an accounting team in line with the organisation's vision and values|Act as a technical expert in accounting and VAT, reviewing work and supporting team members|Oversee key accounting projects and assist with onboarding new clients|Ensure high standards of quality, efficiency, and client satisfaction|Monitor team performance and support target setting|Manage workflows, deadlines, and team capacity|Mentor and develop team members|Collaborate with audit, payroll, funding, and corporate teams to identify cross-selling opportunities|Propose improvements to systems and processes|Support the Senior Client Accounting Manager with additional duties as required",,,,,2026-06-09,2026-12-31,true
Skilled Worker for Outdoor &amp; Civil Works,skilled-worker-for-outdoor-amp-civil-works,General,"St. Julian, Malta",Full-Time,On-Site,https://outreach-recruitment-agency.careers-page.com/jobs/ebf5b6b9-fa54-4e26-afae-6c337da2509a/apply,"• 

    

        
• 

    
    
• 

    
    
• 

    
• 
    
• 

    
• 
   
    
    
• 

    
• 

    
• 
    
• 
    
      
• 
    

    
• 
    
      
• 
    

    

        
            
            
              window.dataLayer = window.dataLayer || [];
              function gtag(){dataLayer.push(arguments);}
              gtag('js', new Date());

              gtag('config', 'G-XZZNFPW0ML');
            
        

        
        

Skilled Worker for Outdoor & Civil Works | Outreach Recruitment Agency

    :root {
        --default-primary-color: #442DFA;

        --default-secondary-color: #442DFA;

        --banner-opacity: 0.5;

        --paragraph-font: 'Roboto', sans-serif;

        --heading-font: 'Inter', sans-serif;

    }

    
    
        

            
                
            
        

        

            

                Company website
            

            

                
            

        

        
            
                
                
                
            
        
    

    
        

            

                
                    
                
            
            
        

        

            

                

                    
                

                

                    

No name
                    

-
                

                
                    

                
            

            
                
• 
                    
                        
                            

                        

                        My profile
                    
                
                
• 
                    
                        
                            

                        

                        My applications
                    
                
                
• 
                    
                        
                            

                        

                        My referrals
                    
                
            
        

        Company website

        

            
        
    
    
    &times;

    
        

            
                Current account
            
            

                

                    
                

                

                    

No name
                    

-
                
            
        
        
            
                

            
            Sign out
        
    

        

    

        

            

            
            

                

Skilled Worker for Outdoor & Civil Works
            
            
            

                

                    
• 
                        
    

    
    

    

St. Julian's, Malta

                    

                    
• 
                        

    

Full-Time

                    
                    
• 
                        

    

On-Site

                    

                

                

                    

                        
                            Apply now
                        
                            
                                Refer
                            
                    
                    

    Share:
    
        
    
    
        
    
    
        
    
    
        
            
                

            
        
    
    
        
    
    
        
    

                
            
            

             

                
  
    
• 
      
        
  

      

  

          
•           Job Openings
  

      
•           Skilled Worker for Outdoor & Civil Works  

            
            

                
  
    
• 
      
        
  

      

  

          
•           Skilled Worker for Outdoor & Civil Works  

            
            

            
            

                

Job Description:",,,,,,2026-06-09,2026-12-31,true
Project Manager - Construction,project-manager-construction,Management,"Mosta, Malta",Full-Time,On-Site,https://outreach-recruitment-agency.careers-page.com/jobs/e8b63fa4-a2d7-4495-8637-dc0e46ad36ca/apply,"• 

    

        
• 

    
    
• 

    
    
• 

    
• 
    
• 

    
• 
   
    
    
• 

    
• 

    
• 
    
• 
    
      
• 
    

    
• 
    
      
• 
    

    

        
            
            
              window.dataLayer = window.dataLayer || [];
              function gtag(){dataLayer.push(arguments);}
              gtag('js', new Date());

              gtag('config', 'G-XZZNFPW0ML');
            
        

        
        

Project Manager - Construction | Outreach Recruitment Agency

    :root {
        --default-primary-color: #442DFA;

        --default-secondary-color: #442DFA;

        --banner-opacity: 0.5;

        --paragraph-font: 'Roboto', sans-serif;

        --heading-font: 'Inter', sans-serif;

    }

    
    
        

            
                
            
        

        

            

                Company website
            

            

                
            

        

        
            
                
                
                
            
        
    

    
        

            

                
                    
                
            
            
        

        

            

                

                    
                

                

                    

No name
                    

-
                

                
                    

                
            

            
                
• 
                    
                        
                            

                        

                        My profile
                    
                
                
• 
                    
                        
                            

                        

                        My applications
                    
                
                
• 
                    
                        
                            

                        

                        My referrals
                    
                
            
        

        Company website

        

            
        
    
    
    &times;

    
        

            
                Current account
            
            

                

                    
                

                

                    

No name
                    

-
                
            
        
        
            
                

            
            Sign out
        
    

        

    

        

            

            
            

                

Project Manager - Construction
            
            
            

                

                    
• 
                        
    

    
    

    

Mosta, Northern Region, Malta

                    

                    
• 
                        

    

Full-Time

                    
                    
• 
                        

    

On-Site

                    

                

                

                    

                        
                            Apply now
                        
                            
                                Refer
                            
                    
                    

    Share:
    
        
    
    
        
    
    
        
    
    
        
            
                

            
        
    
    
        
    
    
        
    

                
            
            

             

                
  
    
• 
      
        
  

      

  

          
•           Job Openings
  

      
•           Project Manager - Construction  

            
            

                
  
    
• 
      
        
  

      

  

          
•           Project Manager - Construction  

            
            

            
            

                

Job Description:",,,,,,2026-06-09,2026-12-31,true
Sushi Chef,sushi-chef,Hospitality,"St. Julian, Malta",Full-Time,On-Site,https://outreach-recruitment-agency.careers-page.com/jobs/c1d869fe-c93f-4c7c-bffe-b3e9ee8de931/apply,"• 

    

        
• 

    
    
• 

    
    
• 

    
• 
    
• 

    
• 
   
    
    
• 

    
• 

    
• 
    
• 
    
      
• 
    

    
• 
    
      
• 
    

    

        
            
            
              window.dataLayer = window.dataLayer || [];
              function gtag(){dataLayer.push(arguments);}
              gtag('js', new Date());

              gtag('config', 'G-XZZNFPW0ML');
            
        

        
        

Sushi Chef | Outreach Recruitment Agency

    :root {
        --default-primary-color: #442DFA;

        --default-secondary-color: #442DFA;",,,Real opportunities for growth and career development|Ready to Craft Exceptional Sushi Every Day?,,,2026-06-09,2026-12-31,true
Reservations Agent,reservations-agent,General,"St. Julian, Malta",Full-Time,On-Site,https://outreach-recruitment-agency.careers-page.com/jobs/96c0368f-78ff-426b-9f42-0c965875ba89/apply,"• 

    

        
• 

    
    
• 

    
    
• 

    
• 
    
• 

    
• 
   
    
    
• 

    
• 

    
• 
    
• 
    
      
• 
    

    
• 
    
      
• 
    

    

        
            
            
              window.dataLayer = window.dataLayer || [];
              function gtag(){dataLayer.push(arguments);}
              gtag('js', new Date());

              gtag('config', 'G-XZZNFPW0ML');
            
        

        
        

Reservations Agent | Outreach Recruitment Agency

    :root {
        --default-primary-color: #442DFA;

        --default-secondary-color: #442DFA;",,,,,,2026-06-09,2026-12-31,true
"Airline Sales, Reservations, and Ticketing Officer",airline-sales-reservations-and-ticketing-officer,Sales,"Luqa, Malta",Full-Time,On-Site,https://outreach-recruitment-agency.careers-page.com/jobs/3abb8d25-de69-4167-926f-940f97eb49a0/apply,"• 

    

        
• 

    
    
• 

    
    
• 

    
• 
    
• 

    
• 
   
    
    
• 

    
• 

    
• 
    
• 
    
      
• 
    

    
• 
    
      
• 
    

    

        
            
            
              window.dataLayer = window.dataLayer || [];
              function gtag(){dataLayer.push(arguments);}
              gtag('js', new Date());

              gtag('config', 'G-XZZNFPW0ML');
            
        

        
        

Airline Sales, Reservations, and Ticketing Officer | Outreach Recruitment Agency

    :root {
        --default-primary-color: #442DFA;

        --default-secondary-color: #442DFA;

        --banner-opacity: 0.5;

        --paragraph-font: 'Roboto', sans-serif;

        --heading-font: 'Inter', sans-serif;

    }

    
    
        

            
                
            
        

        

            

                Company website
            

            

                
            

        

        
            
                
                
                
            
        
    

    
        

            

                
                    
                
            
            
        

        

            

                

                    
                

                

                    

No name
                    

-
                

                
                    

                
            

            
                
• 
                    
                        
                            

                        

                        My profile
                    
                
                
• 
                    
                        
                            

                        

                        My applications
                    
                
                
• 
                    
                        
                            

                        

                        My referrals
                    
                
            
        

        Company website

        

            
        
    
    
    &times;

    
        

            
                Current account
            
            

                

                    
                

                

                    

No name
                    

-
                
            
        
        
            
                

            
            Sign out
        
    

        

    

        

            

            
            

                

Airline Sales, Reservations, and Ticketing Officer
            
            
            

                

                    
• 
                        
    

    
    

    

Luqa, Malta

                    

                    
• 
                        

    

Full-Time

                    
                    
• 
                        

    

On-Site

                    

                

                

                    

                        
                            Apply now
                        
                            
                                Refer
                            
                    
                    

    Share:
    
        
    
    
        
    
    
        
    
    
        
            
                

            
        
    
    
        
    
    
        
    

                
            
            

             

                
  
    
• 
      
        
  

      

  

          
•           Job Openings
  

      
•           Airline Sales, Reservations, and Ticketing Officer  

            
            

                
  
    
• 
      
        
  

      

  

          
•           Airline Sales, Reservations, and Ticketing Officer  

            
            

            
            

                

Job Description:
                

                     

 

Airline Sales, Ticketing & Reservations Officer 

One of our esteemed clients in the airline industry is renowned for delivering excellence and providing tailored solutions to their customers. They are currently seeking talented individuals to join their team as Airline Sales, Ticketing, and Reservations Officers.

Why this role?

• 

Join a dynamic and innovative organization that values its employees and invests in their career growth.

• 

Work alongside a supportive team of professionals who will help you navigate and develop your skills.

• 

Be part of a company that encourages initiative, problem-solving, and a customer-focused approach.",,,,,,2026-06-09,2026-12-31,true
Account Manager,account-manager,Finance & Accounting,"St. Julian's, Malta",Full-Time,On-Site,https://outreach-recruitment-agency.careers-page.com/jobs/466716df-6a34-46fd-ae46-7e3bb74681f3/apply,"Account Manager  Full Time (Onsite, Malta)

Our client is a fast-growing tech platform based in Malta, providing operators with a seamless, single-integration gateway to a wide array of online casino and gaming content. They focus on simplifying access for partners by reducing complexity and cost, while maintaining high standards of service, reliability, and client support. As a compact and agile team, they are constantly innovating and expanding.

We are looking for a motivated and dynamic Account Manager to join their growing team in Malta. No prior industry experience is required if you are client-focused, adaptable, and eager to grow, this could be the perfect opportunity for you.",,,,if you are new to the industry.,,2026-06-09,2026-12-31,true
Italian/Swedish Sales Team Leader,italianswedish-sales-team-leader,Sales,"St. Julian, Malta",Full-Time,On-Site,https://outreach-recruitment-agency.careers-page.com/jobs/aea7e979-a834-4991-beca-e9336e751049/apply,"• 

    

        
• 

    
    
• 

    
    
• 

    
• 
    
• 

    
• 
   
    
    
• 

    
• 

    
• 
    
• 
    
      
• 
    

    
• 
    
      
• 
    

    

        
            
            
              window.dataLayer = window.dataLayer || [];
              function gtag(){dataLayer.push(arguments);}
              gtag('js', new Date());

              gtag('config', 'G-XZZNFPW0ML');
            
        

        
        

Italian/Swedish Sales Team Leader | Outreach Recruitment Agency

    :root {
        --default-primary-color: #442DFA;

        --default-secondary-color: #442DFA;

        --banner-opacity: 0.5;

        --paragraph-font: 'Roboto', sans-serif;

        --heading-font: 'Inter', sans-serif;

    }

    
    
        

            
                
            
        

        

            

                Company website
            

            

                
            

        

        
            
                
                
                
            
        
    

    
        

            

                
                    
                
            
            
        

        

            

                

                    
                

                

                    

No name
                    

-
                

                
                    

                
            

            
                
• 
                    
                        
                            

                        

                        My profile
                    
                
                
• 
                    
                        
                            

                        

                        My applications
                    
                
                
• 
                    
                        
                            

                        

                        My referrals
                    
                
            
        

        Company website

        

            
        
    
    
    &times;

    
        

            
                Current account
            
            

                

                    
                

                

                    

No name
                    

-
                
            
        
        
            
                

            
            Sign out
        
    

        

    

        

            

            
            

                

Italian/Swedish Sales Team Leader
            
            
            

                

                    
• 
                        
    

    
    

    

St. Julian's, Malta

                    

                    
• 
                        

    

Full-Time

                    
                    
• 
                        

    

On-Site

                    

                

                

                    

                        
                            Apply now
                        
                            
                                Refer
                            
                    
                    

    Share:
    
        
    
    
        
    
    
        
    
    
        
            
                

            
        
    
    
        
    
    
        
    

                
            
            

             

                
  
    
• 
      
        
  

      

  

          
•           Job Openings
  

      
•           Italian/Swedish Sales Team Leader  

            
            

                
  
    
• 
      
        
  

      

  

          
•           Italian/Swedish Sales Team Leader  

            
            

            
            

                

Job Description:
                

                     

Located in Malta, our client has been a leading provider in finance, currency trading, online trading, and customer relations since 2012. With a team of around 200 employees, they pride themselves on innovation, growth, and creating a dynamic work environment. They are currently seeking a positive, creative, and results-driven Sales Team Leader fluent in Swedish to join their energetic Sales Department.",,,,,,2026-06-09,2026-12-31,true
Italian/Swedish Retention Team Leader,italianswedish-retention-team-leader,General,"St. Julian, Malta",Full-Time,On-Site,https://outreach-recruitment-agency.careers-page.com/jobs/039f0982-54cf-4b06-8f4f-ec77d145c5cb/apply,"• 

    

        
• 

    
    
• 

    
    
• 

    
• 
    
• 

    
• 
   
    
    
• 

    
• 

    
• 
    
• 
    
      
• 
    

    
• 
    
      
• 
    

    

        
            
            
              window.dataLayer = window.dataLayer || [];
              function gtag(){dataLayer.push(arguments);}
              gtag('js', new Date());

              gtag('config', 'G-XZZNFPW0ML');
            
        

        
        

Italian/Swedish Retention Team Leader | Outreach Recruitment Agency

    :root {
        --default-primary-color: #442DFA;

        --default-secondary-color: #442DFA;

        --banner-opacity: 0.5;

        --paragraph-font: 'Roboto', sans-serif;

        --heading-font: 'Inter', sans-serif;

    }

    
    
        

            
                
            
        

        

            

                Company website
            

            

                
            

        

        
            
                
                
                
            
        
    

    
        

            

                
                    
                
            
            
        

        

            

                

                    
                

                

                    

No name
                    

-
                

                
                    

                
            

            
                
• 
                    
                        
                            

                        

                        My profile
                    
                
                
• 
                    
                        
                            

                        

                        My applications
                    
                
                
• 
                    
                        
                            

                        

                        My referrals
                    
                
            
        

        Company website

        

            
        
    
    
    &times;

    
        

            
                Current account
            
            

                

                    
                

                

                    

No name
                    

-
                
            
        
        
            
                

            
            Sign out
        
    

        

    

        

            

            
            

                

Italian/Swedish Retention Team Leader
            
            
            

                

                    
• 
                        
    

    
    

    

St. Julian's, Malta

                    

                    
• 
                        

    

Full-Time

                    
                    
• 
                        

    

On-Site

                    

                

                

                    

                        
                            Apply now
                        
                            
                                Refer
                            
                    
                    

    Share:
    
        
    
    
        
    
    
        
    
    
        
            
                

            
        
    
    
        
    
    
        
    

                
            
            

             

                
  
    
• 
      
        
  

      

  

          
•           Job Openings
  

      
•           Italian/Swedish Retention Team Leader  

            
            

                
  
    
• 
      
        
  

      

  

          
•           Italian/Swedish Retention Team Leader  

            
            

            
            

                

Job Description:
                

                     

Our client is seeking a highly motivated and experienced Italian/Swedish Retention Team Leader to manage, motivate, and drive the performance of a team of Account Managers within a fast-paced, target-driven environment.

Key Duties &","Implement call and campaign strategies as directed by the Shift Manager.|Motivate and guide Account Managers to achieve business targets in line with regulatory requirements.|Take full responsibility for the overall performance of the Account Management team.|Improve operational efficiency and productivity across the team.|Ensure the smooth and accurate execution of daily and monthly objectives.|Monitor communication between Account Managers and Clients, ensuring appropriate training is provided when required.","Strong problem-solving and decision-making skills.|Proven people management and leadership abilities.|Minimum of 1 years experience in a similar role or within a relevant industry.|Ability to adapt in a fast-changing environment.|Excellent communication and interpersonal skills.|Ability to work under pressure within a target-oriented setting.|Capable of working both independently and within a team.|Fluent in Italian or Swedish.|Good command of English.|Proficient in Microsoft Office (Word, Excel, PowerPoint, Outlook).|Willingness to successfully complete any required local regulatory certification.",,,,2026-06-09,2026-12-31,true
Italian Media Buyer,italian-media-buyer,General,"St. Julian, Malta",Full-Time,On-Site,https://outreach-recruitment-agency.careers-page.com/jobs/f8760079-f20a-4711-96f4-db04df017688/apply,"• 

    

        
• 

    
    
• 

    
    
• 

    
• 
    
• 

    
• 
   
    
    
• 

    
• 

    
• 
    
• 
    
      
• 
    

    
• 
    
      
• 
    

    

        
            
            
              window.dataLayer = window.dataLayer || [];
              function gtag(){dataLayer.push(arguments);}
              gtag('js', new Date());

              gtag('config', 'G-XZZNFPW0ML');
            
        

        
        

Italian Media Buyer | Outreach Recruitment Agency

    :root {
        --default-primary-color: #442DFA;

        --default-secondary-color: #442DFA;

        --banner-opacity: 0.5;

        --paragraph-font: 'Roboto', sans-serif;

        --heading-font: 'Inter', sans-serif;

    }

    
    
        

            
                
            
        

        

            

                Company website
            

            

                
            

        

        
            
                
                
                
            
        
    

    
        

            

                
                    
                
            
            
        

        

            

                

                    
                

                

                    

No name
                    

-
                

                
                    

                
            

            
                
• 
                    
                        
                            

                        

                        My profile
                    
                
                
• 
                    
                        
                            

                        

                        My applications
                    
                
                
• 
                    
                        
                            

                        

                        My referrals
                    
                
            
        

        Company website

        

            
        
    
    
    &times;

    
        

            
                Current account
            
            

                

                    
                

                

                    

No name
                    

-
                
            
        
        
            
                

            
            Sign out
        
    

        

    

        

            

            
            

                

Italian Media Buyer
            
            
            

                

                    
• 
                        
    

    
    

    

St. Julian's, Malta

                    

                    
• 
                        

    

Full-Time

                    
                    
• 
                        

    

On-Site

                    

                

                

                    

                        
                            Apply now
                        
                            
                                Refer
                            
                    
                    

    Share:
    
        
    
    
        
    
    
        
    
    
        
            
                

            
        
    
    
        
    
    
        
    

                
            
            

             

                
  
    
• 
      
        
  

      

  

          
•           Job Openings
  

      
•           Italian Media Buyer  

            
            

                
  
    
• 
      
        
  

      

  

          
•           Italian Media Buyer  

            
            

            
            

                

Job Description:
                

                     

Our client is a global MarTech company founded by experts in fintech technology, online marketing, and customer acquisition. They provide tailored and innovative solutions to help companies with complex needs achieve their full potential. They are currently seeking an Italian Media Buyer to join their growing team.","Identify target audiences for media campaigns and determine the most effective communication channels.|Build and maintain long-term relationships with international digital publishers and online advertising platforms.|Negotiate with suppliers to secure the best rates and most suitable online media placements.|Monitor and optimize advertising campaigns to ensure maximum ROI.|Create, manage, and optimize online campaigns on a daily basis with in-depth data analysis.|Work closely with the Sales team to achieve lead targets in line with the monthly advertising budget.","Excellent level of English (spoken and written).|Excellent level of Italian (spoken and written).|Previous experience in roles such as Affiliate Manager, Campaign Manager, PPC Manager, Media Buyer, or Online Marketing Manager.|Strong analytical and negotiation skills are a must.|Ability to work independently; self-motivated and solution-oriented.|Highly organized with the ability to manage multiple tasks and meet tight deadlines.","Competitive salary with a performance-based bonus system.|An international working environment with a young, dynamic, and driven team.|Excellent team culture and a positive working atmosphere.|The opportunity to be part of a large-scale international project from the ground up.",,,2026-06-09,2026-12-31,true
Sales Assistant Manager,sales-assistant-manager,Sales,"Birkirkara, Malta",Full-Time,On-Site,https://outreach-recruitment-agency.careers-page.com/jobs/067be012-2b55-4586-bd03-c0bb6247eac4/apply,"• 

    

        
• 

    
    
• 

    
    
• 

    
• 
    
• 

    
• 
   
    
    
• 

    
• 

    
• 
    
• 
    
      
• 
    

    
• 
    
      
• 
    

    

        
            
            
              window.dataLayer = window.dataLayer || [];
              function gtag(){dataLayer.push(arguments);}
              gtag('js', new Date());

              gtag('config', 'G-XZZNFPW0ML');
            
        

        
        

Sales Assistant Manager | Outreach Recruitment Agency

    :root {
        --default-primary-color: #442DFA;

        --default-secondary-color: #442DFA;

        --banner-opacity: 0.5;

        --paragraph-font: 'Roboto', sans-serif;

        --heading-font: 'Inter', sans-serif;

    }

    
    
        

            
                
            
        

        

            

                Company website
            

            

                
            

        

        
            
                
                
                
            
        
    

    
        

            

                
                    
                
            
            
        

        

            

                

                    
                

                

                    

No name
                    

-
                

                
                    

                
            

            
                
• 
                    
                        
                            

                        

                        My profile
                    
                
                
• 
                    
                        
                            

                        

                        My applications
                    
                
                
• 
                    
                        
                            

                        

                        My referrals
                    
                
            
        

        Company website

        

            
        
    
    
    &times;

    
        

            
                Current account
            
            

                

                    
                

                

                    

No name
                    

-
                
            
        
        
            
                

            
            Sign out
        
    

        

    

        

            

            
            

                

Sales Assistant Manager
            
            
            

                

                    
• 
                        
    

    
    

    

Birkirkara, Malta

                    

                    
• 
                        

    

Full-Time

                    
                    
• 
                        

    

On-Site

                    

                

                

                    

                        
                            Apply now
                        
                            
                                Refer
                            
                    
                    

    Share:
    
        
    
    
        
    
    
        
    
    
        
            
                

            
        
    
    
        
    
    
        
    

                
            
            

             

                
  
    
• 
      
        
  

      

  

          
•           Job Openings
  

      
•           Sales Assistant Manager  

            
            

                
  
    
• 
      
        
  

      

  

          
•           Sales Assistant Manager  

            
            

            
            

                

Job Description:
                

                     

Our client is a well-established clothing store in Birkirkara, offering stylish apparel for ladies and children. They pride themselves on delivering exceptional customer service and creating a welcoming shopping experience.

Role Overview:
They are currently seeking a proactive and customer-focused Sales Assistant Manager fluent in Maltese to support the day-to-day operations of the store and assist the Store Manager in driving sales performance. The ideal candidate will lead by example on the shop floor, motivate the team, and ensure excellent service standards are consistently delivered. The role is available on a full-time basis.","Lead, motivate, and support the sales team to achieve store targets.|Provide exceptional customer service and ensure a positive shopping experience.|Assist the Store Manager with daily operations, scheduling, and staff supervision.|Train, onboard, and coach new team members.|Advise customers on products, styling, and promotions.|Ensure high standards of visual merchandising, store presentation, and cleanliness.|Oversee stock management, replenishment, and inventory checks.|Handle customer queries and resolve complaints professionally.|Monitor sales performance and contribute to achieving KPIs.","Fluent in Maltese; English is a plus.|Previous experience in a retail supervisory or senior sales role is preferred.|Strong leadership and people management skills.|Passion for fashion and current trends.|Excellent communication and customer service skills.|Organised, responsible, and able to work under pressure.|Flexible, reliable, and a team player.",Competitive salary with employee discounts.|Friendly and supportive work environment.|Ongoing training and development.|Career advancement opportunities within the company.,,,2026-06-09,2026-12-31,true
Automotive Service Advisor,automotive-service-advisor,General,Malta,Full-Time,On-Site,https://outreach-recruitment-agency.careers-page.com/jobs/7b8fe795-0594-4ea5-bc56-0d7efc030a8d/apply,"• 

    

        
• 

    
    
• 

    
    
• 

    
• 
    
• 

    
• 
   
    
    
• 

    
• 

    
• 
    
• 
    
      
• 
    

    
• 
    
      
• 
    

    

        
            
            
              window.dataLayer = window.dataLayer || [];
              function gtag(){dataLayer.push(arguments);}
              gtag('js', new Date());

              gtag('config', 'G-XZZNFPW0ML');
            
        

        
        

Automotive Service Advisor | Outreach Recruitment Agency

    :root {
        --default-primary-color: #442DFA;

        --default-secondary-color: #442DFA;

        --banner-opacity: 0.5;

        --paragraph-font: 'Roboto', sans-serif;

        --heading-font: 'Inter', sans-serif;

    }

    
    
        

            
                
            
        

        

            

                Company website
            

            

                
            

        

        
            
                
                
                
            
        
    

    
        

            

                
                    
                
            
            
        

        

            

                

                    
                

                

                    

No name
                    

-
                

                
                    

                
            

            
                
• 
                    
                        
                            

                        

                        My profile
                    
                
                
• 
                    
                        
                            

                        

                        My applications
                    
                
                
• 
                    
                        
                            

                        

                        My referrals
                    
                
            
        

        Company website

        

            
        
    
    
    &times;

    
        

            
                Current account
            
            

                

                    
                

                

                    

No name
                    

-
                
            
        
        
            
                

            
            Sign out
        
    

        

    

        

            

            
            

                

Automotive Service Advisor
            
            
            

                

                    
• 
                        
    

    
    

    

Malta

                    

                    
• 
                        

    

Full-Time

                    
                    
• 
                        

    

On-Site

                    

                

                

                    

                        
                            Apply now
                        
                            
                                Refer
                            
                    
                    

    Share:
    
        
    
    
        
    
    
        
    
    
        
            
                

            
        
    
    
        
    
    
        
    

                
            
            

             

                
  
    
• 
      
        
  

      

  

          
•           Job Openings
  

      
•           Automotive Service Advisor  

            
            

                
  
    
• 
      
        
  

      

  

          
•           Automotive Service Advisor  

            
            

            
            

                

Job Description:
                

                     

🌟 Exciting Opportunity: Join Our client’s Team as a Service Advisor 🌐🚗

We are actively seeking a Service Advisor to join the ranks of our esteemed client in the automotive industry. If you are a dynamic professional driven by a passion for exceptional customer service, we invite you to become an integral part of their team!","Set up and schedule appointments to ensure that the workshop’s availability is maximized.|Answer and attend to customers’ queries that may arise in a prompt manner and update CRM information details accordingly.|Create job cards and attach the relevant documents correctly, such as: VHC, vehicle information and recalls.|Create purchase orders and input to WIP for any local repairs and provide petty cash for the VRT and other authorised purchases via the team leaders.|Identifying recalls and immediately inform all clients affected, take immediate action, and process all information / job cards.|Notify client if technical campaigns are found, update and maintain records of such findings and attach to job cards if necessary.|Allocate and monitor ‘client waiting’ appointments correctly.|Communicate and keep team leaders abreast regarding the status of works, queries, etc.|Monitor the daily log sheet.|Contact customers to approve additional repairs that are needed by preparing a full estimate including labour and parts costs; upon approval, update team leaders accordingly.|Confirm with clients any additional / future repairs / ordering of parts.|Identify repeat repair concerns and process job cards to the team leaders for immediate action.|Prepare weekly job cards for filing and warranty job cards for processing.|Contact customers for vehicle collection.|Request approvals for Government purchase orders and vehicle collection.|Register service packs for new vehicles and upgrade existing service packs.|Process cash deposits when necessary.|Prepare detailed cash and warranty invoices for vehicle collection outlining all services rendered.|Handle invoicing of credit accounts and internal job cards including PDI.",,,,,2026-06-09,2026-12-31,true
Sales Executive  B2B,sales-executive-b2b,Sales,"Birkirkara, Malta",Full-Time,On-Site,https://outreach-recruitment-agency.careers-page.com/jobs/e3e5b79a-9025-4c64-9ca2-7f9071b3a283/apply,"• 

    

        
• 

    
    
• 

    
    
• 

    
• 
    
• 

    
• 
   
    
    
• 

    
• 

    
• 
    
• 
    
      
• 
    

    
• 
    
      
• 
    

    

        
            
            
              window.dataLayer = window.dataLayer || [];
              function gtag(){dataLayer.push(arguments);}
              gtag('js', new Date());

              gtag('config', 'G-XZZNFPW0ML');
            
        

        
        

Sales Executive  B2B | Outreach Recruitment Agency

    :root {
        --default-primary-color: #442DFA;

        --default-secondary-color: #442DFA;

        --banner-opacity: 0.5;

        --paragraph-font: 'Roboto', sans-serif;

        --heading-font: 'Inter', sans-serif;

    }

    
    
        

            
                
            
        

        

            

                Company website
            

            

                
            

        

        
            
                
                
                
            
        
    

    
        

            

                
                    
                
            
            
        

        

            

                

                    
                

                

                    

No name
                    

-
                

                
                    

                
            

            
                
• 
                    
                        
                            

                        

                        My profile
                    
                
                
• 
                    
                        
                            

                        

                        My applications
                    
                
                
• 
                    
                        
                            

                        

                        My referrals
                    
                
            
        

        Company website

        

            
        
    
    
    &times;

    
        

            
                Current account
            
            

                

                    
                

                

                    

No name
                    

-
                
            
        
        
            
                

            
            Sign out
        
    

        

    

        

            

            
            

                

Sales Executive  B2B
            
            
            

                

                    
• 
                        
    

    
    

    

Birkirkara, Malta

                    

                    
• 
                        

    

Full-Time

                    
                    
• 
                        

    

On-Site

                    

                

                

                    

                        
                            Apply now
                        
                            
                                Refer
                            
                    
                    

    Share:
    
        
    
    
        
    
    
        
    
    
        
            
                

            
        
    
    
        
    
    
        
    

                
            
            

             

                
  
    
• 
      
        
  

      

  

          
•           Job Openings
  

      
•           Sales Executive  B2B  

            
            

                
  
    
• 
      
        
  

      

  

          
•           Sales Executive  B2B  

            
            

            
            

                

Job Description:
                

                     

A growing and reputable group of companies is seeking to recruit a Sales Executive (B2B) to join their dynamic sales team. This role is ideal for an ambitious professional with strong client-facing skills and a passion for business development.",,,,,,2026-06-09,2026-12-31,true
Construction Site Foreman,construction-site-foreman,General,Malta,Full-Time,On-Site,https://outreach-recruitment-agency.careers-page.com/jobs/e17b8ee0-0fbe-4684-91e2-47aa67a4c27c/apply,"• 

    

        
• 

    
    
• 

    
    
• 

    
• 
    
• 

    
• 
   
    
    
• 

    
• 

    
• 
    
• 
    
      
• 
    

    
• 
    
      
• 
    

    

        
            
            
              window.dataLayer = window.dataLayer || [];
              function gtag(){dataLayer.push(arguments);}
              gtag('js', new Date());

              gtag('config', 'G-XZZNFPW0ML');
            
        

        
        

Construction Site Foreman | Outreach Recruitment Agency

    :root {
        --default-primary-color: #442DFA;

        --default-secondary-color: #442DFA;

        --banner-opacity: 0.5;

        --paragraph-font: 'Roboto', sans-serif;

        --heading-font: 'Inter', sans-serif;

    }

    
    
        

            
                
            
        

        

            

                Company website
            

            

                
            

        

        
            
                
                
                
            
        
    

    
        

            

                
                    
                
            
            
        

        

            

                

                    
                

                

                    

No name
                    

-
                

                
                    

                
            

            
                
• 
                    
                        
                            

                        

                        My profile
                    
                
                
• 
                    
                        
                            

                        

                        My applications
                    
                
                
• 
                    
                        
                            

                        

                        My referrals
                    
                
            
        

        Company website

        

            
        
    
    
    &times;

    
        

            
                Current account
            
            

                

                    
                

                

                    

No name
                    

-
                
            
        
        
            
                

            
            Sign out
        
    

        

    

        

            

            
            

                

Construction Site Foreman
            
            
            

                

                    
• 
                        
    

    
    

    

Malta

                    

                    
• 
                        

    

Full-Time

                    
                    
• 
                        

    

On-Site

                    

                

                

                    

                        
                            Apply now
                        
                            
                                Refer
                            
                    
                    

    Share:
    
        
    
    
        
    
    
        
    
    
        
            
                

            
        
    
    
        
    
    
        
    

                
            
            

             

                
  
    
• 
      
        
  

      

  

          
•           Job Openings
  

      
•           Construction Site Foreman  

            
            

                
  
    
• 
      
        
  

      

  

          
•           Construction Site Foreman  

            
            

            
            

                

Job Description:
                

                     

We are looking for an experienced Site Foreman to oversee daily operations on a new construction site, ensuring that projects are completed safely, on time, and within budget. This role requires hands-on leadership to manage teams, maintain quality standards, and ensure that all work is carried out in line with industry regulations.","Supervise and coordinate site workers, subcontractors, and resources to ensure smooth operations|Monitor project progress, making adjustments as needed to stay on schedule and within budget|Enforce safety protocols, ensuring compliance with health and safety regulations|Inspect work to ensure it meets quality standards and specifications|Liaise with project managers, engineers, and other stakeholders to resolve any issues and meet project goals|Maintain accurate site records and daily reports","Proven experience as a Site Foreman or similar role in construction|Strong leadership and communication skills, with the ability to manage and motivate teams|Excellent problem-solving abilities and attention to detail|Knowledge of construction safety regulations and best practices|Ability to read and interpret blueprints, drawings, and plans",,,,2026-06-09,2026-12-31,true
High Voltage Motor Vehicle Technician,high-voltage-motor-vehicle-technician,Engineering & Maintenance,"Gżira, Malta",Full-Time,On-Site,https://outreach-recruitment-agency.careers-page.com/jobs/0721d174-292f-4fee-a1cd-05af92d5ca8c/apply,"• 

    

        
• 

    
    
• 

    
    
• 

    
• 
    
• 

    
• 
   
    
    
• 

    
• 

    
• 
    
• 
    
      
• 
    

    
• 
    
      
• 
    

    

        
            
            
              window.dataLayer = window.dataLayer || [];
              function gtag(){dataLayer.push(arguments);}
              gtag('js', new Date());

              gtag('config', 'G-XZZNFPW0ML');
            
        

        
        

High Voltage Motor Vehicle Technician | Outreach Recruitment Agency

    :root {
        --default-primary-color: #442DFA;

        --default-secondary-color: #442DFA;

        --banner-opacity: 0.5;

        --paragraph-font: 'Roboto', sans-serif;

        --heading-font: 'Inter', sans-serif;

    }

    
    
        

            
                
            
        

        

            

                Company website
            

            

                
            

        

        
            
                
                
                
            
        
    

    
        

            

                
                    
                
            
            
        

        

            

                

                    
                

                

                    

No name
                    

-
                

                
                    

                
            

            
                
• 
                    
                        
                            

                        

                        My profile
                    
                
                
• 
                    
                        
                            

                        

                        My applications
                    
                
                
• 
                    
                        
                            

                        

                        My referrals
                    
                
            
        

        Company website

        

            
        
    
    
    &times;

    
        

            
                Current account
            
            

                

                    
                

                

                    

No name
                    

-
                
            
        
        
            
                

            
            Sign out
        
    

        

    

        

            

            
            

                

High Voltage Motor Vehicle Technician
            
            
            

                

                    
• 
                        
    

    
    

    

Gżira, Malta

                    

                    
• 
                        

    

Full-Time

                    
                    
• 
                        

    

On-Site

                    

                

                

                    

                        
                            Apply now
                        
                            
                                Refer
                            
                    
                    

    Share:
    
        
    
    
        
    
    
        
    
    
        
            
                

            
        
    
    
        
    
    
        
    

                
            
            

             

                
  
    
• 
      
        
  

      

  

          
•           Job Openings
  

      
•           High Voltage Motor Vehicle Technician  

            
            

                
  
    
• 
      
        
  

      

  

          
•           High Voltage Motor Vehicle Technician  

            
            

            
            

                

Job Description:
                

                     

Our client, a leading company in the automotive industry, is currently seeking an experienced and skilled ﻿High Voltage Motor Vehicle Technician to join their team.This is a full-time opportunity and the contract is provided directly by the company.

Tasks:   

• Carry out de-energisation and re-energisation of the high voltage system and ensure that the high voltage system is truly disconnected.
• Carry out diagnosis on the high voltage system and its components.
• Carry out replacement of high voltage components as per manufacturers specifications.
• Carry out classification of the high voltage battery and ensure all documentation is correctly filled in.
• Document repairs and diagnosis performed on job card.
• Perform repairs as per repair manuals and using the special tools required to safely conduct the repair.
• Perform diagnosis and repairs on systems fitted on a vehicle with an internal combustion engine.
• Make proper use of tools and equipment, including personal protective clothing provided.
• Keep the work area clean and tidy to promote and maintain a safe working environment.
• Adhere strictly to the health and safety regulations and also to company and franchise-required standards.
• Attend training organised locally and overseas when and as required.
• Carry out additional duties assigned by the Workshop Manager as required.

• The list of duties and",,,Health Insurance|Loyalty Card|Work / Life Balance|Apply now|Share:|Job Openings|High Voltage Motor Vehicle Technician|High Voltage Motor Vehicle Technician|utils.saveUTM();|const utm = utils.getUTM();,,,2026-06-09,2026-12-31,true
Sales Executive,sales-executive,Sales,"Mosta, Malta",Full-Time,On-Site,https://outreach-recruitment-agency.careers-page.com/jobs/b449d023-9406-4e23-9c82-6d743f476d7e/apply,"• 

    

        
• 

    
    
• 

    
    
• 

    
• 
    
• 

    
• 
   
    
    
• 

    
• 

    
• 
    
• 
    
      
• 
    

    
• 
    
      
• 
    

    

        
            
            
              window.dataLayer = window.dataLayer || [];
              function gtag(){dataLayer.push(arguments);}
              gtag('js', new Date());

              gtag('config', 'G-XZZNFPW0ML');
            
        

        
        

Sales Executive | Outreach Recruitment Agency

    :root {
        --default-primary-color: #442DFA;

        --default-secondary-color: #442DFA;

        --banner-opacity: 0.5;

        --paragraph-font: 'Roboto', sans-serif;

        --heading-font: 'Inter', sans-serif;

    }

    
    
        

            
                
            
        

        

            

                Company website
            

            

                
            

        

        
            
                
                
                
            
        
    

    
        

            

                
                    
                
            
            
        

        

            

                

                    
                

                

                    

No name
                    

-
                

                
                    

                
            

            
                
• 
                    
                        
                            

                        

                        My profile
                    
                
                
• 
                    
                        
                            

                        

                        My applications
                    
                
                
• 
                    
                        
                            

                        

                        My referrals
                    
                
            
        

        Company website

        

            
        
    
    
    &times;

    
        

            
                Current account
            
            

                

                    
                

                

                    

No name
                    

-
                
            
        
        
            
                

            
            Sign out
        
    

        

    

        

            

            
            

                

Sales Executive
            
            
            

                

                    
• 
                        
    

    
    

    

Mosta, Malta

                    

                    
• 
                        

    

Full-Time

                    
                    
• 
                        

    

On-Site

                    

                

                

                    

                        
                            Apply now
                        
                            
                                Refer
                            
                    
                    

    Share:
    
        
    
    
        
    
    
        
    
    
        
            
                

            
        
    
    
        
    
    
        
    

                
            
            

             

                
  
    
• 
      
        
  

      

  

          
•           Job Openings
  

      
•           Sales Executive  

            
            

                
  
    
• 
      
        
  

      

  

          
•           Sales Executive  

            
            

            
            

                

Job Description:
                

                     

Our client, a leading provider of industrial automation, electrical, and mechanical products, is offering an exciting opportunity for a Growth Executive (GE) in their Malta office, focused on the local market. As a Growth Executive, you will be responsible for answering incoming requests, updating software systems, informing clients about web shop capabilities, and liaising with supplier partners to ensure seamless service delivery.",,,,,,2026-06-09,2026-12-31,true
Sales Engineer,sales-engineer,Engineering & Maintenance,"Mosta, Malta",Full-Time,On-Site,https://outreach-recruitment-agency.careers-page.com/jobs/6368460a-f32e-4f98-9a7c-7798709b7746/apply,"• 

    

        
• 

    
    
• 

    
    
• 

    
• 
    
• 

    
• 
   
    
    
• 

    
• 

    
• 
    
• 
    
      
• 
    

    
• 
    
      
• 
    

    

        
            
            
              window.dataLayer = window.dataLayer || [];
              function gtag(){dataLayer.push(arguments);}
              gtag('js', new Date());

              gtag('config', 'G-XZZNFPW0ML');
            
        

        
        

Sales Engineer | Outreach Recruitment Agency

    :root {
        --default-primary-color: #442DFA;

        --default-secondary-color: #442DFA;

        --banner-opacity: 0.5;

        --paragraph-font: 'Roboto', sans-serif;

        --heading-font: 'Inter', sans-serif;

    }

    
    
        

            
                
            
        

        

            

                Company website
            

            

                
            

        

        
            
                
                
                
            
        
    

    
        

            

                
                    
                
            
            
        

        

            

                

                    
                

                

                    

No name
                    

-
                

                
                    

                
            

            
                
• 
                    
                        
                            

                        

                        My profile
                    
                
                
• 
                    
                        
                            

                        

                        My applications
                    
                
                
• 
                    
                        
                            

                        

                        My referrals
                    
                
            
        

        Company website

        

            
        
    
    
    &times;

    
        

            
                Current account
            
            

                

                    
                

                

                    

No name
                    

-
                
            
        
        
            
                

            
            Sign out
        
    

        

    

        

            

            
            

                

Sales Engineer
            
            
            

                

                    
• 
                        
    

    
    

    

Mosta, Malta

                    

                    
• 
                        

    

Full-Time

                    
                    
• 
                        

    

On-Site

                    

                

                

                    

                        
                            Apply now
                        
                            
                                Refer
                            
                    
                    

    Share:
    
        
    
    
        
    
    
        
    
    
        
            
                

            
        
    
    
        
    
    
        
    

                
            
            

             

                
  
    
• 
      
        
  

      

  

          
•           Job Openings
  

      
•           Sales Engineer  

            
            

                
  
    
• 
      
        
  

      

  

          
•           Sales Engineer  

            
            

            
            

                

Job Description:
                

                     

Our client, a leading provider of industrial automation, electrical, and mechanical products, is offering an exciting opportunity for a Growth Engineer in their Malta office, focused on the local market. As a Growth Engineer (GE), you will be responsible for answering incoming requests, updating software systems, informing clients about web shop capabilities, and liaising with supplier partners.

The engineer title will be applicable to candidates who are eligible for the Maltese engineering warrant. The candidate will be under the supervision of a warranted electrical engineer.",,,,,,2026-06-09,2026-12-31,true
Logistics Officer,logistics-officer,Logistics,"Mosta, Malta",Full-Time,On-Site,https://outreach-recruitment-agency.careers-page.com/jobs/7ab4b381-c5a5-4a19-b1fd-d64fc653313d/apply,"• 

    

        
• 

    
    
• 

    
    
• 

    
• 
    
• 

    
• 
   
    
    
• 

    
• 

    
• 
    
• 
    
      
• 
    

    
• 
    
      
• 
    

    

        
            
            
              window.dataLayer = window.dataLayer || [];
              function gtag(){dataLayer.push(arguments);}
              gtag('js', new Date());

              gtag('config', 'G-XZZNFPW0ML');
            
        

        
        

Logistics Officer | Outreach Recruitment Agency

    :root {
        --default-primary-color: #442DFA;

        --default-secondary-color: #442DFA;

        --banner-opacity: 0.5;

        --paragraph-font: 'Roboto', sans-serif;

        --heading-font: 'Inter', sans-serif;

    }

    
    
        

            
                
            
        

        

            

                Company website
            

            

                
            

        

        
            
                
                
                
            
        
    

    
        

            

                
                    
                
            
            
        

        

            

                

                    
                

                

                    

No name
                    

-
                

                
                    

                
            

            
                
• 
                    
                        
                            

                        

                        My profile
                    
                
                
• 
                    
                        
                            

                        

                        My applications
                    
                
                
• 
                    
                        
                            

                        

                        My referrals
                    
                
            
        

        Company website

        

            
        
    
    
    &times;

    
        

            
                Current account
            
            

                

                    
                

                

                    

No name
                    

-
                
            
        
        
            
                

            
            Sign out
        
    

        

    

        

            

            
            

                

Logistics Officer
            
            
            

                

                    
• 
                        
    

    
    

    

Mosta, Northern Region, Malta

                    

                    
• 
                        

    

Full-Time

                    
                    
• 
                        

    

On-Site

                    

                

                

                    

                        
                            Apply now
                        
                            
                                Refer
                            
                    
                    

    Share:
    
        
    
    
        
    
    
        
    
    
        
            
                

            
        
    
    
        
    
    
        
    

                
            
            

             

                
  
    
• 
      
        
  

      

  

          
•           Job Openings
  

      
•           Logistics Officer  

            
            

                
  
    
• 
      
        
  

      

  

          
•           Logistics Officer  

            
            

            
            

                

Job Description:
                

                     

We are seeking a dynamic Logistics Officer to join our clients construction team. Reporting directly to the Assistant & Laboratory Manager, you will coordinate test appointments, manage technician schedules, review reports, and handle billing processes. This role offers exposure to multiple functions within the construction sector and opportunities for career growth.",,,,,,2026-06-09,2026-12-31,true
Front Office Agent,front-office-agent,Administration,"St. Julian, Malta",Full-Time,On-Site,https://outreach-recruitment-agency.careers-page.com/jobs/4ad528d5-10df-4340-8f96-1d43120eafaf/apply,"• 

    

        
• 

    
    
• 

    
    
• 

    
• 
    
• 

    
• 
   
    
    
• 

    
• 

    
• 
    
• 
    
      
• 
    

    
• 
    
      
• 
    

    

        
            
            
              window.dataLayer = window.dataLayer || [];
              function gtag(){dataLayer.push(arguments);}
              gtag('js', new Date());

              gtag('config', 'G-XZZNFPW0ML');
            
        

        
        

Front Office Agent | Outreach Recruitment Agency

    :root {
        --default-primary-color: #442DFA;

        --default-secondary-color: #442DFA;",,,,,,2026-06-09,2026-12-31,true
Sommeliers &amp; Junior Sommeliers,sommeliers-amp-junior-sommeliers,Hospitality,"St. Julian, Malta",Full-Time,On-Site,https://outreach-recruitment-agency.careers-page.com/jobs/4b1fa1c1-919c-4630-a73c-42d61c054530/apply,"• 

    

        
• 

    
    
• 

    
    
• 

    
• 
    
• 

    
• 
   
    
    
• 

    
• 

    
• 
    
• 
    
      
• 
    

    
• 
    
      
• 
    

    

        
            
            
              window.dataLayer = window.dataLayer || [];
              function gtag(){dataLayer.push(arguments);}
              gtag('js', new Date());

              gtag('config', 'G-XZZNFPW0ML');
            
        

        
        

Sommeliers & Junior Sommeliers | Outreach Recruitment Agency

    :root {
        --default-primary-color: #442DFA;

        --default-secondary-col",,,,,,2026-06-09,2026-12-31,true
Spa Therapist,spa-therapist,Healthcare,"St. Julian, Malta",Full-Time,On-Site,https://outreach-recruitment-agency.careers-page.com/jobs/8423530a-70ef-426c-b937-7f2273fc379e/apply,"• 

    

        
• 

    
    
• 

    
    
• 

    
• 
    
• 

    
• 
   
    
    
• 

    
• 

    
• 
    
• 
    
      
• 
    

    
• 
    
      
• 
    

    

        
            
            
              window.dataLayer = window.dataLayer || [];
              function gtag(){dataLayer.push(arguments);}
              gtag('js', new Date());

              gtag('config', 'G-XZZNFPW0ML');
            
        

        
        

Spa Therapist | Outreach Recruitment Agency

    :root {
        --default-primary-color: #442DFA;

        --default-secondary-color: #442DFA;",,,,,,2026-06-09,2026-12-31,true
Room Attendants,room-attendants,General,"St. Julian, Malta",Full-Time,On-Site,https://outreach-recruitment-agency.careers-page.com/jobs/b46b5ae0-64cf-4e8e-bb79-04c127075bf8/apply,"• 

    

        
• 

    
    
• 

    
    
• 

    
• 
    
• 

    
• 
   
    
    
• 

    
• 

    
• 
    
• 
    
      
• 
    

    
• 
    
      
• 
    

    

        
            
            
              window.dataLayer = window.dataLayer || [];
              function gtag(){dataLayer.push(arguments);}
              gtag('js', new Date());

              gtag('config', 'G-XZZNFPW0ML');
            
        

        
        

Room Attendants | Outreach Recruitment Agency

    :root {
        --default-primary-color: #442DFA;

        --default-secondary-color: #442DFA;

        --banner-opacity: 0.5;

        --paragraph-font: 'Roboto', sans-serif;

        --heading-font: 'Inter', sans-serif;

    }

    
    
        

            
                
            
        

        

            

                Company website
            

            

                
            

        

        
            
                
                
                
            
        
    

    
        

            

                
                    
                
            
            
        

        

            

                

                    
                

                

                    

No name
                    

-
                

                
                    

                
            

            
                
• 
                    
                        
                            

                        

                        My profile
                    
                
                
• 
                    
                        
                            

                        

                        My applications
                    
                
                
• 
                    
                        
                            

                        

                        My referrals
                    
                
            
        

        Company website

        

            
        
    
    
    &times;

    
        

            
                Current account
            
            

                

                    
                

                

                    

No name
                    

-
                
            
        
        
            
                

            
            Sign out
        
    

        

    

        

            

            
            

                

Room Attendants
            
            
            

                

                    
• 
                        
    

    
    

    

St. Julian's, Malta

                    

                    
• 
                        

    

Full-Time

                    
                    
• 
                        

    

On-Site

                    

                

                

                    

                        
                            Apply now
                        
                            
                                Refer
                            
                    
                    

    Share:
    
        
    
    
        
    
    
        
    
    
        
            
                

            
        
    
    
        
    
    
        
    

                
            
            

             

                
  
    
• 
      
        
  

      

  

          
•           Job Openings
  

      
•           Room Attendants  

            
            

                
  
    
• 
      
        
  

      

  

          
•           Room Attendants  

            
            

            
            

                

Job Description:
                

                     

We are looking for detail-oriented Room Attendants to join a vibrant hotel in Malta. Ensure every room is spotless, comfortable, and ready to impress every guest.

The Role

• 

Maintain top cleanliness standards in guest rooms and assigned areas

• 

Clean daily, including windows, balconies, bathrooms, and surfaces

• 

Perform scheduled deep-cleaning and rotational duties

• 

Follow all health, safety, and hygiene guidelines

• 

Report maintenance issues promptly

• 

Participate in ongoing training and development

• 

Assist with additional housekeeping duties as required

Job",,,,,,2026-06-09,2026-12-31,true
Bartenders,bartenders,Hospitality,"St. Julian, Malta",Full-Time,On-Site,https://outreach-recruitment-agency.careers-page.com/jobs/6340df98-4db8-4bca-b1dd-1d65765b2dcc/apply,"• 

    

        
• 

    
    
• 

    
    
• 

    
• 
    
• 

    
• 
   
    
    
• 

    
• 

    
• 
    
• 
    
      
• 
    

    
• 
    
      
• 
    

    

        
            
            
              window.dataLayer = window.dataLayer || [];
              function gtag(){dataLayer.push(arguments);}
              gtag('js', new Date());

              gtag('config', 'G-XZZNFPW0ML');
            
        

        
        

Bartenders | Outreach Recruitment Agency

    :root {
        --default-primary-color: #442DFA;

        --default-secondary-color: #442DFA;

        --banner-opacity: 0.5;

        --paragraph-font: 'Roboto', sans-serif;

        --heading-font: 'Inter', sans-serif;

    }

    
    
        

            
                
            
        

        

            

                Company website
            

            

                
            

        

        
            
                
                
                
            
        
    

    
        

            

                
                    
                
            
            
        

        

            

                

                    
                

                

                    

No name
                    

-
                

                
                    

                
            

            
                
• 
                    
                        
                            

                        

                        My profile
                    
                
                
• 
                    
                        
                            

                        

                        My applications
                    
                
                
• 
                    
                        
                            

                        

                        My referrals
                    
                
            
        

        Company website

        

            
        
    
    
    &times;

    
        

            
                Current account
            
            

                

                    
                

                

                    

No name
                    

-
                
            
        
        
            
                

            
            Sign out
        
    

        

    

        

            

            
            

                

Bartenders
            
            
            

                

                    
• 
                        
    

    
    

    

St. Julian's, Malta

                    

                    
• 
                        

    

Full-Time

                    
                    
• 
                        

    

On-Site

                    

                

                

                    

                        
                            Apply now
                        
                            
                                Refer
                            
                    
                    

    Share:
    
        
    
    
        
    
    
        
    
    
        
            
                

            
        
    
    
        
    
    
        
    

                
            
            

             

                
  
    
• 
      
        
  

      

  

          
•           Job Openings
  

      
•           Bartenders  

            
            

                
  
    
• 
      
        
  

      

  

          
•           Bartenders  

            
            

            
            

                

Job Description:
                

                     

We are looking for energetic and passionate Bartenders to join a vibrant new restaurant and bar in Malta. Bring flair, precision, and personality to every drink and create memorable experiences for every guest.

The Role

• 

Mix and serve drinks with precision, creativity, and style

• 

Create a lively, engaging, and guest-focused atmosphere

• 

Keep the bar clean, organized, and fully stocked

• 

Know the menu thoroughly and guide guests on drink selections

• 

Follow hygiene, safety, and quality standards at all times

Job",,,,,,2026-06-09,2026-12-31,true
Hostess,hostess,General,"St. Julian, Malta",Full-Time,On-Site,https://outreach-recruitment-agency.careers-page.com/jobs/62b5778b-3563-4ad1-91ce-c37b28506c8d/apply,"• 

    

        
• 

    
    
• 

    
    
• 

    
• 
    
• 

    
• 
   
    
    
• 

    
• 

    
• 
    
• 
    
      
• 
    

    
• 
    
      
• 
    

    

        
            
            
              window.dataLayer = window.dataLayer || [];
              function gtag(){dataLayer.push(arguments);}
              gtag('js', new Date());

              gtag('config', 'G-XZZNFPW0ML');
            
        

        
        

Hostess | Outreach Recruitment Agency

    :root {
        --default-primary-color: #442DFA;

        --default-secondary-color: #442DFA;

        --banner-opacity: 0.5;

        --paragraph-font: 'Roboto', sans-serif;

        --heading-font: 'Inter', sans-serif;

    }

    
    
        

            
                
            
        

        

            

                Company website
            

            

                
            

        

        
            
                
                
                
            
        
    

    
        

            

                
                    
                
            
            
        

        

            

                

                    
                

                

                    

No name
                    

-
                

                
                    

                
            

            
                
• 
                    
                        
                            

                        

                        My profile
                    
                
                
• 
                    
                        
                            

                        

                        My applications
                    
                
                
• 
                    
                        
                            

                        

                        My referrals
                    
                
            
        

        Company website

        

            
        
    
    
    &times;

    
        

            
                Current account
            
            

                

                    
                

                

                    

No name
                    

-
                
            
        
        
            
                

            
            Sign out
        
    

        

    

        

            

            
            

                

Hostess
            
            
            

                

                    
• 
                        
    

    
    

    

St. Julian's, Malta

                    

                    
• 
                        

    

Full-Time

                    
                    
• 
                        

    

On-Site

                    

                

                

                    

                        
                            Apply now
                        
                            
                                Refer
                            
                    
                    

    Share:
    
        
    
    
        
    
    
        
    
    
        
            
                

            
        
    
    
        
    
    
        
    

                
            
            

             

                
  
    
• 
      
        
  

      

  

          
•           Job Openings
  

      
•           Hostess  

            
            

                
  
    
• 
      
        
  

      

  

          
•           Hostess  

            
            

            
            

                

Job Description:
                

                     

We are looking for energetic and friendly Hostesses to join a vibrant new restaurant in Malta. Be the first smile guests see and set the tone for a memorable dining experience.

The Role

• 

Greet guests with warmth, personality, and professionalism

• 

Manage reservations, waitlists, and seating efficiently

• 

Guide guests to their tables and ensure smooth service flow

• 

Provide information about the restaurant and answer guest inquiries

• 

Maintain a clean, organized, and welcoming entrance area

Job",,,,,,2026-06-09,2026-12-31,true
Junior Cooks,junior-cooks,Hospitality,"St. Julian, Malta",Full-Time,On-Site,https://outreach-recruitment-agency.careers-page.com/jobs/57654ec0-ce7e-4334-8c39-0e4467af92a3/apply,"• 

    

        
• 

    
    
• 

    
    
• 

    
• 
    
• 

    
• 
   
    
    
• 

    
• 

    
• 
    
• 
    
      
• 
    

    
• 
    
      
• 
    

    

        
            
            
              window.dataLayer = window.dataLayer || [];
              function gtag(){dataLayer.push(arguments);}
              gtag('js', new Date());

              gtag('config', 'G-XZZNFPW0ML');
            
        

        
        

Junior Cooks | Outreach Recruitment Agency

    :root {
        --default-primary-color: #442DFA;

        --default-secondary-color: #442DFA;

        --banner-opacity: 0.5;

        --paragraph-font: 'Roboto', sans-serif;

        --heading-font: 'Inter', sans-serif;

    }

    
    
        

            
                
            
        

        

            

                Company website
            

            

                
            

        

        
            
                
                
                
            
        
    

    
        

            

                
                    
                
            
            
        

        

            

                

                    
                

                

                    

No name
                    

-
                

                
                    

                
            

            
                
• 
                    
                        
                            

                        

                        My profile
                    
                
                
• 
                    
                        
                            

                        

                        My applications
                    
                
                
• 
                    
                        
                            

                        

                        My referrals
                    
                
            
        

        Company website

        

            
        
    
    
    &times;

    
        

            
                Current account
            
            

                

                    
                

                

                    

No name
                    

-
                
            
        
        
            
                

            
            Sign out
        
    

        

    

        

            

            
            

                

Junior Cooks
            
            
            

                

                    
• 
                        
    

    
    

    

St. Julian's, Malta

                    

                    
• 
                        

    

Full-Time

                    
                    
• 
                        

    

On-Site

                    

                

                

                    

                        
                            Apply now
                        
                            
                                Refer
                            
                    
                    

    Share:
    
        
    
    
        
    
    
        
    
    
        
            
                

            
        
    
    
        
    
    
        
    

                
            
            

             

                
  
    
• 
      
        
  

      

  

          
•           Job Openings
  

      
•           Junior Cooks  

            
            

                
  
    
• 
      
        
  

      

  

          
•           Junior Cooks  

            
            

            
            

                

Job Description:
                

                     

We are looking for passionate Line Cooks to join an exciting new restaurant in Malta. This is your chance to bring precision, energy, and creativity to a high-paced kitchen and contribute to unforgettable dining experiences.

The Role

• 

Prepare dishes according to established recipes and quality standards

• 

Work efficiently at your station to ensure smooth service

• 

Support the kitchen team with prep, coordination, and communication

• 

Follow strict food safety, hygiene, and cleanliness standards

• 

Keep the kitchen organised, well-stocked, and positive

Job",,,,,,2026-06-09,2026-12-31,true
Sous Chef,sous-chef,Hospitality,"St. Julian, Malta",Full-Time,On-Site,https://outreach-recruitment-agency.careers-page.com/jobs/a626916a-28cf-40ce-bfa8-0033852c2091/apply,"• 

    

        
• 

    
    
• 

    
    
• 

    
• 
    
• 

    
• 
   
    
    
• 

    
• 

    
• 
    
• 
    
      
• 
    

    
• 
    
      
• 
    

    

        
            
            
              window.dataLayer = window.dataLayer || [];
              function gtag(){dataLayer.push(arguments);}
              gtag('js', new Date());

              gtag('config', 'G-XZZNFPW0ML');
            
        

        
        

Sous Chef | Outreach Recruitment Agency

    :root {
        --default-primary-color: #442DFA;

        --default-secondary-color: #442DFA;

        --banner-opacity: 0.5;

        --paragraph-font: 'Roboto', sans-serif;

        --heading-font: 'Inter', sans-serif;

    }

    
    
        

            
                
            
        

        

            

                Company website
            

            

                
            

        

        
            
                
                
                
            
        
    

    
        

            

                
                    
                
            
            
        

        

            

                

                    
                

                

                    

No name
                    

-
                

                
                    

                
            

            
                
• 
                    
                        
                            

                        

                        My profile
                    
                
                
• 
                    
                        
                            

                        

                        My applications
                    
                
                
• 
                    
                        
                            

                        

                        My referrals
                    
                
            
        

        Company website

        

            
        
    
    
    &times;

    
        

            
                Current account
            
            

                

                    
                

                

                    

No name
                    

-
                
            
        
        
            
                

            
            Sign out
        
    

        

    

        

            

            
            

                

Sous Chef
            
            
            

                

                    
• 
                        
    

    
    

    

St. Julian's, Malta

                    

                    
• 
                        

    

Full-Time

                    
                    
• 
                        

    

On-Site

                    

                

                

                    

                        
                            Apply now
                        
                            
                                Refer
                            
                    
                    

    Share:
    
        
    
    
        
    
    
        
    
    
        
            
                

            
        
    
    
        
    
    
        
    

                
            
            

             

                
  
    
• 
      
        
  

      

  

          
•           Job Openings
  

      
•           Sous Chef  

            
            

                
  
    
• 
      
        
  

      

  

          
•           Sous Chef  

            
            

            
            

                

Job Description:
                

                     

We are seeking a talented Sous Chef to join our team in Malta. The role offers the opportunity to support kitchen operations, lead staff, and deliver high-quality dishes across a diverse and innovative culinary portfolio.

Why Join

You will be part of a dynamic and supportive environment where your contributions are valued and your professional growth is encouraged.

Benefits include:

• 

Private health insurance

• 

Exclusive employee discount card across restaurants, outlets, and partner brands

• 

Training and development opportunities to advance your career

• 

Team events and employee recognition initiatives

• 

Opportunities for internal mobility across hotels, restaurants, and retail concepts",,,,,,2026-06-09,2026-12-31,true
Head Chef,head-chef,Hospitality,"St. Julian, Malta",Full-Time,On-Site,https://outreach-recruitment-agency.careers-page.com/jobs/16fda931-34ab-49cc-8359-f2eeb425e014/apply,"• 

    

        
• 

    
    
• 

    
    
• 

    
• 
    
• 

    
• 
   
    
    
• 

    
• 

    
• 
    
• 
    
      
• 
    

    
• 
    
      
• 
    

    

        
            
            
              window.dataLayer = window.dataLayer || [];
              function gtag(){dataLayer.push(arguments);}
              gtag('js', new Date());

              gtag('config', 'G-XZZNFPW0ML');
            
        

        
        

Head Chef | Outreach Recruitment Agency

    :root {
        --default-primary-color: #442DFA;

        --default-secondary-color: #442DFA;

        --banner-opacity: 0.5;

        --paragraph-font: 'Roboto', sans-serif;

        --heading-font: 'Inter', sans-serif;

    }

    
    
        

            
                
            
        

        

            

                Company website
            

            

                
            

        

        
            
                
                
                
            
        
    

    
        

            

                
                    
                
            
            
        

        

            

                

                    
                

                

                    

No name
                    

-
                

                
                    

                
            

            
                
• 
                    
                        
                            

                        

                        My profile
                    
                
                
• 
                    
                        
                            

                        

                        My applications
                    
                
                
• 
                    
                        
                            

                        

                        My referrals
                    
                
            
        

        Company website

        

            
        
    
    
    &times;

    
        

            
                Current account
            
            

                

                    
                

                

                    

No name
                    

-
                
            
        
        
            
                

            
            Sign out
        
    

        

    

        

            

            
            

                

Head Chef
            
            
            

                

                    
• 
                        
    

    
    

    

St. Julian's, Malta

                    

                    
• 
                        

    

Full-Time

                    
                    
• 
                        

    

On-Site

                    

                

                

                    

                        
                            Apply now
                        
                            
                                Refer
                            
                    
                    

    Share:
    
        
    
    
        
    
    
        
    
    
        
            
                

            
        
    
    
        
    
    
        
    

                
            
            

             

                
  
    
• 
      
        
  

      

  

          
•           Job Openings
  

      
•           Head Chef  

            
            

                
  
    
• 
      
        
  

      

  

          
•           Head Chef  

            
            

            
            

                

Job Description:
                

                     

We are seeking a Head Chef to join a leading hospitality operator in Malta. The role offers the opportunity to lead a diverse culinary team and deliver exceptional dining experiences across a portfolio of high-quality restaurants.

Why Join

You will be part of a supportive and dynamic environment where your efforts are recognized and your professional growth is encouraged.

You can look forward to:

• 

Private health insurance

• 

Exclusive employee discount card across multiple restaurants, outlets, and partner brands

• 

Training and development opportunities to grow your career

• 

Team events and employee recognition initiatives

• 

Opportunities for internal mobility across hotels, restaurants, and retail concepts

The Job

• 

Lead the kitchen team and ensure high standards in food quality, presentation, and service

• 

Oversee preparation, cooking, and plating of all dishes according to recipes and quality expectations

• 

Maintain a clean, organised, and efficient kitchen, ensuring all areas are stocked and sanitised

• 

Manage daily kitchen setup and breakdown, ensuring all tools, equipment, and ingredients are ready for service

• 

Handle procurement, stock control, and ingredient quality while minimising waste

• 

Collaborate with management on menu planning, creating innovative and seasonal dishes aligned with the restaurant concept

• 

Develop and maintain training programs for senior chefs, promoting strong culinary standards

• 

Ensure full compliance with the Site Allergen Procedure

• 

Work closely with the front-of-house team to ensure smooth coordination during service

• 

Review and maintain Food Hygiene Policy with strict adherence to food handling and storage standards

• 

Support recruitment, onboarding, and training of kitchen staff

• 

Commit to continuous professional development and stay updated with culinary trends and techniques

Job",,,,,,2026-06-09,2026-12-31,true
Marketing Manager,marketing-manager,Marketing,"St. Julian, Malta",Full-Time,On-Site,https://outreach-recruitment-agency.careers-page.com/jobs/570bfe6a-b61b-4dc9-a4a5-69ad19a73812/apply,"• 

    

        
• 

    
    
• 

    
    
• 

    
• 
    
• 

    
• 
   
    
    
• 

    
• 

    
• 
    
• 
    
      
• 
    

    
• 
    
      
• 
    

    

        
            
            
              window.dataLayer = window.dataLayer || [];
              function gtag(){dataLayer.push(arguments);}
              gtag('js', new Date());

              gtag('config', 'G-XZZNFPW0ML');
            
        

        
        

Marketing Manager | Outreach Recruitment Agency

    :root {
        --default-primary-color: #442DFA;

        --default-secondary-color: #442DFA;

        --banner-opacity: 0.5;

        --paragraph-font: 'Roboto', sans-serif;

        --heading-font: 'Inter', sans-serif;

    }

    
    
        

            
                
            
        

        

            

                Company website
            

            

                
            

        

        
            
                
                
                
            
        
    

    
        

            

                
                    
                
            
            
        

        

            

                

                    
                

                

                    

No name
                    

-
                

                
                    

                
            

            
                
• 
                    
                        
                            

                        

                        My profile
                    
                
                
• 
                    
                        
                            

                        

                        My applications
                    
                
                
• 
                    
                        
                            

                        

                        My referrals
                    
                
            
        

        Company website

        

            
        
    
    
    &times;

    
        

            
                Current account
            
            

                

                    
                

                

                    

No name
                    

-
                
            
        
        
            
                

            
            Sign out
        
    

        

    

        

            

            
            

                

Marketing Manager
            
            
            

                

                    
• 
                        
    

    
    

    

St. Julian's, Malta

                    

                    
• 
                        

    

Full-Time

                    
                    
• 
                        

    

On-Site

                    

                

                

                    

                        
                            Apply now
                        
                            
                                Refer
                            
                    
                    

    Share:
    
        
    
    
        
    
    
        
    
    
        
            
                

            
        
    
    
        
    
    
        
    

                
            
            

             

                
  
    
• 
      
        
  

      

  

          
•           Job Openings
  

      
•           Marketing Manager  

            
            

                
  
    
• 
      
        
  

      

  

          
•           Marketing Manager  

            
            

            
            

                

Job Description:
                

                     

Our client, a leading hospitality and leisure operator in Malta, manages a diverse portfolio of restaurants offering a wide range of cuisines and unique dining experiences, all united by a commitment to quality, innovation, and outstanding guest service.

The Role

We are seeking a Marketing Manager to lead the marketing efforts across the restaurant portfolio. This role will play a key part in shaping the voice, identity, and presence of the restaurants, from concept launches to digital engagement and campaigns.",,,,,,2026-06-09,2026-12-31,true
Chef De Partie,chef-de-partie,Hospitality,"St. Julian, Malta",Full-Time,On-Site,https://outreach-recruitment-agency.careers-page.com/jobs/d9cb0450-7c70-48de-8a39-2d4872b33bf4/apply,"• 

    

        
• 

    
    
• 

    
    
• 

    
• 
    
• 

    
• 
   
    
    
• 

    
• 

    
• 
    
• 
    
      
• 
    

    
• 
    
      
• 
    

    

        
            
            
              window.dataLayer = window.dataLayer || [];
              function gtag(){dataLayer.push(arguments);}
              gtag('js', new Date());

              gtag('config', 'G-XZZNFPW0ML');
            
        

        
        

Chef De Partie | Outreach Recruitment Agency

    :root {
        --default-primary-color: #442DFA;

        --default-secondary-color: #442DFA;

        --banner-opacity: 0.5;

        --paragraph-font: 'Roboto', sans-serif;

        --heading-font: 'Inter', sans-serif;

    }

    
    
        

            
                
            
        

        

            

                Company website
            

            

                
            

        

        
            
                
                
                
            
        
    

    
        

            

                
                    
                
            
            
        

        

            

                

                    
                

                

                    

No name
                    

-
                

                
                    

                
            

            
                
• 
                    
                        
                            

                        

                        My profile
                    
                
                
• 
                    
                        
                            

                        

                        My applications
                    
                
                
• 
                    
                        
                            

                        

                        My referrals
                    
                
            
        

        Company website

        

            
        
    
    
    &times;

    
        

            
                Current account
            
            

                

                    
                

                

                    

No name
                    

-
                
            
        
        
            
                

            
            Sign out
        
    

        

    

        

            

            
            

                

Chef De Partie
            
            
            

                

                    
• 
                        
    

    
    

    

St. Julian's, Malta

                    

                    
• 
                        

    

Full-Time

                    
                    
• 
                        

    

On-Site

                    

                

                

                    

                        
                            Apply now
                        
                            
                                Refer
                            
                    
                    

    Share:
    
        
    
    
        
    
    
        
    
    
        
            
                

            
        
    
    
        
    
    
        
    

                
            
            

             

                
  
    
• 
      
        
  

      

  

          
•           Job Openings
  

      
•           Chef De Partie  

            
            

                
  
    
• 
      
        
  

      

  

          
•           Chef De Partie  

            
            

            
            

                

Job Description:
                

                     

Our client, a leading hospitality and leisure operator in Malta, manages a diverse portfolio of restaurants offering a variety of cuisines and unique dining experiences. The organization is committed to quality, creativity, and exceptional guest service.

The Role

We are seeking a Chef de Partie to join the team. The selected candidate will play an active role in the kitchens daily operations, ensuring the preparation of high-quality dishes and maintaining the organizations standards of excellence.",,,,,,2026-06-09,2026-12-31,true
Financial controller,financial-controller,General,"Birkirkara, Malta",Full-Time,On-Site,https://outreach-recruitment-agency.careers-page.com/jobs/948e7422-76f6-4edf-9719-3d0ec5675f99/apply,"• 

    

        
• 

    
    
• 

    
    
• 

    
• 
    
• 

    
• 
   
    
    
• 

    
• 

    
• 
    
• 
    
      
• 
    

    
• 
    
      
• 
    

    

        
            
            
              window.dataLayer = window.dataLayer || [];
              function gtag(){dataLayer.push(arguments);}
              gtag('js', new Date());

              gtag('config', 'G-XZZNFPW0ML');
            
        

        
        

Financial controller | Outreach Recruitment Agency

    :root {
        --default-primary-color: #442DFA;

        --default-secondary-color: #442DFA;

        --banner-opacity: 0.5;

        --paragraph-font: 'Roboto', sans-serif;

        --heading-font: 'Inter', sans-serif;

    }

    
    
        

            
                
            
        

        

            

                Company website
            

            

                
            

        

        
            
                
                
                
            
        
    

    
        

            

                
                    
                
            
            
        

        

            

                

                    
                

                

                    

No name
                    

-
                

                
                    

                
            

            
                
• 
                    
                        
                            

                        

                        My profile
                    
                
                
• 
                    
                        
                            

                        

                        My applications
                    
                
                
• 
                    
                        
                            

                        

                        My referrals
                    
                
            
        

        Company website

        

            
        
    
    
    &times;

    
        

            
                Current account
            
            

                

                    
                

                

                    

No name
                    

-
                
            
        
        
            
                

            
            Sign out
        
    

        

    

        

            

            
            

                

Financial controller
            
            
            

                

                    
• 
                        
    

    
    

    

Birkirkara, Malta

                    

                    
• 
                        

    

Full-Time

                    
                    
• 
                        

    

On-Site

                    

                

                

                    

                        
                            Apply now
                        
                            
                                Refer
                            
                    
                    

    Share:
    
        
    
    
        
    
    
        
    
    
        
            
                

            
        
    
    
        
    
    
        
    

                
            
            

             

                
  
    
• 
      
        
  

      

  

          
•           Job Openings
  

      
•           Financial controller  

            
            

                
  
    
• 
      
        
  

      

  

          
•           Financial controller  

            
            

            
            

                

Job Description:
                

                     

Our client, a leading name in Malta's hospitality and leisure industry, is seeking a Financial Controller to join their finance team. This role offers the opportunity to contribute to the financial leadership of a well-established organization that operates premium hotels, restaurants, and retail concepts across the island.

The Role

As Financial Controller, you will play a strategic role in supporting decision-making, ensuring compliance, and leading a dedicated finance team to deliver accurate and timely financial reporting. You will collaborate closely with Department Heads, Senior Management, and the Group Chief Financial Officer to strengthen financial performance and support growth across multiple business units.",,,,,,2026-06-09,2026-12-31,true
Cost Controller,cost-controller,General,"Birkirkara, Malta",Full-Time,On-Site,https://outreach-recruitment-agency.careers-page.com/jobs/3d97b186-789f-4df4-9e22-3c500fec06dc/apply,"• 

    

        
• 

    
    
• 

    
    
• 

    
• 
    
• 

    
• 
   
    
    
• 

    
• 

    
• 
    
• 
    
      
• 
    

    
• 
    
      
• 
    

    

        
            
            
              window.dataLayer = window.dataLayer || [];
              function gtag(){dataLayer.push(arguments);}
              gtag('js', new Date());

              gtag('config', 'G-XZZNFPW0ML');
            
        

        
        

Cost Controller | Outreach Recruitment Agency

    :root {
        --default-primary-color: #442DFA;

        --default-secondary-color: #442DFA;

        --banner-opacity: 0.5;

        --paragraph-font: 'Roboto', sans-serif;

        --heading-font: 'Inter', sans-serif;

    }

    
    
        

            
                
            
        

        

            

                Company website
            

            

                
            

        

        
            
                
                
                
            
        
    

    
        

            

                
                    
                
            
            
        

        

            

                

                    
                

                

                    

No name
                    

-
                

                
                    

                
            

            
                
• 
                    
                        
                            

                        

                        My profile
                    
                
                
• 
                    
                        
                            

                        

                        My applications
                    
                
                
• 
                    
                        
                            

                        

                        My referrals
                    
                
            
        

        Company website

        

            
        
    
    
    &times;

    
        

            
                Current account
            
            

                

                    
                

                

                    

No name
                    

-
                
            
        
        
            
                

            
            Sign out
        
    

        

    

        

            

            
            

                

Cost Controller
            
            
            

                

                    
• 
                        
    

    
    

    

Birkirkara, Malta

                    

                    
• 
                        

    

Full-Time

                    
                    
• 
                        

    

On-Site

                    

                

                

                    

                        
                            Apply now
                        
                            
                                Refer
                            
                    
                    

    Share:
    
        
    
    
        
    
    
        
    
    
        
            
                

            
        
    
    
        
    
    
        
    

                
            
            

             

                
  
    
• 
      
        
  

      

  

          
•           Job Openings
  

      
•           Cost Controller  

            
            

                
  
    
• 
      
        
  

      

  

          
•           Cost Controller  

            
            

            
            

                

Job Description:
                

                     

Our client, a leading organization in Malta's hospitality and leisure sector, operates renowned hotels and a variety of restaurants, including international and local brands. The group is known for its commitment to quality, innovation, and providing memorable guest experiences across all properties.

The Role

We are currently seeking a Cost Controller to join the team. The selected candidate will be responsible for monitoring, analyzing, and reporting on cost-related activities, ensuring accuracy and efficiency across all operational departments.",,,,,,2026-06-09,2026-12-31,true
Pastry Commis Chef,pastry-commis-chef,Hospitality,"Mellieħa, Malta",Full-Time,On-Site,https://outreach-recruitment-agency.careers-page.com/jobs/8b6bf54b-4961-49c3-996d-7c7db5ee2711/apply,"• 

    

        
• 

    
    
• 

    
    
• 

    
• 
    
• 

    
• 
   
    
    
• 

    
• 

    
• 
    
• 
    
      
• 
    

    
• 
    
      
• 
    

    

        
            
            
              window.dataLayer = window.dataLayer || [];
              function gtag(){dataLayer.push(arguments);}
              gtag('js', new Date());

              gtag('config', 'G-XZZNFPW0ML');
            
        

        
        

Pastry Commis Chef | Outreach Recruitment Agency

    :root {
        --default-primary-color: #442DFA;

        --default-secondary-color: #442DFA;

        --banner-opacity: 0.5;

        --paragraph-font: 'Roboto', sans-serif;

        --heading-font: 'Inter', sans-serif;

    }

    
    
        

            
                
            
        

        

            

                Company website
            

            

                
            

        

        
            
                
                
                
            
        
    

    
        

            

                
                    
                
            
            
        

        

            

                

                    
                

                

                    

No name
                    

-
                

                
                    

                
            

            
                
• 
                    
                        
                            

                        

                        My profile
                    
                
                
• 
                    
                        
                            

                        

                        My applications
                    
                
                
• 
                    
                        
                            

                        

                        My referrals
                    
                
            
        

        Company website

        

            
        
    
    
    &times;

    
        

            
                Current account
            
            

                

                    
                

                

                    

No name
                    

-
                
            
        
        
            
                

            
            Sign out
        
    

        

    

        

            

            
            

                

Pastry Commis Chef
            
            
            

                

                    
• 
                        
    

    
    

    

Mellieħa, Malta

                    

                    
• 
                        

    

Full-Time

                    
                    
• 
                        

    

On-Site

                    

                

                

                    

                        
                            Apply now
                        
                            
                                Refer
                            
                    
                    

    Share:
    
        
    
    
        
    
    
        
    
    
        
            
                

            
        
    
    
        
    
    
        
    

                
            
            

             

                
  
    
• 
      
        
  

      

  

          
•           Job Openings
  

      
•           Pastry Commis Chef  

            
            

                
  
    
• 
      
        
  

      

  

          
•           Pastry Commis Chef  

            
            

            
            

                

Job Description:
                

                     

Our client, a leading organization in Malta's hospitality and leisure sector, operates top hotels and a variety of restaurants, including international and local brands. The group is known for its focus on quality, innovation, and providing memorable guest experiences across all properties.

The Role

We are seeking a Pastry Commis Chef to join the team. You will support the pastry team in preparing and producing high-quality desserts and baked goods, assisting in day-to-day kitchen operations while developing your skills under the guidance of senior pastry chefs.",,,,,,2026-06-09,2026-12-31,true
Steward,steward,General,"St. Julian, Malta",Full-Time,On-Site,https://outreach-recruitment-agency.careers-page.com/jobs/6728b91f-435c-44a6-9722-15bb4b3a02cd/apply,"• 

    

        
• 

    
    
• 

    
    
• 

    
• 
    
• 

    
• 
   
    
    
• 

    
• 

    
• 
    
• 
    
      
• 
    

    
• 
    
      
• 
    

    

        
            
            
              window.dataLayer = window.dataLayer || [];
              function gtag(){dataLayer.push(arguments);}
              gtag('js', new Date());

              gtag('config', 'G-XZZNFPW0ML');
            
        

        
        

Steward | Outreach Recruitment Agency

    :root {
        --default-primary-color: #442DFA;

        --default-secondary-color: #442DFA;

        --banner-opacity: 0.5;

        --paragraph-font: 'Roboto', sans-serif;

        --heading-font: 'Inter', sans-serif;

    }

    
    
        

            
                
            
        

        

            

                Company website
            

            

                
            

        

        
            
                
                
                
            
        
    

    
        

            

                
                    
                
            
            
        

        

            

                

                    
                

                

                    

No name
                    

-
                

                
                    

                
            

            
                
• 
                    
                        
                            

                        

                        My profile
                    
                
                
• 
                    
                        
                            

                        

                        My applications
                    
                
                
• 
                    
                        
                            

                        

                        My referrals
                    
                
            
        

        Company website

        

            
        
    
    
    &times;

    
        

            
                Current account
            
            

                

                    
                

                

                    

No name
                    

-
                
            
        
        
            
                

            
            Sign out
        
    

        

    

        

            

            
            

                

Steward
            
            
            

                

                    
• 
                        
    

    
    

    

St. Julian's, Malta

                    

                    
• 
                        

    

Full-Time

                    
                    
• 
                        

    

On-Site

                    

                

                

                    

                        
                            Apply now
                        
                            
                                Refer
                            
                    
                    

    Share:
    
        
    
    
        
    
    
        
    
    
        
            
                

            
        
    
    
        
    
    
        
    

                
            
            

             

                
  
    
• 
      
        
  

      

  

          
•           Job Openings
  

      
•           Steward  

            
            

                
  
    
• 
      
        
  

      

  

          
•           Steward  

            
            

            
            

                

Job Description:
                

                     

Our client, a leading organization in Malta's hospitality and leisure sector, is preparing for the opening of a new five-star hotel in St. Julian's. They are seeking a dedicated and skilled Steward to join their growing kitchen team and ensure smooth, efficient, and hygienic back-of-house operations.",,,,,,2026-06-09,2026-12-31,true
F&amp;B Server,fampb-server,Hospitality,"Naxxar, Malta",Full-Time,On-Site,https://outreach-recruitment-agency.careers-page.com/jobs/87c14a54-ce71-409e-bf8f-c94278f55176/apply,"• 

    

        
• 

    
    
• 

    
    
• 

    
• 
    
• 

    
• 
   
    
    
• 

    
• 

    
• 
    
• 
    
      
• 
    

    
• 
    
      
• 
    

    

        
            
            
              window.dataLayer = window.dataLayer || [];
              function gtag(){dataLayer.push(arguments);}
              gtag('js', new Date());

              gtag('config', 'G-XZZNFPW0ML');
            
        

        
        

F&B Server | Outreach Recruitment Agency

    :root {
        --default-primary-color: #442DFA;

        --default-secondary-color: #442DFA;

        --banner-opacity: 0.5;

        --paragraph-font: 'Roboto', sans-serif;

        --heading-font: 'Inter', sans-serif;

    }

    
    
        

            
                
            
        

        

            

                Company website
            

            

                
            

        

        
            
                
                
                
            
        
    

    
        

            

                
                    
                
            
            
        

        

            

                

                    
                

                

                    

No name
                    

-
                

                
                    

                
            

            
                
• 
                    
                        
                            

                        

                        My profile
                    
                
                
• 
                    
                        
                            

                        

                        My applications
                    
                
                
• 
                    
                        
                            

                        

                        My referrals
                    
                
            
        

        Company website

        

            
        
    
    
    &times;

    
        

            
                Current account
            
            

                

                    
                

                

                    

No name
                    

-
                
            
        
        
            
                

            
            Sign out
        
    

        

    

        

            

            
            

                

F&B Server
            
            
            

                

                    
• 
                        
    

    
    

    

Naxxar, Malta

                    

                    
• 
                        

    

Full-Time

                    
                    
• 
                        

    

On-Site

                    

                

                

                    

                        
                            Apply now
                        
                            
                                Refer
                            
                    
                    

    Share:
    
        
    
    
        
    
    
        
    
    
        
            
                

            
        
    
    
        
    
    
        
    

                
            
            

             

                
  
    
• 
      
        
  

      

  

          
•           Job Openings
  

      
•           F&B Server  

            
            

                
  
    
• 
      
        
  

      

  

          
•           F&B Server  

            
            

            
            

                

Job Description:
                

                     

Our client, a leading organization in Malta's hospitality and leisure sector, operates top hotels and a wide range of restaurants, including well-known international and local brands. They are known for delivering exceptional guest experiences and maintaining high standards across all properties.

The Role

We are seeking a Food and Beverage Server to join the Food and Beverage Team. You will provide attentive, friendly, and efficient service to guests, ensuring their experience meets the highest standards.",,,,,,2026-06-09,2026-12-31,true
Bar Manager,bar-manager,General,"St. Julian, Malta",Full-Time,On-Site,https://outreach-recruitment-agency.careers-page.com/jobs/32760c6d-0442-41f9-89a5-5315f67d0bef/apply,"• 

    

        
• 

    
    
• 

    
    
• 

    
• 
    
• 

    
• 
   
    
    
• 

    
• 

    
• 
    
• 
    
      
• 
    

    
• 
    
      
• 
    

    

        
            
            
              window.dataLayer = window.dataLayer || [];
              function gtag(){dataLayer.push(arguments);}
              gtag('js', new Date());

              gtag('config', 'G-XZZNFPW0ML');
            
        

        
        

Bar Manager | Outreach Recruitment Agency

    :root {
        --default-primary-color: #442DFA;

        --default-secondary-color: #442DFA;",,,,,,2026-06-09,2026-12-31,true
General Manager,general-manager,General,"St. Julian, Malta",Full-Time,On-Site,https://outreach-recruitment-agency.careers-page.com/jobs/29a10112-367d-4826-b41e-1608ab1bcfff/apply,"• 

    

        
• 

    
    
• 

    
    
• 

    
• 
    
• 

    
• 
   
    
    
• 

    
• 

    
• 
    
• 
    
      
• 
    

    
• 
    
      
• 
    

    

        
            
            
              window.dataLayer = window.dataLayer || [];
              function gtag(){dataLayer.push(arguments);}
              gtag('js', new Date());

              gtag('config', 'G-XZZNFPW0ML');
            
        

        
        

General Manager | Outreach Recruitment Agency

    :root {
        --default-primary-color: #442DFA;

        --default-secondary-color: #442DFA;

        --banner-opacity: 0.5;

        --paragraph-font: 'Roboto', sans-serif;

        --heading-font: 'Inter', sans-serif;

    }

    
    
        

            
                
            
        

        

            

                Company website
            

            

                
            

        

        
            
                
                
                
            
        
    

    
        

            

                
                    
                
            
            
        

        

            

                

                    
                

                

                    

No name
                    

-
                

                
                    

                
            

            
                
• 
                    
                        
                            

                        

                        My profile
                    
                
                
• 
                    
                        
                            

                        

                        My applications
                    
                
                
• 
                    
                        
                            

                        

                        My referrals
                    
                
            
        

        Company website

        

            
        
    
    
    &times;

    
        

            
                Current account
            
            

                

                    
                

                

                    

No name
                    

-
                
            
        
        
            
                

            
            Sign out
        
    

        

    

        

            

            
            

                

General Manager
            
            
            

                

                    
• 
                        
    

    
    

    

St. Julian's, Malta

                    

                    
• 
                        

    

Full-Time

                    
                    
• 
                        

    

On-Site

                    

                

                

                    

                        
                            Apply now
                        
                            
                                Refer
                            
                    
                    

    Share:
    
        
    
    
        
    
    
        
    
    
        
            
                

            
        
    
    
        
    
    
        
    

                
            
            

             

                
  
    
• 
      
        
  

      

  

          
•           Job Openings
  

      
•           General Manager  

            
            

                
  
    
• 
      
        
  

      

  

          
•           General Manager  

            
            

            
            

                

Job Description:
                

                     

Our client, a leading organization in Malta's hospitality and lifestyle sector, is seeking an experienced and visionary General Manager to lead the operations of an exciting new high-end dining concept. This is an exceptional opportunity to bring a refined restaurant vision to life, combining authenticity, creativity, and excellence in service.

What Were Looking For

• 

Proven experience in managing high-end restaurants or luxury hospitality venues.

• 

Strong leadership and team development skills.

• 

Passion for delivering exceptional guest experiences.

• 

Strategic mindset with a hands-on approach to day-to-day operations.

• 

Excellent communication, organisational, and problem-solving abilities.

• 

Understanding of Asian fine dining culture will be considered a strong asset.",,,,,,2026-06-09,2026-12-31,true
Barista,barista,General,"Naxxar, Malta",Full-Time,On-Site,https://outreach-recruitment-agency.careers-page.com/jobs/f6889445-ef3c-4e85-9e0a-9c848192c286/apply,"• 

    

        
• 

    
    
• 

    
    
• 

    
• 
    
• 

    
• 
   
    
    
• 

    
• 

    
• 
    
• 
    
      
• 
    

    
• 
    
      
• 
    

    

        
            
            
              window.dataLayer = window.dataLayer || [];
              function gtag(){dataLayer.push(arguments);}
              gtag('js', new Date());

              gtag('config', 'G-XZZNFPW0ML');
            
        

        
        

Barista | Outreach Recruitment Agency

    :root {
        --default-primary-color: #442DFA;

        --default-secondary-color: #442DFA;

        --banner-opacity: 0.5;

        --paragraph-font: 'Roboto', sans-serif;

        --heading-font: 'Inter', sans-serif;

    }

    
    
        

            
                
            
        

        

            

                Company website
            

            

                
            

        

        
            
                
                
                
            
        
    

    
        

            

                
                    
                
            
            
        

        

            

                

                    
                

                

                    

No name
                    

-
                

                
                    

                
            

            
                
• 
                    
                        
                            

                        

                        My profile
                    
                
                
• 
                    
                        
                            

                        

                        My applications
                    
                
                
• 
                    
                        
                            

                        

                        My referrals
                    
                
            
        

        Company website

        

            
        
    
    
    &times;

    
        

            
                Current account
            
            

                

                    
                

                

                    

No name
                    

-
                
            
        
        
            
                

            
            Sign out
        
    

        

    

        

            

            
            

                

Barista
            
            
            

                

                    
• 
                        
    

    
    

    

Naxxar, Malta

                    

                    
• 
                        

    

Full-Time

                    
                    
• 
                        

    

On-Site

                    

                

                

                    

                        
                            Apply now
                        
                            
                                Refer
                            
                    
                    

    Share:
    
        
    
    
        
    
    
        
    
    
        
            
                

            
        
    
    
        
    
    
        
    

                
            
            

             

                
  
    
• 
      
        
  

      

  

          
•           Job Openings
  

      
•           Barista  

            
            

                
  
    
• 
      
        
  

      

  

          
•           Barista  

            
            

            
            

                

Job Description:
                

                     

Our client, a leading organization in Malta's Hospitality & Leisure sector, is seeking a Barista to join their Food & Beverage Team. The group operates renowned hotels, international brands, and distinguished restaurants offering exceptional dining experiences across Malta.

The Role

As a Barista, you will deliver exceptional customer service while preparing and serving high-quality beverages and food products. You will ensure a clean and organized workspace, follow company procedures, and maintain a positive, professional attitude even during busy periods.",,,,,,2026-06-09,2026-12-31,true
Refrigeration Technician,refrigeration-technician,Engineering & Maintenance,"Mellieħa, Malta",Full-Time,On-Site,https://outreach-recruitment-agency.careers-page.com/jobs/8cb2d7ae-fffc-460d-b359-f78b60994de3/apply,"• 

    

        
• 

    
    
• 

    
    
• 

    
• 
    
• 

    
• 
   
    
    
• 

    
• 

    
• 
    
• 
    
      
• 
    

    
• 
    
      
• 
    

    

        
            
            
              window.dataLayer = window.dataLayer || [];
              function gtag(){dataLayer.push(arguments);}
              gtag('js', new Date());

              gtag('config', 'G-XZZNFPW0ML');
            
        

        
        

Refrigeration Technician | Outreach Recruitment Agency

    :root {
        --default-primary-color: #442DFA;

        --default-secondary-color: #442DFA;

        --banner-opacity: 0.5;

        --paragraph-font: 'Roboto', sans-serif;

        --heading-font: 'Inter', sans-serif;

    }

    
    
        

            
                
            
        

        

            

                Company website
            

            

                
            

        

        
            
                
                
                
            
        
    

    
        

            

                
                    
                
            
            
        

        

            

                

                    
                

                

                    

No name
                    

-
                

                
                    

                
            

            
                
• 
                    
                        
                            

                        

                        My profile
                    
                
                
• 
                    
                        
                            

                        

                        My applications
                    
                
                
• 
                    
                        
                            

                        

                        My referrals
                    
                
            
        

        Company website

        

            
        
    
    
    &times;

    
        

            
                Current account
            
            

                

                    
                

                

                    

No name
                    

-
                
            
        
        
            
                

            
            Sign out
        
    

        

    

        

            

            
            

                

Refrigeration Technician
            
            
            

                

                    
• 
                        
    

    
    

    

Mellieħa, Malta

                    

                    
• 
                        

    

Full-Time

                    
                    
• 
                        

    

On-Site

                    

                

                

                    

                        
                            Apply now
                        
                            
                                Refer
                            
                    
                    

    Share:
    
        
    
    
        
    
    
        
    
    
        
            
                

            
        
    
    
        
    
    
        
    

                
            
            

             

                
  
    
• 
      
        
  

      

  

          
•           Job Openings
  

      
•           Refrigeration Technician  

            
            

                
  
    
• 
      
        
  

      

  

          
•           Refrigeration Technician  

            
            

            
            

                

Job Description:
                

                     

Our client, a leading company in Malta's Hospitality & Leisure sector, is looking for a Refrigeration Technician to join their Maintenance Team. The group operates renowned hotels, spas, restaurants, and international outlets, offering a dynamic and professional environment.",,,,,,2026-06-09,2026-12-31,true
Kitchen Equipment Technician,kitchen-equipment-technician,Engineering & Maintenance,"Mellieħa, Malta",Full-Time,On-Site,https://outreach-recruitment-agency.careers-page.com/jobs/bc8e54fa-0c04-4185-af3b-6622d0a8c613/apply,"• 

    

        
• 

    
    
• 

    
    
• 

    
• 
    
• 

    
• 
   
    
    
• 

    
• 

    
• 
    
• 
    
      
• 
    

    
• 
    
      
• 
    

    

        
            
            
              window.dataLayer = window.dataLayer || [];
              function gtag(){dataLayer.push(arguments);}
              gtag('js', new Date());

              gtag('config', 'G-XZZNFPW0ML');
            
        

        
        

Kitchen Equipment Technician | Outreach Recruitment Agency

    :root {
        --default-primary-color: #442DFA;

        --default-secondary-color: #442DFA;

        --banner-opacity: 0.5;

        --paragraph-font: 'Roboto', sans-serif;

        --heading-font: 'Inter', sans-serif;

    }

    
    
        

            
                
            
        

        

            

                Company website
            

            

                
            

        

        
            
                
                
                
            
        
    

    
        

            

                
                    
                
            
            
        

        

            

                

                    
                

                

                    

No name
                    

-
                

                
                    

                
            

            
                
• 
                    
                        
                            

                        

                        My profile
                    
                
                
• 
                    
                        
                            

                        

                        My applications
                    
                
                
• 
                    
                        
                            

                        

                        My referrals
                    
                
            
        

        Company website

        

            
        
    
    
    &times;

    
        

            
                Current account
            
            

                

                    
                

                

                    

No name
                    

-
                
            
        
        
            
                

            
            Sign out
        
    

        

    

        

            

            
            

                

Kitchen Equipment Technician
            
            
            

                

                    
• 
                        
    

    
    

    

Mellieħa, Malta

                    

                    
• 
                        

    

Full-Time

                    
                    
• 
                        

    

On-Site

                    

                

                

                    

                        
                            Apply now
                        
                            
                                Refer
                            
                    
                    

    Share:
    
        
    
    
        
    
    
        
    
    
        
            
                

            
        
    
    
        
    
    
        
    

                
            
            

             

                
  
    
• 
      
        
  

      

  

          
•           Job Openings
  

      
•           Kitchen Equipment Technician  

            
            

                
  
    
• 
      
        
  

      

  

          
•           Kitchen Equipment Technician  

            
            

            
            

                

Job Description:
                

                     

Our client, a leading name in Malta's Hospitality & Leisure sector, is seeking a Kitchen Equipment Technician to join their Maintenance Team. They operate branded resorts, spas, restaurants, and internationally recognized outlets.",,,,,,2026-06-09,2026-12-31,true
Audit Senior Associate,audit-senior-associate,IT & Technology,"Msida, Malta",Full-Time,On-Site,https://outreach-recruitment-agency.careers-page.com/jobs/a70527a6-c721-4630-aa7f-6eafe435908b/apply,"• 

    

        
• 

    
    
• 

    
    
• 

    
• 
    
• 

    
• 
   
    
    
• 

    
• 

    
• 
    
• 
    
      
• 
    

    
• 
    
      
• 
    

    

        
            
            
              window.dataLayer = window.dataLayer || [];
              function gtag(){dataLayer.push(arguments);}
              gtag('js', new Date());

              gtag('config', 'G-XZZNFPW0ML');
            
        

        
        

Audit Senior Associate | Outreach Recruitment Agency

    :root {
        --default-primary-color: #442DFA;

        --default-secondary-color: #442DFA;

        --banner-opacity: 0.5;

        --paragraph-font: 'Roboto', sans-serif;

        --heading-font: 'Inter', sans-serif;

    }

    
    
        

            
                
            
        

        

            

                Company website
            

            

                
            

        

        
            
                
                
                
            
        
    

    
        

            

                
                    
                
            
            
        

        

            

                

                    
                

                

                    

No name
                    

-
                

                
                    

                
            

            
                
• 
                    
                        
                            

                        

                        My profile
                    
                
                
• 
                    
                        
                            

                        

                        My applications
                    
                
                
• 
                    
                        
                            

                        

                        My referrals
                    
                
            
        

        Company website

        

            
        
    
    
    &times;

    
        

            
                Current account
            
            

                

                    
                

                

                    

No name
                    

-
                
            
        
        
            
                

            
            Sign out
        
    

        

    

        

            

            
            

                

Audit Senior Associate
            
            
            

                

                    
• 
                        
    

    
    

    

Msida, Malta

                    

                    
• 
                        

    

Full-Time

                    
                    
• 
                        

    

On-Site

                    

                

                

                    

                        
                            Apply now
                        
                            
                                Refer
                            
                    
                    

    Share:
    
        
    
    
        
    
    
        
    
    
        
            
                

            
        
    
    
        
    
    
        
    

                
            
            

             

                
  
    
• 
      
        
  

      

  

          
•           Job Openings
  

      
•           Audit Senior Associate  

            
            

                
  
    
• 
      
        
  

      

  

          
•           Audit Senior Associate  

            
            

            
            

                

Job Description:
                

                     

Our client is currently expanding their Audit team and is seeking a Senior Associate to join their existing group of auditors. This is an excellent opportunity for ACCA or University graduates, as well as experienced professionals, to take the next step in their audit career.",,,,,,2026-06-09,2026-12-31,true
Assistance Coordinator (Contact Centre Agent),assistance-coordinator-contact-centre-agent,Administration,"Floriana, Malta",Full-Time,On-Site,https://outreach-recruitment-agency.careers-page.com/jobs/f87f2b0f-a1ae-4811-9237-a681ed032f66/apply,"• 

    

        
• 

    
    
• 

    
    
• 

    
• 
    
• 

    
• 
   
    
    
• 

    
• 

    
• 
    
• 
    
      
• 
    

    
• 
    
      
• 
    

    

        
            
            
              window.dataLayer = window.dataLayer || [];
              function gtag(){dataLayer.push(arguments);}
              gtag('js', new Date());

              gtag('config', 'G-XZZNFPW0ML');
            
        

        
        

Assistance Coordinator (Contact Centre Agent) | Outreach Recruitment Agency

    :root {
        --default-primary-color: #442DFA;

        --default-secondary-color: #442DFA;

        --banner-opacity: 0.5;

        --paragraph-font: 'Roboto', sans-serif;

        --heading-font: 'Inter', sans-serif;

    }

    
    
        

            
                
            
        

        

            

                Company website
            

            

                
            

        

        
            
                
                
                
            
        
    

    
        

            

                
                    
                
            
            
        

        

            

                

                    
                

                

                    

No name
                    

-
                

                
                    

                
            

            
                
• 
                    
                        
                            

                        

                        My profile
                    
                
                
• 
                    
                        
                            

                        

                        My applications
                    
                
                
• 
                    
                        
                            

                        

                        My referrals
                    
                
            
        

        Company website

        

            
        
    
    
    &times;

    
        

            
                Current account
            
            

                

                    
                

                

                    

No name
                    

-
                
            
        
        
            
                

            
            Sign out
        
    

        

    

        

            

            
            

                

Assistance Coordinator (Contact Centre Agent)
            
            
            

                

                    
• 
                        
    

    
    

    

Floriana, Malta

                    

                    
• 
                        

    

Full-Time

                    
                    
• 
                        

    

On-Site

                    

                

                

                    

                        
                            Apply now
                        
                            
                                Refer
                            
                    
                    

    Share:
    
        
    
    
        
    
    
        
    
    
        
            
                

            
        
    
    
        
    
    
        
    

                
            
            

             

                
  
    
• 
      
        
  

      

  

          
•           Job Openings
  

      
•           Assistance Coordinator (Contact Centre Agent)  

            
            

                
  
    
• 
      
        
  

      

  

          
•           Assistance Coordinator (Contact Centre Agent)  

            
            

            
            

                

Job Description:
                

                     

We are seeking a dedicated and customer-oriented Contact Centre Agent for our client to join their growing team on a full-time basis. This role operates on a 24/7 shift schedule, primarily between 6:00 am and 10:00 pm, and involves coordinating assistance services efficiently and professionally.",,,After 3 months of employment:,,,2026-06-09,2026-12-31,true
Customer Contact Centre Representative,customer-contact-centre-representative,General,"Floriana, Malta",Full-Time,On-Site,https://outreach-recruitment-agency.careers-page.com/jobs/ab183a4c-2c2b-48fc-b8c0-800379c81a7b/apply,"• 

    

        
• 

    
    
• 

    
    
• 

    
• 
    
• 

    
• 
   
    
    
• 

    
• 

    
• 
    
• 
    
      
• 
    

    
• 
    
      
• 
    

    

        
            
            
              window.dataLayer = window.dataLayer || [];
              function gtag(){dataLayer.push(arguments);}
              gtag('js', new Date());

              gtag('config', 'G-XZZNFPW0ML');
            
        

        
        

Customer Contact Centre Representative | Outreach Recruitment Agency

    :root {
        --default-primary-color: #442DFA;

        --default-secondary-color: #442DFA;

        --banner-opacity: 0.5;

        --paragraph-font: 'Roboto', sans-serif;

        --heading-font: 'Inter', sans-serif;

    }

    
    
        

            
                
            
        

        

            

                Company website
            

            

                
            

        

        
            
                
                
                
            
        
    

    
        

            

                
                    
                
            
            
        

        

            

                

                    
                

                

                    

No name
                    

-
                

                
                    

                
            

            
                
• 
                    
                        
                            

                        

                        My profile
                    
                
                
• 
                    
                        
                            

                        

                        My applications
                    
                
                
• 
                    
                        
                            

                        

                        My referrals
                    
                
            
        

        Company website

        

            
        
    
    
    &times;

    
        

            
                Current account
            
            

                

                    
                

                

                    

No name
                    

-
                
            
        
        
            
                

            
            Sign out
        
    

        

    

        

            

            
            

                

Customer Contact Centre Representative
            
            
            

                

                    
• 
                        
    

    
    

    

Floriana, Malta

                    

                    
• 
                        

    

Full-Time

                    
                    
• 
                        

    

On-Site

                    

                

                

                    

                        
                            Apply now
                        
                            
                                Refer
                            
                    
                    

    Share:
    
        
    
    
        
    
    
        
    
    
        
            
                

            
        
    
    
        
    
    
        
    

                
            
            

             

                
  
    
• 
      
        
  

      

  

          
•           Job Openings
  

      
•           Customer Contact Centre Representative  

            
            

                
  
    
• 
      
        
  

      

  

          
•           Customer Contact Centre Representative  

            
            

            
            

                

Job Description:
                

                     

We are seeking a motivated and customer-focused Sales & Customer Representative for our client to join their Insurance Support team. The successful candidate will handle customer enquiries, provide quotations, assist with claims information, and conclude sales when applicable  ensuring a high standard of customer service at all times.

While previous experience or qualifications in insurance are considered an asset, full on-the-job training will be provided, along with a dedicated buddy system to support your learning and development.",,,,,,2026-06-09,2026-12-31,true
Builders and Shutterers,builders-and-shutterers,General,"Qormi, Malta",Full-Time,On-Site,https://outreach-recruitment-agency.careers-page.com/jobs/61286c44-1419-49e4-b3a3-f1a9fac21510/apply,"• 

    

        
• 

    
    
• 

    
    
• 

    
• 
    
• 

    
• 
   
    
    
• 

    
• 

    
• 
    
• 
    
      
• 
    

    
• 
    
      
• 
    

    

        
            
            
              window.dataLayer = window.dataLayer || [];
              function gtag(){dataLayer.push(arguments);}
              gtag('js', new Date());

              gtag('config', 'G-XZZNFPW0ML');
            
        

        
        

Builders and Shutterers | Outreach Recruitment Agency

    :root {
        --default-primary-color: #442DFA;

        --default-secondary-color: #442DFA;

        --banner-opacity: 0.5;

        --paragraph-font: 'Roboto', sans-serif;

        --heading-font: 'Inter', sans-serif;

    }

    
    
        

            
                
            
        

        

            

                Company website
            

            

                
            

        

        
            
                
                
                
            
        
    

    
        

            

                
                    
                
            
            
        

        

            

                

                    
                

                

                    

No name
                    

-
                

                
                    

                
            

            
                
• 
                    
                        
                            

                        

                        My profile
                    
                
                
• 
                    
                        
                            

                        

                        My applications
                    
                
                
• 
                    
                        
                            

                        

                        My referrals
                    
                
            
        

        Company website

        

            
        
    
    
    &times;

    
        

            
                Current account
            
            

                

                    
                

                

                    

No name
                    

-
                
            
        
        
            
                

            
            Sign out
        
    

        

    

        

            

            
            

                

Builders and Shutterers
            
            
            

                

                    
• 
                        
    

    
    

    

Qormi, Malta

                    

                    
• 
                        

    

Full-Time

                    
                    
• 
                        

    

On-Site

                    

                

                

                    

                        
                            Apply now
                        
                            
                                Refer
                            
                    
                    

    Share:
    
        
    
    
        
    
    
        
    
    
        
            
                

            
        
    
    
        
    
    
        
    

                
            
            

             

                
  
    
• 
      
        
  

      

  

          
•           Job Openings
  

      
•           Builders and Shutterers  

            
            

                
  
    
• 
      
        
  

      

  

          
•           Builders and Shutterers  

            
            

            
            

                

Job Description:
                

                     

Outreach Recruitment Agency is looking for skilled Builders and Shutterers on behalf of our client, a leading construction and building-solutions company.

The successful candidates will be responsible for the assembly, installation, and maintenance of construction frameworks, concrete shuttering, and general building tasks across project sites in Malta. This role is key to ensuring projects are completed safely, efficiently, and to high-quality standards.",,,,,,2026-06-09,2026-12-31,true
Driver - Malta C License,driver-malta-c-license,Logistics,"Qormi, Malta",Full-Time,On-Site,https://outreach-recruitment-agency.careers-page.com/jobs/c1197eb3-f703-47bf-ba20-2bccb4ec18c4/apply,"• 

    

        
• 

    
    
• 

    
    
• 

    
• 
    
• 

    
• 
   
    
    
• 

    
• 

    
• 
    
• 
    
      
• 
    

    
• 
    
      
• 
    

    

        
            
            
              window.dataLayer = window.dataLayer || [];
              function gtag(){dataLayer.push(arguments);}
              gtag('js', new Date());

              gtag('config', 'G-XZZNFPW0ML');
            
        

        
        

Driver - Malta C License | Outreach Recruitment Agency

    :root {
        --default-primary-color: #442DFA;

        --default-secondary-color: #442DFA;

        --banner-opacity: 0.5;

        --paragraph-font: 'Roboto', sans-serif;

        --heading-font: 'Inter', sans-serif;

    }

    
    
        

            
                
            
        

        

            

                Company website
            

            

                
            

        

        
            
                
                
                
            
        
    

    
        

            

                
                    
                
            
            
        

        

            

                

                    
                

                

                    

No name
                    

-
                

                
                    

                
            

            
                
• 
                    
                        
                            

                        

                        My profile
                    
                
                
• 
                    
                        
                            

                        

                        My applications
                    
                
                
• 
                    
                        
                            

                        

                        My referrals
                    
                
            
        

        Company website

        

            
        
    
    
    &times;

    
        

            
                Current account
            
            

                

                    
                

                

                    

No name
                    

-
                
            
        
        
            
                

            
            Sign out
        
    

        

    

        

            

            
            

                

Driver - Malta C License
            
            
            

                

                    
• 
                        
    

    
    

    

Qormi, Southern Region, Malta

                    

                    
• 
                        

    

Full-Time

                    
                    
• 
                        

    

On-Site

                    

                

                

                    

                        
                            Apply now
                        
                            
                                Refer
                            
                    
                    

    Share:
    
        
    
    
        
    
    
        
    
    
        
            
                

            
        
    
    
        
    
    
        
    

                
            
            

             

                
  
    
• 
      
        
  

      

  

          
•           Job Openings
  

      
•           Driver - Malta C License  

            
            

                
  
    
• 
      
        
  

      

  

          
•           Driver - Malta C License  

            
            

            
            

                

Job Description:
                

                     

Outreach Recruitment Agency is seeking experienced Drivers with a valid Malta Category C License on behalf of our client, a well-established company operating in the construction and building-solutions sector.

The successful candidates will be responsible for the safe, efficient, and timely transport of materials, equipment, and personnel between the warehouse, suppliers, and project sites across Malta.",,,,,,2026-06-09,2026-12-31,true
Draughtsperson,draughtsperson,General,Malta,Full-Time,On-Site,https://outreach-recruitment-agency.careers-page.com/jobs/0eefe0ba-8bb0-4e02-95e7-46e978f35421/apply,"• 

    

        
• 

    
    
• 

    
    
• 

    
• 
    
• 

    
• 
   
    
    
• 

    
• 

    
• 
    
• 
    
      
• 
    

    
• 
    
      
• 
    

    

        
            
            
              window.dataLayer = window.dataLayer || [];
              function gtag(){dataLayer.push(arguments);}
              gtag('js', new Date());

              gtag('config', 'G-XZZNFPW0ML');
            
        

        
        

Draughtsperson | Outreach Recruitment Agency

    :root {
        --default-primary-color: #442DFA;

        --default-secondary-color: #442DFA;",,,,,,2026-06-09,2026-12-31,true
Assistant Laboratory Manager - Construction Materials,assistant-laboratory-manager-construction-materials,Administration,"Mosta, Malta",Full-Time,On-Site,https://outreach-recruitment-agency.careers-page.com/jobs/7551884d-c6f9-423a-a7a0-5e3076170c3f/apply,"• 

    

        
• 

    
    
• 

    
    
• 

    
• 
    
• 

    
• 
   
    
    
• 

    
• 

    
• 
    
• 
    
      
• 
    

    
• 
    
      
• 
    

    

        
            
            
              window.dataLayer = window.dataLayer || [];
              function gtag(){dataLayer.push(arguments);}
              gtag('js', new Date());

              gtag('config', 'G-XZZNFPW0ML');
            
        

        
        

Assistant Laboratory Manager - Construction Materials | Outreach Recruitment Agency

    :root {
        --default-primary-color: #442DFA;

        --default-secondary-color: #442DFA;

        --banner-opacity: 0.5;

        --paragraph-font: 'Roboto', sans-serif;

        --heading-font: 'Inter', sans-serif;

    }

    
    
        

            
                
            
        

        

            

                Company website
            

            

                
            

        

        
            
                
                
                
            
        
    

    
        

            

                
                    
                
            
            
        

        

            

                

                    
                

                

                    

No name
                    

-
                

                
                    

                
            

            
                
• 
                    
                        
                            

                        

                        My profile
                    
                
                
• 
                    
                        
                            

                        

                        My applications
                    
                
                
• 
                    
                        
                            

                        

                        My referrals
                    
                
            
        

        Company website

        

            
        
    
    
    &times;

    
        

            
                Current account
            
            

                

                    
                

                

                    

No name
                    

-
                
            
        
        
            
                

            
            Sign out
        
    

        

    

        

            

            
            

                

Assistant Laboratory Manager - Construction Materials
            
            
            

                

                    
• 
                        
    

    
    

    

Mosta, Northern Region, Malta

                    

                    
• 
                        

    

Full-Time

                    
                    
• 
                        

    

On-Site

                    

                

                

                    

                        
                            Apply now
                        
                            
                                Refer
                            
                    
                    

    Share:
    
        
    
    
        
    
    
        
    
    
        
            
                

            
        
    
    
        
    
    
        
    

                
            
            

             

                
  
    
• 
      
        
  

      

  

          
•           Job Openings
  

      
•           Assistant Laboratory Manager - Construction Materials  

            
            

                
  
    
• 
      
        
  

      

  

          
•           Assistant Laboratory Manager - Construction Materials  

            
            

            
            

                

Job Description:
                

                     

We are seeking a motivated and detail-oriented Assistant Laboratory Manager to support the operations of a leading Construction Materials Laboratory. This role offers an excellent opportunity for a recent graduate or early-career professional to develop technical and managerial skills in a fast-growing, quality-driven environment.

You will assist in overseeing laboratory processes, materials testing, and quality control while ensuring compliance with established standards. Full training will be provided to help you grow confidently into the role.",,,,,,2026-06-09,2026-12-31,true
Barber,barber,General,"Paola, Malta",Full-Time,On-Site,https://outreach-recruitment-agency.careers-page.com/jobs/5d97202f-fb38-4209-9467-cb4b41b77e9d/apply,"• 

    

        
• 

    
    
• 

    
    
• 

    
• 
    
• 

    
• 
   
    
    
• 

    
• 

    
• 
    
• 
    
      
• 
    

    
• 
    
      
• 
    

    

        
            
            
              window.dataLayer = window.dataLayer || [];
              function gtag(){dataLayer.push(arguments);}
              gtag('js', new Date());

              gtag('config', 'G-XZZNFPW0ML');
            
        

        
        

Barber | Outreach Recruitment Agency

    :root {
        --default-primary-color: #442DFA;

        --default-secondary-color: #442DFA;

        --banner-opacity: 0.5;

        --paragraph-font: 'Roboto', sans-serif;

        --heading-font: 'Inter', sans-serif;

    }

    
    
        

            
                
            
        

        

            

                Company website
            

            

                
            

        

        
            
                
                
                
            
        
    

    
        

            

                
                    
                
            
            
        

        

            

                

                    
                

                

                    

No name
                    

-
                

                
                    

                
            

            
                
• 
                    
                        
                            

                        

                        My profile
                    
                
                
• 
                    
                        
                            

                        

                        My applications
                    
                
                
• 
                    
                        
                            

                        

                        My referrals
                    
                
            
        

        Company website

        

            
        
    
    
    &times;

    
        

            
                Current account
            
            

                

                    
                

                

                    

No name
                    

-
                
            
        
        
            
                

            
            Sign out
        
    

        

    

        

            

            
            

                

Barber
            
            
            

                

                    
• 
                        
    

    
    

    

Paola, Malta

                    

                    
• 
                        

    

Full-Time

                    
                    
• 
                        

    

On-Site

                    

                

                

                    

                        
                            Apply now
                        
                            
                                Refer
                            
                    
                    

    Share:
    
        
    
    
        
    
    
        
    
    
        
            
                

            
        
    
    
        
    
    
        
    

                
            
            

             

                
  
    
• 
      
        
  

      

  

          
•           Job Openings
  

      
•           Barber  

            
            

                
  
    
• 
      
        
  

      

  

          
•           Barber  

            
            

            
            

                

Job Description:",,,,,,2026-06-09,2026-12-31,true
IT Support Executive,it-support-executive,IT & Technology,Malta,Full-Time,On-Site,https://outreach-recruitment-agency.careers-page.com/jobs/ef783bfa-54fd-4c09-a28a-f09430347318/apply,"• 

    

        
• 

    
    
• 

    
    
• 

    
• 
    
• 

    
• 
   
    
    
• 

    
• 

    
• 
    
• 
    
      
• 
    

    
• 
    
      
• 
    

    

        
            
            
              window.dataLayer = window.dataLayer || [];
              function gtag(){dataLayer.push(arguments);}
              gtag('js', new Date());

              gtag('config', 'G-XZZNFPW0ML');
            
        

        
        

IT Support Executive | Outreach Recruitment Agency

    :root {
        --default-primary-color: #442DFA;

        --default-secondary-color: #442DFA;

        --banner-opacity: 0.5;

        --paragraph-font: 'Roboto', sans-serif;

        --heading-font: 'Inter', sans-serif;

    }

    
    
        

            
                
            
        

        

            

                Company website
            

            

                
            

        

        
            
                
                
                
            
        
    

    
        

            

                
                    
                
            
            
        

        

            

                

                    
                

                

                    

No name
                    

-
                

                
                    

                
            

            
                
• 
                    
                        
                            

                        

                        My profile
                    
                
                
• 
                    
                        
                            

                        

                        My applications
                    
                
                
• 
                    
                        
                            

                        

                        My referrals
                    
                
            
        

        Company website

        

            
        
    
    
    &times;

    
        

            
                Current account
            
            

                

                    
                

                

                    

No name
                    

-
                
            
        
        
            
                

            
            Sign out
        
    

        

    

        

            

            
            

                

IT Support Executive
            
            
            

                

                    
• 
                        
    

    
    

    

Malta

                    

                    
• 
                        

    

Full-Time

                    
                    
• 
                        

    

On-Site

                    

                

                

                    

                        
                            Apply now
                        
                            
                                Refer
                            
                    
                    

    Share:
    
        
    
    
        
    
    
        
    
    
        
            
                

            
        
    
    
        
    
    
        
    

                
            
            

             

                
  
    
• 
      
        
  

      

  

          
•           Job Openings
  

      
•           IT Support Executive  

            
            

                
  
    
• 
      
        
  

      

  

          
•           IT Support Executive  

            
            

            
            

                

Job Description:
                

                     

We are seeking a skilled and proactive IT Support Executive to provide technical support to internal users and external partners. The role focuses on maintaining the efficiency and reliability of systems, hardware, and software while ensuring seamless IT operations across the organisation. You will be responsible for troubleshooting, resolving issues, and implementing solutions to maintain high service availability and productivity.

Main",,,,,,2026-06-09,2026-12-31,true
Associate  Tax Advisor,associate-tax-advisor,Finance & Accounting,"Msida, Malta",Full-Time,On-Site,https://outreach-recruitment-agency.careers-page.com/jobs/f4ddecbd-036b-4600-8225-d8e35bb7a738/apply,"• 

    

        
• 

    
    
• 

    
    
• 

    
• 
    
• 

    
• 
   
    
    
• 

    
• 

    
• 
    
• 
    
      
• 
    

    
• 
    
      
• 
    

    

        
            
            
              window.dataLayer = window.dataLayer || [];
              function gtag(){dataLayer.push(arguments);}
              gtag('js', new Date());

              gtag('config', 'G-XZZNFPW0ML');
            
        

        
        

Associate  Tax Advisor | Outreach Recruitment Agency

    :root {
        --default-primary-color: #442DFA;

        --default-secondary-color: #442DFA;

        --banner-opacity: 0.5;

        --paragraph-font: 'Roboto', sans-serif;

        --heading-font: 'Inter', sans-serif;

    }

    
    
        

            
                
            
        

        

            

                Company website
            

            

                
            

        

        
            
                
                
                
            
        
    

    
        

            

                
                    
                
            
            
        

        

            

                

                    
                

                

                    

No name
                    

-
                

                
                    

                
            

            
                
• 
                    
                        
                            

                        

                        My profile
                    
                
                
• 
                    
                        
                            

                        

                        My applications
                    
                
                
• 
                    
                        
                            

                        

                        My referrals
                    
                
            
        

        Company website

        

            
        
    
    
    &times;

    
        

            
                Current account
            
            

                

                    
                

                

                    

No name
                    

-
                
            
        
        
            
                

            
            Sign out
        
    

        

    

        

            

            
            

                

Associate  Tax Advisor
            
            
            

                

                    
• 
                        
    

    
    

    

Msida, Malta

                    

                    
• 
                        

    

Full-Time

                    
                    
• 
                        

    

On-Site

                    

                

                

                    

                        
                            Apply now
                        
                            
                                Refer
                            
                    
                    

    Share:
    
        
    
    
        
    
    
        
    
    
        
            
                

            
        
    
    
        
    
    
        
    

                
            
            

             

                
  
    
• 
      
        
  

      

  

          
•           Job Openings
  

      
•           Associate  Tax Advisor  

            
            

                
  
    
• 
      
        
  

      

  

          
•           Associate  Tax Advisor  

            
            

            
            

                

Job Description:
                

                     

Our client is seeking to recruit an Associate  Tax Advisor to join a dynamic team. The successful applicant will be part of the tax section and provide tax services to a diverse local and international client base.",,,,,,2026-06-09,2026-12-31,true
Delivery Persons,delivery-persons,Logistics,Malta,Full-Time,On-Site,https://outreach-recruitment-agency.careers-page.com/jobs/4135b4e3-3234-43a7-a97c-d4e21579a3d5/apply,"• 

    

        
• 

    
    
• 

    
    
• 

    
• 
    
• 

    
• 
   
    
    
• 

    
• 

    
• 
    
• 
    
      
• 
    

    
• 
    
      
• 
    

    

        
            
            
              window.dataLayer = window.dataLayer || [];
              function gtag(){dataLayer.push(arguments);}
              gtag('js', new Date());

              gtag('config', 'G-XZZNFPW0ML');
            
        

        
        

Delivery Persons | Outreach Recruitment Agency

    :root {
        --default-primary-color: #442DFA;

        --default-secondary-color: #442DFA;

        --banner-opacity: 0.5;

        --paragraph-font: 'Roboto', sans-serif;

        --heading-font: 'Inter', sans-serif;

    }

    
    
        

            
                
            
        

        

            

                Company website
            

            

                
            

        

        
            
                
                
                
            
        
    

    
        

            

                
                    
                
            
            
        

        

            

                

                    
                

                

                    

No name
                    

-
                

                
                    

                
            

            
                
• 
                    
                        
                            

                        

                        My profile
                    
                
                
• 
                    
                        
                            

                        

                        My applications
                    
                
                
• 
                    
                        
                            

                        

                        My referrals
                    
                
            
        

        Company website

        

            
        
    
    
    &times;

    
        

            
                Current account
            
            

                

                    
                

                

                    

No name
                    

-
                
            
        
        
            
                

            
            Sign out
        
    

        

    

        

            

            
            

                

Delivery Persons
            
            
            

                

                    
• 
                        
    

    
    

    

Malta

                    

                    
• 
                        

    

Full-Time

                    
                    
• 
                        

    

On-Site

                    
                    
• 
                        
    

    
-

                    

                

                

                    

                        
                            Apply now
                        
                            
                                Refer
                            
                    
                    

    Share:
    
        
    
    
        
    
    
        
    
    
        
            
                

            
        
    
    
        
    
    
        
    

                
            
            

             

                
  
    
• 
      
        
  

      

  

          
•           Job Openings
  

      
•           Delivery Persons  

            
            

                
  
    
• 
      
        
  

      

  

          
•           Delivery Persons  

            
            

            
            

                

Job Description:
                

                     

Our client is on the lookout for an enthusiastic and dynamic individual to join their Distribution team. This is an immediate, full-time opportunity arising from the winery’s ongoing commitment to enhancing its operations and wines.

Reporting to the Distribution Manager, you will be a key member of a team responsible for the efficient delivery of the company’s wines and products to its esteemed clients. Your duties will include picking and loading cases/crates of wine and delivering them along pre-determined routes.",,"Valid C License (Special) or C1 is essential|Experience in operating small forklift trucks is required|CPC qualification is considered an asset|Ability to read, write, and communicate in Maltese and/or English","Competitive remuneration package, including a basic monthly salary|Commissions on cases delivered and empties collected|Overtime opportunities as needed",,,2026-06-09,2026-12-31,true
Bar Attendand,bar-attendand,General,"San Ġiljan, Malta",Full-Time,On-Site,https://outreach-recruitment-agency.careers-page.com/jobs/13c3cedc-a5c8-4d62-9339-70cd967763b1/apply,"We are looking for a friendly and enthusiastic Bar Attendant to join our team. In this role, you will be responsible for preparing and serving drinks, maintaining a clean and welcoming bar area, and ensuring excellent customer service at all times.",,,,,,2026-06-09,2026-12-31,true
Customer Care Associate,customer-care-associate,Healthcare,Malta,Full-Time,On-Site,https://outreach-recruitment-agency.careers-page.com/jobs/e0f0605c-37b7-431e-b2f4-797db7bb867a/apply,"• 

    

        
• 

    
    
• 

    
    
• 

    
• 
    
• 

    
• 
   
    
    
• 

    
• 

    
• 
    
• 
    
      
• 
    

    
• 
    
      
• 
    

    

        
            
            
              window.dataLayer = window.dataLayer || [];
              function gtag(){dataLayer.push(arguments);}
              gtag('js', new Date());

              gtag('config', 'G-XZZNFPW0ML');
            
        

        
        

Customer Care Associate | Outreach Recruitment Agency

    :root {
        --default-primary-color: #442DFA;

        --default-secondary-color: #442DFA;

        --banner-opacity: 0.5;

        --paragraph-font: 'Roboto', sans-serif;

        --heading-font: 'Inter', sans-serif;

    }

    
    
        

            
                
            
        

        

            

                Company website
            

            

                
            

        

        
            
                
                
                
            
        
    

    
        

            

                
                    
                
            
            
        

        

            

                

                    
                

                

                    

No name
                    

-
                

                
                    

                
            

            
                
• 
                    
                        
                            

                        

                        My profile
                    
                
                
• 
                    
                        
                            

                        

                        My applications
                    
                
                
• 
                    
                        
                            

                        

                        My referrals
                    
                
            
        

        Company website

        

            
        
    
    
    &times;

    
        

            
                Current account
            
            

                

                    
                

                

                    

No name
                    

-
                
            
        
        
            
                

            
            Sign out
        
    

        

    

        

            

            
            

                

Customer Care Associate
            
            
            

                

                    
• 
                        
    

    
    

    

Ta' Xbiex, Malta

                    

                    
• 
                        

    

Full-Time

                    
                    
• 
                        

    

On-Site

                    
                    
• 
                        
    

    
-

                    

                

                

                    

                        
                            Apply now
                        
                            
                                Refer
                            
                    
                    

    Share:
    
        
    
    
        
    
    
        
    
    
        
            
                

            
        
    
    
        
    
    
        
    

                
            
            

             

                
  
    
• 
      
        
  

      

  

          
•           Job Openings
  

      
•           Customer Care Associate  

            
            

                
  
    
• 
      
        
  

      

  

          
•           Customer Care Associate  

            
            

            
            

                

Job Description:
                

                     

Our clients team is growing and were currently looking to recruit Customer Care Associates. 

If you're interested in customer care and would like to work within a dynamic team and a family-friendly environment, then this is ideal for you. Whilst customer experience helps, we provide full on-the-job training, and your expertise will eventually be needed for a career in the insurance industry. Training sponsorships are also offered to work towards getting certified if that is what youd like.

About You

You must be outgoing and have a positive attitude, an eye for detail, and an ability to relate well to people. Excellent communication and listening skills are important and you need to be one who finds teamwork energizing and who is able to work under pressure.

Job",,An advanced level of education|IT proficiency|Fluency in written and spoken English and Maltese|The ability to establish good relationships with all types of clients and intermediaries|Experience in a customer care-related discipline would be considered an asset,,,,2026-06-09,2026-12-31,true
Lead Azure Infrastructure Architect,lead-azure-infrastructure-architect,General,Malta,Full-Time,On-Site,https://outreach-recruitment-agency.careers-page.com/jobs/20b28d1a-437f-4093-9656-f82772b1ee19/apply,"• 

    

        
• 

    
    
• 

    
    
• 

    
• 
    
• 

    
• 
   
    
    
• 

    
• 

    
• 
    
• 
    
      
• 
    

    
• 
    
      
• 
    

    

        
            
            
              window.dataLayer = window.dataLayer || [];
              function gtag(){dataLayer.push(arguments);}
              gtag('js', new Date());

              gtag('config', 'G-XZZNFPW0ML');
            
        

        
        

Lead Azure Infrastructure Architect | Outreach Recruitment Agency

    :root {
        --default-primary-color: #442DFA;

        --default-secondary-color: #442DFA;

        --banner-opacity: 0.5;

        --paragraph-font: 'Roboto', sans-serif;

        --heading-font: 'Inter', sans-serif;

    }

    
    
        

            
                
            
        

        

            

                Company website
            

            

                
            

        

        
            
                
                
                
            
        
    

    
        

            

                
                    
                
            
            
        

        

            

                

                    
                

                

                    

No name
                    

-
                

                
                    

                
            

            
                
• 
                    
                        
                            

                        

                        My profile
                    
                
                
• 
                    
                        
                            

                        

                        My applications
                    
                
                
• 
                    
                        
                            

                        

                        My referrals
                    
                
            
        

        Company website

        

            
        
    
    
    &times;

    
        

            
                Current account
            
            

                

                    
                

                

                    

No name
                    

-
                
            
        
        
            
                

            
            Sign out
        
    

        

    

        

            

            
            

                

Lead Azure Infrastructure Architect
            
            
            

                

                    
• 
                        
    

    
    

    

Lija, Malta

                    

                    
• 
                        

    

Full-Time

                    
                    
• 
                        

    

Remote

                    
                    
• 
                        
    

    
-

                    

                

                

                    

                        
                            Apply now
                        
                            
                                Refer
                            
                    
                    

    Share:
    
        
    
    
        
    
    
        
    
    
        
            
                

            
        
    
    
        
    
    
        
    

                
            
            

             

                
  
    
• 
      
        
  

      

  

          
•           Job Openings
  

      
•           Lead Azure Infrastructure Architect  

            
            

                
  
    
• 
      
        
  

      

  

          
•           Lead Azure Infrastructure Architect  

            
            

            
            

                

Job Description:
                

                     

Our client, a leading Managed Services Provider (MSP) operating across Malta, Cyprus, and Greece, is expanding its technical leadership team and seeking a highly skilled Lead Azure Infrastructure Architect. This is a strategic, hands-on role focused on delivering enterprise-grade hybrid cloud solutions with Microsoft Azure at the core.

As part of a dynamic and innovative MSP, you will lead cloud transformation initiatives, advise clients on best practices, and design secure, scalable, and automated infrastructure environments. While familiarity with Microsoft 365 is beneficial, the main focus of this position is Azure infrastructure and hybrid environments.",,,,,,2026-06-09,2026-12-31,true
Electrician or Instrumentation Technician (Licence A),electrician-or-instrumentation-technician-licence-a,Engineering & Maintenance,Malta,Full-Time,On-Site,https://outreach-recruitment-agency.careers-page.com/jobs/41b98e20-0062-4563-aa9d-323788401e2d/apply,"• 

    

        
• 

    
    
• 

    
    
• 

    
• 
    
• 

    
• 
   
    
    
• 

    
• 

    
• 
    
• 
    
      
• 
    

    
• 
    
      
• 
    

    

        
            
            
              window.dataLayer = window.dataLayer || [];
              function gtag(){dataLayer.push(arguments);}
              gtag('js', new Date());

              gtag('config', 'G-XZZNFPW0ML');
            
        

        
        

Electrician or Instrumentation Technician (Licence A) | Outreach Recruitment Agency

    :root {
        --default-primary-color: #442DFA;

        --default-secondary-color: #442DFA;

        --banner-opacity: 0.5;

        --paragraph-font: 'Roboto', sans-serif;

        --heading-font: 'Inter', sans-serif;

    }

    
    
        

            
                
            
        

        

            

                Company website
            

            

                
            

        

        
            
                
                
                
            
        
    

    
        

            

                
                    
                
            
            
        

        

            

                

                    
                

                

                    

No name
                    

-
                

                
                    

                
            

            
                
• 
                    
                        
                            

                        

                        My profile
                    
                
                
• 
                    
                        
                            

                        

                        My applications
                    
                
                
• 
                    
                        
                            

                        

                        My referrals
                    
                
            
        

        Company website

        

            
        
    
    
    &times;

    
        

            
                Current account
            
            

                

                    
                

                

                    

No name
                    

-
                
            
        
        
            
                

            
            Sign out
        
    

        

    

        

            

            
            

                

Electrician or Instrumentation Technician (Licence A)
            
            
            

                

                    
• 
                        
    

    
    

    

Marsaxlokk, Malta

                    

                    
• 
                        

    

Full-Time

                    
                    
• 
                        

    

On-Site

                    
                    
• 
                        
    

    
12 EUR  / Hour 

                    

                

                

                    

                        
                            Apply now
                        
                            
                                Refer
                            
                    
                    

    Share:
    
        
    
    
        
    
    
        
    
    
        
            
                

            
        
    
    
        
    
    
        
    

                
            
            

             

                
  
    
• 
      
        
  

      

  

          
•           Job Openings
  

      
•           Electrician or Instrumentation Technician (Licence A)  

            
            

                
  
    
• 
      
        
  

      

  

          
•           Electrician or Instrumentation Technician (Licence A)  

            
            

            
            

                

Job Description:
                

                     

Position: Electrician or Instrumentation Technician (License A)

 Location: Marsaxlokk

 Hours: Monday to Friday, 7:00 AM  3:00 PM (8-hour shifts, punctuality required via punch clock)

️Start Date: ASAP

We are looking for a reliable Electrician or Instrumentation Technician holding a valid License A to join our team on a permanent, full-time basis. You will be working closely under the supervision of a fully qualified electrician.",,,,,,2026-06-09,2026-12-31,true
Senior Audit Associate,senior-audit-associate,IT & Technology,Malta,Full-Time,On-Site,https://outreach-recruitment-agency.careers-page.com/jobs/fde6b42d-ed77-4d59-ae9f-403e1860a55b/apply,"• 

    

        
• 

    
    
• 

    
    
• 

    
• 
    
• 

    
• 
   
    
    
• 

    
• 

    
• 
    
• 
    
      
• 
    

    
• 
    
      
• 
    

    

        
            
            
              window.dataLayer = window.dataLayer || [];
              function gtag(){dataLayer.push(arguments);}
              gtag('js', new Date());

              gtag('config', 'G-XZZNFPW0ML');
            
        

        
        

Senior Audit Associate | Outreach Recruitment Agency

    :root {
        --default-primary-color: #442DFA;

        --default-secondary-color: #442DFA;

        --banner-opacity: 0.5;

        --paragraph-font: 'Roboto', sans-serif;

        --heading-font: 'Inter', sans-serif;

    }

    
    
        

            
                
            
        

        

            

                Company website
            

            

                
            

        

        
            
                
                
                
            
        
    

    
        

            

                
                    
                
            
            
        

        

            

                

                    
                

                

                    

No name
                    

-
                

                
                    

                
            

            
                
• 
                    
                        
                            

                        

                        My profile
                    
                
                
• 
                    
                        
                            

                        

                        My applications
                    
                
                
• 
                    
                        
                            

                        

                        My referrals
                    
                
            
        

        Company website

        

            
        
    
    
    &times;

    
        

            
                Current account
            
            

                

                    
                

                

                    

No name
                    

-
                
            
        
        
            
                

            
            Sign out
        
    

        

    

        

            

            
            

                

Senior Audit Associate
            
            
            

                

                    
• 
                        
    

    
    

    

Birżebbuġa, Malta

                    

                    
• 
                        

    

Full-Time

                    
                    
• 
                        

    

On-Site

                    
                    
• 
                        
    

    
28,000-34,000 EUR  / Year 

                    

                

                

                    

                        
                            Apply now
                        
                            
                                Refer
                            
                    
                    

    Share:
    
        
    
    
        
    
    
        
    
    
        
            
                

            
        
    
    
        
    
    
        
    

                
            
            

             

                
  
    
• 
      
        
  

      

  

          
•           Job Openings
  

      
•           Senior Audit Associate  

            
            

                
  
    
• 
      
        
  

      

  

          
•           Senior Audit Associate  

            
            

            
            

                

Job Description:
                

                     

Our client is an Audit, Tax, and Advisory firm that is part of an international network, established in over 50 countries across Europe and beyond. With continuous and structured growth since its establishment in 1997, the firm is seeking dynamic and energetic professionals to join its team.

This growth has led to several vacancies, including within the audit department. Specifically, the firm is looking for a Senior Audit Associate to take on the following",Audit Execution:,Education and Certification:,,,,2026-06-09,2026-12-31,true
Accounts Senior,accounts-senior,Finance & Accounting,Malta,Full-Time,On-Site,https://outreach-recruitment-agency.careers-page.com/jobs/5efafff2-c899-45b1-80aa-276773a94bdb/apply,"• 

    

        
• 

    
    
• 

    
    
• 

    
• 
    
• 

    
• 
   
    
    
• 

    
• 

    
• 
    
• 
    
      
• 
    

    
• 
    
      
• 
    

    

        
            
            
              window.dataLayer = window.dataLayer || [];
              function gtag(){dataLayer.push(arguments);}
              gtag('js', new Date());

              gtag('config', 'G-XZZNFPW0ML');
            
        

        
        

Accounts Senior | Outreach Recruitment Agency

    :root {
        --default-primary-color: #442DFA;

        --default-secondary-color: #442DFA;

        --banner-opacity: 0.5;

        --paragraph-font: 'Roboto', sans-serif;

        --heading-font: 'Inter', sans-serif;

    }

    
    
        

            
                
            
        

        

            

                Company website
            

            

                
            

        

        
            
                
                
                
            
        
    

    
        

            

                
                    
                
            
            
        

        

            

                

                    
                

                

                    

No name
                    

-
                

                
                    

                
            

            
                
• 
                    
                        
                            

                        

                        My profile
                    
                
                
• 
                    
                        
                            

                        

                        My applications
                    
                
                
• 
                    
                        
                            

                        

                        My referrals
                    
                
            
        

        Company website

        

            
        
    
    
    &times;

    
        

            
                Current account
            
            

                

                    
                

                

                    

No name
                    

-
                
            
        
        
            
                

            
            Sign out
        
    

        

    

        

            

            
            

                

Accounts Senior
            
            
            

                

                    
• 
                        
    

    
    

    

Birżebbuġa, Malta

                    

                    
• 
                        

    

Full-Time

                    
                    
• 
                        

    

On-Site

                    

                

                

                    

                        
                            Apply now
                        
                            
                                Refer
                            
                    
                    

    Share:
    
        
    
    
        
    
    
        
    
    
        
            
                

            
        
    
    
        
    
    
        
    

                
            
            

             

                
  
    
• 
      
        
  

      

  

          
•           Job Openings
  

      
•           Accounts Senior  

            
            

                
  
    
• 
      
        
  

      

  

          
•           Accounts Senior  

            
            

            
            

                

Job Description:
                

                     

We are currently seeking a detail-oriented and proactive Accounts Senior to join one of our top clients in the finance industry, part of an international group. They provide services in Assurance, Local and International Taxation, Business Advisory, Corporate & Compliance, Accountancy, Trust & Fiduciary and other services. As an Accounts Associate, you will be responsible for assisting in the day-to-day financial operations and ensuring accurate and timely recording of financial transactions. You will work closely with the accounting team to support various accounting processes and contribute to the overall financial management of the organization. 

The contract is directly provided by the company.","The responsibilities of the accounts associate will primarily be those related to the postings in the sales and purchase ledger, posting of receipts and payments, bank and other reconciliations, generation, and compilation of VAT returns and recapitulative statements, payroll preparation and submission on a monthly basis, preparation of accounts to be passed for audit, management accounts and general assistance to the accounts and payroll departments.|Before initiation of the work, the employee should ensure that onboarding due diligence was carried out and that the engagement letter is in place. Further, the system documentation of the client should be updated and endorsed by the manager.|Ensuring all deadlines set by clients are met on time.|Communicating to management in a timely manner for any defaulting clients, after all the necessary steps are taken to inform clients about the deadlines, and about any missing documentation required. The employee should ensure that clients allocated to him/ her are serviced on time. The firms software has to be updated continuously and any non-submission of documentation to the authorities should be communicated to the Partners at once.|Organizing clients documents when they arrive at the office and returning back the documents to the client in an organized manner. The employee should adhere to internal procedures for document registration to ensure no documents are misplaced.|Debtors chasing and collection of funds, for clients allocated to the employee. Debtors chasing should be consistent until the money is received. The employee should adhere to internal procedures whereby no VAT return is submitted prior to receiving payment for our fees.|Any limitations found during the conduct of the work should be communicated with clients in writing, and followed up by telephone or video calls.|Ongoing updates in due diligence software should be affected, particularly in relation to any suspicious transactions noted during the conduct of the work. These suspicious transactions should be also communicated immediately with MLRO and Managing Partner.|Work should be done in a professional manner, and with the level of technical capabilities expected from the person on the basis of his/ level of education. Attention to detail should be given during the conduct of the work.|The Employee should keep updated on technical and other developments. Although Management will show their commitment to assist the employee in their training requirements, it is the employees ultimate responsibility for his/her professional training.|Every candidate is expected to contribute to the firms technical development to promote the firms set-up. Professional accountants and auditors are expected that during the course of the day should contribute to a minimum of four articles per annum.|The supervisor/ manager should carry out a review of all accounting work carried out by subordinates and endorse the checklist in the file (SUPERVISOR).|The file presented to the Audit Department should have the necessary schedules, including but not limited to the following:|Trial balance and nominal ledger|Reconciled debtors list|Reconciled creditors list|Bank reconciliation|Wages reconciliation|VAT reconciliation|Proof-in-total test on interest|Depreciation schedules|Fixed Asset Register, if available|Stock list|Micro Invest application and certificates","Outstanding written and verbal communication skills in English, Maltese would be considered an asset.|Bachelor's degree in Accounting, Finance, or a related field.|Minimum of 2 years of experience in this or a similar role.|Excellent numerical and data entry skills with high attention to detail and accuracy.|Experience with other financial systems or ERP software is advantageous.|Strong organizational skills with the ability to prioritize tasks and meet deadlines.",,,,2026-06-09,2026-12-31,true
Sales Executive - Luxury Retail,sales-executive-luxury-retail,Sales,"Valletta, Malta",Full-Time,Remote,https://outreach-recruitment-agency.careers-page.com/jobs/ee361519-f0bc-49b4-9a19-a1e51d2c100f/apply,"Our client, a distinguished name in luxury fashion and lifestyle retail, is seeking an experienced and passionate Sales Executive to join their boutique team. As the first point of contact for customers, you will embody the values of refinement, style, and service excellence that define the brand.

Key Attributes

• Strong commitment to customer service
• Exceptional communication and interpersonal skills
• A passion for the luxury world
• Well-spoken and presentable
• English and Maltese speaking
• Self-motivated with a results-driven approach
• Experience as a sales executive or relevant role will be considered an asset
• Possess strong organization and administration skills",Deliver outstanding customer service and develop client relations|Acquire and maintain a thorough product and brand knowledge|Reflect the luxury brand philosophy and standards at all times|Carry out administrative duties|Ensure shop image is kept to high standard,,,,,2026-06-09,2026-12-31,true
Bartender in Gozo,bartender-in-gozo,Hospitality,Malta,Full-Time,On-Site,https://outreach-recruitment-agency.careers-page.com/jobs/66261916-f259-4366-8df9-6d27afe64ae7/apply,"• 

    

        
• 

    
    
• 

    
    
• 

    
• 
    
• 

    
• 
   
    
    
• 

    
• 

    
• 
    
• 
    
      
• 
    

    
• 
    
      
• 
    

    

        
            
            
              window.dataLayer = window.dataLayer || [];
              function gtag(){dataLayer.push(arguments);}
              gtag('js', new Date());

              gtag('config', 'G-XZZNFPW0ML');
            
        

        
        

Bartender in Gozo | Outreach Recruitment Agency

    :root {
        --default-primary-color: #442DFA;

        --default-secondary-color: #442DFA;

        --banner-opacity: 0.5;

        --paragraph-font: 'Roboto', sans-serif;

        --heading-font: 'Inter', sans-serif;

    }

    
    
        

            
                
            
        

        

            

                Company website
            

            

                
            

        

        
            
                
                
                
            
        
    

    
        

            

                
                    
                
            
            
        

        

            

                

                    
                

                

                    

No name
                    

-
                

                
                    

                
            

            
                
• 
                    
                        
                            

                        

                        My profile
                    
                
                
• 
                    
                        
                            

                        

                        My applications
                    
                
                
• 
                    
                        
                            

                        

                        My referrals
                    
                
            
        

        Company website

        

            
        
    
    
    &times;

    
        

            
                Current account
            
            

                

                    
                

                

                    

No name
                    

-
                
            
        
        
            
                

            
            Sign out
        
    

        

    

        

            

            
            

                

Bartender in Gozo
            
            
            

                

                    
• 
                        
    

    
    

    

Malta

                    

                    
• 
                        

    

Full-Time

                    
                    
• 
                        

    

On-Site

                    
                    
• 
                        
    

    
-

                    

                

                

                    

                        
                            Apply now
                        
                            
                                Refer
                            
                    
                    

    Share:
    
        
    
    
        
    
    
        
    
    
        
            
                

            
        
    
    
        
    
    
        
    

                
            
            

             

                
  
    
• 
      
        
  

      

  

          
•           Job Openings
  

      
•           Bartender in Gozo  

            
            

                
  
    
• 
      
        
  

      

  

          
•           Bartender in Gozo  

            
            

            
            

                

Job Description:
                

                     

We are looking for a skilled and enthusiastic Bartender to join our team at a newly opened, upscale restaurant in Gozo. Our establishment is known for offering a vibrant atmosphere and a selection of exquisite drinks and cocktails, complemented by a fine dining experience. We’re seeking someone passionate about hospitality, with excellent cocktail knowledge and the ability to provide outstanding service to our guests.🍸🍷

Role Overview:

As a Bartender, you will be responsible for crafting a variety of cocktails, serving beverages, and ensuring a memorable bar experience for our guests. Your role will include mixing drinks, maintaining a clean and organized bar area, and providing excellent customer service in a fast-paced environment.","Prepare and serve a wide range of beverages, including cocktails, wines, spirits, and non-alcoholic drinks|Engage with guests, providing recommendations and answering questions about the drink menu|Ensure the bar area is clean, stocked, and well-organized at all times|Follow recipes and portion controls to maintain consistency and quality in drink preparation|Collaborate with the restaurant staff to ensure smooth service during peak hours|Adhere to health and safety standards, ensuring compliance with all regulations|Handle cash transactions and operate the point-of-sale system efficiently|Maintain a positive, friendly attitude, creating a welcoming atmosphere for all guests","Previous experience as a Bartender in a fast-paced or upscale environment|Excellent knowledge of cocktails, spirits, and wines, with the ability to craft classic and signature drinks|Strong communication and customer service skills, with a friendly and engaging demeanor|Ability to multi-task and work efficiently under pressure in a busy environment|Attention to detail and a commitment to delivering high-quality service|Fluent in English; additional language skills are a plus|Flexibility to work evenings, weekends, and public holidays as required|Knowledge of health and safety regulations in beverage service",,,,2026-06-09,2026-12-31,true
Bottling Operator,bottling-operator,General,"Paola, Malta",Full-Time,On-Site,https://outreach-recruitment-agency.careers-page.com/jobs/e5cbcae3-29f1-4fcf-ae14-d069cce4769d/apply,"• 

    

        
• 

    
    
• 

    
    
• 

    
• 
    
• 

    
• 
   
    
    
• 

    
• 

    
• 
    
• 
    
      
• 
    

    
• 
    
      
• 
    

    

        
            
            
              window.dataLayer = window.dataLayer || [];
              function gtag(){dataLayer.push(arguments);}
              gtag('js', new Date());

              gtag('config', 'G-XZZNFPW0ML');
            
        

        
        

Bottling Operator | Outreach Recruitment Agency

    :root {
        --default-primary-color: #442DFA;

        --default-secondary-color: #442DFA;

        --banner-opacity: 0.5;

        --paragraph-font: 'Roboto', sans-serif;

        --heading-font: 'Inter', sans-serif;

    }

    
    
        

            
                
            
        

        

            

                Company website
            

            

                
            

        

        
            
                
                
                
            
        
    

    
        

            

                
                    
                
            
            
        

        

            

                

                    
                

                

                    

No name
                    

-
                

                
                    

                
            

            
                
• 
                    
                        
                            

                        

                        My profile
                    
                
                
• 
                    
                        
                            

                        

                        My applications
                    
                
                
• 
                    
                        
                            

                        

                        My referrals
                    
                
            
        

        Company website

        

            
        
    
    
    &times;

    
        

            
                Current account
            
            

                

                    
                

                

                    

No name
                    

-
                
            
        
        
            
                

            
            Sign out
        
    

        

    

        

            

            
            

                

Bottling Operator
            
            
            

                

                    
• 
                        
    

    
    

    

Paola, Malta

                    

                    
• 
                        

    

Full-Time

                    
                    
• 
                        

    

On-Site

                    
                    
• 
                        
    

    
14,400 EUR  / Year 

                    

                

                

                    

                        
                            Apply now
                        
                            
                                Refer
                            
                    
                    

    Share:
    
        
    
    
        
    
    
        
    
    
        
            
                

            
        
    
    
        
    
    
        
    

                
            
            

             

                
  
    
• 
      
        
  

      

  

          
•           Job Openings
  

      
•           Bottling Operator  

            
            

                
  
    
• 
      
        
  

      

  

          
•           Bottling Operator  

            
            

            
            

                

Job Description:
                

                     

A well-established and respected Maltese winery is seeking dedicated and motivated Bottling Line Operators to join its production team. This is an excellent opportunity for individuals who value quality, teamwork, and consistency in a fast-paced manufacturing environment.",,,,,,2026-06-09,2026-12-31,true
Restaurant Supervisor in Gozo,restaurant-supervisor-in-gozo,Hospitality,Malta,Full-Time,On-Site,https://outreach-recruitment-agency.careers-page.com/jobs/9d761ae8-5e0f-43cd-b319-234878498409/apply,"• 

    

        
• 

    
    
• 

    
    
• 

    
• 
    
• 

    
• 
   
    
    
• 

    
• 

    
• 
    
• 
    
      
• 
    

    
• 
    
      
• 
    

    

        
            
            
              window.dataLayer = window.dataLayer || [];
              function gtag(){dataLayer.push(arguments);}
              gtag('js', new Date());

              gtag('config', 'G-XZZNFPW0ML');
            
        

        
        

Restaurant Supervisor in Gozo | Outreach Recruitment Agency

    :root {
        --default-primary-color: #442DFA;

        --default-secondary-color: #442DFA;

        --banner-opacity: 0.5;

        --paragraph-font: 'Roboto', sans-serif;

        --heading-font: 'Inter', sans-serif;

    }

    
    
        

            
                
            
        

        

            

                Company website
            

            

                
            

        

        
            
                
                
                
            
        
    

    
        

            

                
                    
                
            
            
        

        

            

                

                    
                

                

                    

No name
                    

-
                

                
                    

                
            

            
                
• 
                    
                        
                            

                        

                        My profile
                    
                
                
• 
                    
                        
                            

                        

                        My applications
                    
                
                
• 
                    
                        
                            

                        

                        My referrals
                    
                
            
        

        Company website

        

            
        
    
    
    &times;

    
        

            
                Current account
            
            

                

                    
                

                

                    

No name
                    

-
                
            
        
        
            
                

            
            Sign out
        
    

        

    

        

            

            
            

                

Restaurant Supervisor in Gozo
            
            
            

                

                    
• 
                        
    

    
    

    

Malta

                    

                    
• 
                        

    

Full-Time

                    
                    
• 
                        

    

On-Site

                    
                    
• 
                        
    

    
-

                    

                

                

                    

                        
                            Apply now
                        
                            
                                Refer
                            
                    
                    

    Share:
    
        
    
    
        
    
    
        
    
    
        
            
                

            
        
    
    
        
    
    
        
    

                
            
            

             

                
  
    
• 
      
        
  

      

  

          
•           Job Openings
  

      
•           Restaurant Supervisor in Gozo  

            
            

                
  
    
• 
      
        
  

      

  

          
•           Restaurant Supervisor in Gozo  

            
            

            
            

                

Job Description:
                

                     

We are looking for a Restaurant Supervisor to join a vibrant and dynamic team at a Mediterranean-inspired restaurant in Gozo. The restaurant prides itself on offering high-quality dining experiences with an emphasis on exceptional service, fresh ingredients, and a welcoming atmosphere. The ideal candidate will be a motivated leader with a passion for hospitality, excellent customer service skills, and a keen eye for detail.

Role Overview:

As a Restaurant Supervisor, you will oversee the daily operations of the restaurant, ensuring that staff are performing at their best and that customers receive excellent service. You will work closely with the management team to implement policies, maintain standards, and contribute to the smooth running of the restaurant.🍽️","Supervise and manage front-of-house staff, ensuring they provide exceptional service and uphold the restaurant’s high standards|Coordinate staff schedules, manage shifts, and ensure the restaurant is adequately staffed for each service|Monitor service quality and ensure a seamless guest experience from arrival to departure|Assist with training new employees and help develop team members’ skills|Oversee inventory management and ensure the restaurant is properly stocked with supplies|Handle customer inquiries, complaints, and special requests in a professional and courteous manner|Support the management team in implementing operational policies and procedures|Ensure that the restaurant adheres to health, safety, and hygiene regulations at all times|Actively participate in meetings and contribute to the continuous improvement of restaurant operations","Proven experience in restaurant supervision or a similar role, ideally in a Mediterranean or fine-dining setting|Strong leadership and interpersonal skills, with the ability to motivate and guide a team|Excellent customer service skills and a passion for creating memorable dining experiences|Strong organizational skills and the ability to multitask in a fast-paced environment|Knowledge of food and beverage service, including wines and Mediterranean cuisine|Fluent in English; knowledge of Maltese or another language is a plus|Flexibility to work evenings, weekends, and public holidays|A positive attitude, attention to detail, and a problem-solving mindset",,,,2026-06-09,2026-12-31,true
Motor Vehicle Mechanic/Technician,motor-vehicle-mechanictechnician,Engineering & Maintenance,"Gżira, Malta",Full-Time,On-Site,https://outreach-recruitment-agency.careers-page.com/jobs/807b3bad-4420-460c-9745-d3d47e499aed/apply,"• 

    

        
• 

    
    
• 

    
    
• 

    
• 
    
• 

    
• 
   
    
    
• 

    
• 

    
• 
    
• 
    
      
• 
    

    
• 
    
      
• 
    

    

        
            
            
              window.dataLayer = window.dataLayer || [];
              function gtag(){dataLayer.push(arguments);}
              gtag('js', new Date());

              gtag('config', 'G-XZZNFPW0ML');
            
        

        
        

Motor Vehicle Mechanic/Technician | Outreach Recruitment Agency

    :root {
        --default-primary-color: #442DFA;

        --default-secondary-color: #442DFA;

        --banner-opacity: 0.5;

        --paragraph-font: 'Roboto', sans-serif;

        --heading-font: 'Inter', sans-serif;

    }

    
    
        

            
                
            
        

        

            

                Company website
            

            

                
            

        

        
            
                
                
                
            
        
    

    
        

            

                
                    
                
            
            
        

        

            

                

                    
                

                

                    

No name
                    

-
                

                
                    

                
            

            
                
• 
                    
                        
                            

                        

                        My profile
                    
                
                
• 
                    
                        
                            

                        

                        My applications
                    
                
                
• 
                    
                        
                            

                        

                        My referrals
                    
                
            
        

        Company website

        

            
        
    
    
    &times;

    
        

            
                Current account
            
            

                

                    
                

                

                    

No name
                    

-
                
            
        
        
            
                

            
            Sign out
        
    

        

    

        

            

            
            

                

Motor Vehicle Mechanic/Technician
            
            
            

                

                    
• 
                        
    

    
    

    

Gżira, Malta

                    

                    
• 
                        

    

Full-Time

                    
                    
• 
                        

    

On-Site

                    
                    
• 
                        
    

    
-

                    

                

                

                    

                        
                            Apply now
                        
                            
                                Refer
                            
                    
                    

    Share:
    
        
    
    
        
    
    
        
    
    
        
            
                

            
        
    
    
        
    
    
        
    

                
            
            

             

                
  
    
• 
      
        
  

      

  

          
•           Job Openings
  

      
•           Motor Vehicle Mechanic/Technician  

            
            

                
  
    
• 
      
        
  

      

  

          
•           Motor Vehicle Mechanic/Technician  

            
            

            
            

                

Job Description:
                

                     

Our client, a leader in the automotive sector, has an exciting full-time opportunity for an enthusiastic Motor Vehicle Mechanic/Technician to join their dynamic service team.

The role is based within the service department and involves diagnosing mechanical faults, carrying out servicing and repairs efficiently, and ensuring a high level of customer satisfaction.",,,,,,2026-06-09,2026-12-31,true
Automotive Parts Personnel,automotive-parts-personnel,General,Malta,Full-Time,On-Site,https://outreach-recruitment-agency.careers-page.com/jobs/33091bf8-0a27-492b-ab28-ca6de155d00d/apply,"• 

    

        
• 

    
    
• 

    
    
• 

    
• 
    
• 

    
• 
   
    
    
• 

    
• 

    
• 
    
• 
    
      
• 
    

    
• 
    
      
• 
    

    

        
            
            
              window.dataLayer = window.dataLayer || [];
              function gtag(){dataLayer.push(arguments);}
              gtag('js', new Date());

              gtag('config', 'G-XZZNFPW0ML');
            
        

        
        

Automotive Parts Personnel | Outreach Recruitment Agency

    :root {
        --default-primary-color: #442DFA;

        --default-secondary-color: #442DFA;

        --banner-opacity: 0.5;

        --paragraph-font: 'Roboto', sans-serif;

        --heading-font: 'Inter', sans-serif;

    }

    
    
        

            
                
            
        

        

            

                Company website
            

            

                
            

        

        
            
                
                
                
            
        
    

    
        

            

                
                    
                
            
            
        

        

            

                

                    
                

                

                    

No name
                    

-
                

                
                    

                
            

            
                
• 
                    
                        
                            

                        

                        My profile
                    
                
                
• 
                    
                        
                            

                        

                        My applications
                    
                
                
• 
                    
                        
                            

                        

                        My referrals
                    
                
            
        

        Company website

        

            
        
    
    
    &times;

    
        

            
                Current account
            
            

                

                    
                

                

                    

No name
                    

-
                
            
        
        
            
                

            
            Sign out
        
    

        

    

        

            

            
            

                

Automotive Parts Personnel
            
            
            

                

                    
• 
                        
    

    
    

    

Malta

                    

                    
• 
                        

    

Full-Time

                    
                    
• 
                        

    

On-Site

                    
                    
• 
                        
    

    
-

                    

                

                

                    

                        
                            Apply now
                        
                            
                                Refer
                            
                    
                    

    Share:
    
        
    
    
        
    
    
        
    
    
        
            
                

            
        
    
    
        
    
    
        
    

                
            
            

             

                
  
    
• 
      
        
  

      

  

          
•           Job Openings
  

      
•           Automotive Parts Personnel  

            
            

                
  
    
• 
      
        
  

      

  

          
•           Automotive Parts Personnel  

            
            

            
            

                

Job Description:
                

                     

🌟 Now Hiring: Parts Personnel 🌐🚗

We are on the lookout for Parts Personnel for a top client in the automotive industry. If you're a dynamic professional with a passion for customer service, we want you on their team!

Tasks:

• Answering customer telephone queries

• Selling spare parts on the workshop / customer counter and provide an optimum customer service within an acceptable time to the customer.

• Cash Handling.

• Unpacking, checking and Binning of incoming parts

• Keeping stores areas clean

• Preparing quotations for insurance and customers.

 Skills:

• Excellent Communication

• Teamwork

• Active Listening

• Speaking

• Service Orientation

Qualifications and Experience:

• Fluency in Maltese and English is a must

• O’ Level standard of education

• Computer Literate

• Previous experience in a similar post or similar

If you meet these",,,,,,2026-06-09,2026-12-31,true
Call Center Representative,call-center-representative,General,Malta,Full-Time,On-Site,https://outreach-recruitment-agency.careers-page.com/jobs/54238568-00d4-4e39-9419-84d2f8eb0388/apply,"• 

    

        
• 

    
    
• 

    
    
• 

    
• 
    
• 

    
• 
   
    
    
• 

    
• 

    
• 
    
• 
    
      
• 
    

    
• 
    
      
• 
    

    

        
            
            
              window.dataLayer = window.dataLayer || [];
              function gtag(){dataLayer.push(arguments);}
              gtag('js', new Date());

              gtag('config', 'G-XZZNFPW0ML');
            
        

        
        

Call Center Representative | Outreach Recruitment Agency

    :root {
        --default-primary-color: #442DFA;

        --default-secondary-color: #442DFA;

        --banner-opacity: 0.5;

        --paragraph-font: 'Roboto', sans-serif;

        --heading-font: 'Inter', sans-serif;

    }

    
    
        

            
                
            
        

        

            

                Company website
            

            

                
            

        

        
            
                
                
                
            
        
    

    
        

            

                
                    
                
            
            
        

        

            

                

                    
                

                

                    

No name
                    

-
                

                
                    

                
            

            
                
• 
                    
                        
                            

                        

                        My profile
                    
                
                
• 
                    
                        
                            

                        

                        My applications
                    
                
                
• 
                    
                        
                            

                        

                        My referrals
                    
                
            
        

        Company website

        

            
        
    
    
    &times;

    
        

            
                Current account
            
            

                

                    
                

                

                    

No name
                    

-
                
            
        
        
            
                

            
            Sign out
        
    

        

    

        

            

            
            

                

Call Center Representative
            
            
            

                

                    
• 
                        
    

    
    

    

Malta

                    

                    
• 
                        

    

Full-Time

                    
                    
• 
                        

    

On-Site

                    
                    
• 
                        
    

    
-

                    

                

                

                    

                        
                            Apply now
                        
                            
                                Refer
                            
                    
                    

    Share:
    
        
    
    
        
    
    
        
    
    
        
            
                

            
        
    
    
        
    
    
        
    

                
            
            

             

                
  
    
• 
      
        
  

      

  

          
•           Job Openings
  

      
•           Call Center Representative  

            
            

                
  
    
• 
      
        
  

      

  

          
•           Call Center Representative  

            
            

            
            

                

Job Description:
                

                     

Our client is a dynamic and innovative company specializing in providing tailored business solutions, including digital marketing, call center operations, web development, and business consulting. We are dedicated to driving growth and efficiency for our clients by leveraging cutting-edge technology and expert knowledge. Our team is committed to delivering exceptional results and fostering a positive work environment that encourages professional growth and excellence. Join us and be part of a forward-thinking company that values creativity, collaboration, and customer satisfaction.

We are looking for a Call Center Representative who will be the liaison between our company and its current and potential customers. The successful candidate will be able to accept ownership for effectively solving customer issues, complaints, and inquiries; keeping customer satisfaction at the core of every decision and behavior.","Manage large amounts of inbound and outbound calls in a timely manner|Follow communication “scripts” when handling different topics|Identify customers’ needs, clarify information, research every issue, and provide solutions and/or alternatives|Seize opportunities to upsell products when they arise|Build sustainable relationships and engage customers by taking the extra mile|Keep records of all conversations in our call center database in a comprehensible way|Frequently attend educational seminars to improve knowledge and performance level|Meet personal/team qualitative and quantitative targets",,,,,2026-06-09,2026-12-31,true
Real Estate Agents,real-estate-agents,General,Malta,Full-Time,On-Site,https://outreach-recruitment-agency.careers-page.com/jobs/721dbf18-e086-40db-bb58-ec8c5bcd0f26/apply,"• 

    

        
• 

    
    
• 

    
    
• 

    
• 
    
• 

    
• 
   
    
    
• 

    
• 

    
• 
    
• 
    
      
• 
    

    
• 
    
      
• 
    

    

        
            
            
              window.dataLayer = window.dataLayer || [];
              function gtag(){dataLayer.push(arguments);}
              gtag('js', new Date());

              gtag('config', 'G-XZZNFPW0ML');
            
        

        
        

Real Estate Agents | Outreach Recruitment Agency

    :root {
        --default-primary-color: #442DFA;

        --default-secondary-color: #442DFA;",,,,,,2026-06-09,2026-12-31,true
Corporate Insurance Associate,corporate-insurance-associate,General,"Qormi, Malta",Full-Time,On-Site,https://outreach-recruitment-agency.careers-page.com/jobs/5e0cf172-d172-48a2-9ee6-534716d0303d/apply,"• 

    

        
• 

    
    
• 

    
    
• 

    
• 
    
• 

    
• 
   
    
    
• 

    
• 

    
• 
    
• 
    
      
• 
    

    
• 
    
      
• 
    

    

        
            
            
              window.dataLayer = window.dataLayer || [];
              function gtag(){dataLayer.push(arguments);}
              gtag('js', new Date());

              gtag('config', 'G-XZZNFPW0ML');
            
        

        
        

Corporate Insurance Associate | Outreach Recruitment Agency

    :root {
        --default-primary-color: #442DFA;

        --default-secondary-color: #442DFA;

        --banner-opacity: 0.5;

        --paragraph-font: 'Roboto', sans-serif;

        --heading-font: 'Inter', sans-serif;

    }

    
    
        

            
                
            
        

        

            

                Company website
            

            

                
            

        

        
            
                
                
                
            
        
    

    
        

            

                
                    
                
            
            
        

        

            

                

                    
                

                

                    

No name
                    

-
                

                
                    

                
            

            
                
• 
                    
                        
                            

                        

                        My profile
                    
                
                
• 
                    
                        
                            

                        

                        My applications
                    
                
                
• 
                    
                        
                            

                        

                        My referrals
                    
                
            
        

        Company website

        

            
        
    
    
    &times;

    
        

            
                Current account
            
            

                

                    
                

                

                    

No name
                    

-
                
            
        
        
            
                

            
            Sign out
        
    

        

    

        

            

            
            

                

Corporate Insurance Associate
            
            
            

                

                    
• 
                        
    

    
    

    

Qormi, Southern Region, Malta

                    

                    
• 
                        

    

Full-Time

                    
                    
• 
                        

    

On-Site

                    
                    
• 
                        
    

    
-

                    

                

                

                    

                        
                            Apply now
                        
                            
                                Refer
                            
                    
                    

    Share:
    
        
    
    
        
    
    
        
    
    
        
            
                

            
        
    
    
        
    
    
        
    

                
            
            

             

                
  
    
• 
      
        
  

      

  

          
•           Job Openings
  

      
•           Corporate Insurance Associate  

            
            

                
  
    
• 
      
        
  

      

  

          
•           Corporate Insurance Associate  

            
            

            
            

                

Job Description:
                

                     

Company Overview

Our client is a well-established insurance brokerage in Malta with over 40 years of experience. They provide tailored insurance and risk management solutions to corporate clients, backed by strong industry expertise and international partnerships. Known for excellent client service and professional growth opportunities, they offer a supportive and dynamic work environment.﻿

Duties &","Act as the primary point of contact for corporate clients.|Gather pertinent information from clients to assess their insurance needs and risk profile.|Maintaining strong professional relationships and addressing their inquiries and concerns promptly.|Ensure the timely and accurate processing of documentation for account renewals.|Collaborate with clients to collect necessary details and submit renewal applications within specified timelines.|Handle mid-term policy changes and amendments as per client requests.|Coordinate with relevant departments to facilitate adjustments while maintaining policy compliance.|Perform comprehensive checks on policies to ensure accuracy, completeness, and adherence to underwriting guidelines and regulatory requirements.|Maintain organized and up-to-date records of all client communications, policy documentation, and related materials.|Stay current with industry regulations and company policies to ensure all accounts are in compliance with legal and internal standards.|Generate reports on account status, renewals, and amendments as required.|Work closely with the sales and underwriting teams to provide seamless service to corporate clients and contribute to business growth.|Keep up with the changes in the insurance market and within your clients industries|Nurture and enhance relationships with underwriters and other players within the insurance industry",,"CII Training Sponsorship Program|Qualification allowances|Other CPD internal and external training programmes|Discount on your personal insurances|Group Health Insurance (Private clinic scheme)|Group Life Insurance|Lyra employee wellbeing scheme|Summer hours|Shoulder hours|Work from home|Free underground parking|﻿Take the next step in your insurance career with a company that values your growth, rewards your expertise, and offers real work-life balance, apply now and make your move towards a brighter professional future!|Apply now|Share:|Job Openings|Corporate Insurance Associate|Corporate Insurance Associate|utils.saveUTM();|const utm = utils.getUTM();",,,2026-06-09,2026-12-31,true
Wood Painting &amp; Finishing Specialist,wood-painting-amp-finishing-specialist,General,"San Ġwann, Malta",Full-Time,On-Site,https://outreach-recruitment-agency.careers-page.com/jobs/d071e3f7-0e29-472e-bbb7-298393069639/apply,"• 

    

        
• 

    
    
• 

    
    
• 

    
• 
    
• 

    
• 
   
    
    
• 

    
• 

    
• 
    
• 
    
      
• 
    

    
• 
    
      
• 
    

    

        
            
            
              window.dataLayer = window.dataLayer || [];
              function gtag(){dataLayer.push(arguments);}
              gtag('js', new Date());

              gtag('config', 'G-XZZNFPW0ML');
            
        

        
        

Wood Painting & Finishing Specialist | Outreach Recruitment Agency

    :root {
        --default-primary-color: #442DFA;

        --default-secondary-color: #442DFA;

        --banner-opacity: 0.5;

        --paragraph-font: 'Roboto', sans-serif;

        --heading-font: 'Inter', sans-serif;

    }

    
    
        

            
                
            
        

        

            

                Company website
            

            

                
            

        

        
            
                
                
                
            
        
    

    
        

            

                
                    
                
            
            
        

        

            

                

                    
                

                

                    

No name
                    

-
                

                
                    

                
            

            
                
• 
                    
                        
                            

                        

                        My profile
                    
                
                
• 
                    
                        
                            

                        

                        My applications
                    
                
                
• 
                    
                        
                            

                        

                        My referrals
                    
                
            
        

        Company website

        

            
        
    
    
    &times;

    
        

            
                Current account
            
            

                

                    
                

                

                    

No name
                    

-
                
            
        
        
            
                

            
            Sign out
        
    

        

    

        

            

            
            

                

Wood Painting & Finishing Specialist
            
            
            

                

                    
• 
                        
    

    
    

    

San Ġwann, Malta

                    

                    
• 
                        

    

Full-Time

                    
                    
• 
                        

    

On-Site

                    

                

                

                    

                        
                            Apply now
                        
                            
                                Refer
                            
                    
                    

    Share:
    
        
    
    
        
    
    
        
    
    
        
            
                

            
        
    
    
        
    
    
        
    

                
            
            

             

                
  
    
• 
      
        
  

      

  

          
•           Job Openings
  

      
•           Wood Painting & Finishing Specialist  

            
            

                
  
    
• 
      
        
  

      

  

          
•           Wood Painting & Finishing Specialist  

            
            

            
            

                

Job Description:
                

                     

We are seeking a skilled Wood Paint and Finishing Specialist with expertise in both spray gun and manual application techniques. The ideal candidate will have a deep understanding of finishing materials and techniques suitable for both interior and exterior wooden surfaces. This role requires precision, craftsmanship, and collaboration with the carpentry team to deliver high-quality finishes on every project.﻿","Apply wood finishes using spray gun (HVLP, airless) and manual methods.|Perform sanding, staining, sealing, lacquering, and varnishing on solid wood surfaces.|Use appropriate finishes for interior and exterior environments (UV-resistant, marine-grade varnish, oils, polyurethane, etc.).|Prepare surfaces to achieve a smooth, even finish before application.|Maintain and clean all finishing tools and equipment (spray guns, compressors, brushes, etc.).|Work closely with the carpentry team to understand each projects requirements.|Carry out repairs, touch-ups, or refinishing as needed.|Ensure consistent quality control and attention to detail.|Follow safety procedures and ensure cleanliness in the work area.","Minimum 3 years of experience in wood painting and finishing.|Proficient in spray gun application (HVLP preferred).|Strong knowledge of finishing materials, product mixing, and drying times.|Ability to work with different wood species and adapt finishes accordingly.|Responsible, organized, and quality-oriented.|Basic English required for communication.",,,,2026-06-09,2026-12-31,true
Delivery Driver - Malta C License,delivery-driver-malta-c-license,Logistics,"Birkirkara, Malta",Full-Time,On-Site,https://outreach-recruitment-agency.careers-page.com/jobs/dd66a953-e7bb-413d-9632-41d4beef350e/apply,"• 

    

        
• 

    
    
• 

    
    
• 

    
• 
    
• 

    
• 
   
    
    
• 

    
• 

    
• 
    
• 
    
      
• 
    

    
• 
    
      
• 
    

    

        
            
            
              window.dataLayer = window.dataLayer || [];
              function gtag(){dataLayer.push(arguments);}
              gtag('js', new Date());

              gtag('config', 'G-XZZNFPW0ML');
            
        

        
        

Delivery Driver - Malta C License | Outreach Recruitment Agency

    :root {
        --default-primary-color: #442DFA;

        --default-secondary-color: #442DFA;

        --banner-opacity: 0.5;

        --paragraph-font: 'Roboto', sans-serif;

        --heading-font: 'Inter', sans-serif;

    }

    
    
        

            
                
            
        

        

            

                Company website
            

            

                
            

        

        
            
                
                
                
            
        
    

    
        

            

                
                    
                
            
            
        

        

            

                

                    
                

                

                    

No name
                    

-
                

                
                    

                
            

            
                
• 
                    
                        
                            

                        

                        My profile
                    
                
                
• 
                    
                        
                            

                        

                        My applications
                    
                
                
• 
                    
                        
                            

                        

                        My referrals
                    
                
            
        

        Company website

        

            
        
    
    
    &times;

    
        

            
                Current account
            
            

                

                    
                

                

                    

No name
                    

-
                
            
        
        
            
                

            
            Sign out
        
    

        

    

        

            

            
            

                

Delivery Driver - Malta C License
            
            
            

                

                    
• 
                        
    

    
    

    

Birkirkara, Malta

                    

                    
• 
                        

    

Full-Time

                    
                    
• 
                        

    

On-Site

                    
                    
• 
                        
    

    
-

                    

                

                

                    

                        
                            Apply now
                        
                            
                                Refer
                            
                    
                    

    Share:
    
        
    
    
        
    
    
        
    
    
        
            
                

            
        
    
    
        
    
    
        
    

                
            
            

             

                
  
    
• 
      
        
  

      

  

          
•           Job Openings
  

      
•           Delivery Driver - Malta C License  

            
            

                
  
    
• 
      
        
  

      

  

          
•           Delivery Driver - Malta C License  

            
            

            
            

                

Job Description:
                

                     

Our client a renowned food importation and distribution company in Malta, is seeking a dedicated Delivery Driver. The role involves ensuring the safe, timely, and efficient delivery of a variety of food products, including chilled, dry, and frozen items, to various clients such as supermarkets, restaurants, and hotels across Malta. 🚚","Safely operate delivery vehicles and ensure timely deliveries to customers.|Load and unload products, ensuring they are handled with care.|Verify delivery orders and ensure accuracy before dispatch.|Maintain communication with the logistics team to update on delivery status.|Provide excellent customer service and resolve any delivery-related issues.|Conduct routine checks on the delivery vehicle to ensure it is in good working condition.|Adhere to food safety and hygiene regulations during delivery.",Valid driver’s C license.|Experience in delivery or logistics.|Familiarity with Malta’s road network.|Ability to manage time effectively and work under minimal supervision.|Knowledge of food safety standards is a plus.,"Competitive salary.|Opportunity to work with a family-run company with over 90 years of experience, known for its strong values in customer service and quality.",,,2026-06-09,2026-12-31,true
Health Claims Associate,health-claims-associate,Healthcare,Malta,Full-Time,On-Site,https://outreach-recruitment-agency.careers-page.com/jobs/63312f81-a508-4467-b121-c15e63e5c869/apply,"• 

    

        
• 

    
    
• 

    
    
• 

    
• 
    
• 

    
• 
   
    
    
• 

    
• 

    
• 
    
• 
    
      
• 
    

    
• 
    
      
• 
    

    

        
            
            
              window.dataLayer = window.dataLayer || [];
              function gtag(){dataLayer.push(arguments);}
              gtag('js', new Date());

              gtag('config', 'G-XZZNFPW0ML');
            
        

        
        

Health Claims Associate | Outreach Recruitment Agency

    :root {
        --default-primary-color: #442DFA;

        --default-secondary-color: #442DFA;

        --banner-opacity: 0.5;

        --paragraph-font: 'Roboto', sans-serif;

        --heading-font: 'Inter', sans-serif;

    }

    
    
        

            
                
            
        

        

            

                Company website
            

            

                
            

        

        
            
                
                
                
            
        
    

    
        

            

                
                    
                
            
            
        

        

            

                

                    
                

                

                    

No name
                    

-
                

                
                    

                
            

            
                
• 
                    
                        
                            

                        

                        My profile
                    
                
                
• 
                    
                        
                            

                        

                        My applications
                    
                
                
• 
                    
                        
                            

                        

                        My referrals
                    
                
            
        

        Company website

        

            
        
    
    
    &times;

    
        

            
                Current account
            
            

                

                    
                

                

                    

No name
                    

-
                
            
        
        
            
                

            
            Sign out
        
    

        

    

        

            

            
            

                

Health Claims Associate
            
            
            

                

                    
• 
                        
    

    
    

    

Malta

                    

                    
• 
                        

    

Full-Time

                    
                    
• 
                        

    

On-Site

                    
                    
• 
                        
    

    
-

                    

                

                

                    

                        
                            Apply now
                        
                            
                                Refer
                            
                    
                    

    Share:
    
        
    
    
        
    
    
        
    
    
        
            
                

            
        
    
    
        
    
    
        
    

                
            
            

             

                
  
    
• 
      
        
  

      

  

          
•           Job Openings
  

      
•           Health Claims Associate  

            
            

                
  
    
• 
      
        
  

      

  

          
•           Health Claims Associate  

            
            

            
            

                

Job Description:
                

                     

We’re currently looking to recruit a claims associate to join our client’s team. If you’re interested in insurance, customer care, and medical issues, this would be ideal for you. The job entails assessing and settling claims directly with clients or service providers in line with the company’s customer service standards. 

Full on-the-job training will be provided. 📑💼

About You

You must be outgoing and have a positive attitude, an eye for detail, and an ability to relate well to people. Excellent communication and listening skills are important and you need to be one who finds teamwork energizing, who is able to work under pressure, and has an interest in medical issues. 

Job",,An advanced level of education and a minimum of an ordinary level in biology|Experience in an insurance setting or a health/customer care related discipline|IT proficiency|Fluency in written and spoken English and Maltese|The ability to establish good relationships with all types of clients and intermediaries.,,,,2026-06-09,2026-12-31,true
Delivery Drivers - C1 Malta License,delivery-drivers-c1-malta-license,Logistics,"San Ġwann, Malta",Full-Time,On-Site,https://outreach-recruitment-agency.careers-page.com/jobs/c860e857-b436-49fa-a90e-65f711d3e320/apply,"A leading company in the distribution and logistics sector is urgently seeking Delivery Drivers holding a C1 licence to join their growing team. This is an excellent opportunity for dependable and experienced individuals looking to work in a dynamic, fast-paced environment.",,,,,,2026-06-09,2026-12-31,true
Auditor,auditor,Finance & Accounting,Malta,Full-Time,On-Site,https://outreach-recruitment-agency.careers-page.com/jobs/cca3df37-0a5d-45bb-947f-28e1afb53a56/apply,"• 

    

        
• 

    
    
• 

    
    
• 

    
• 
    
• 

    
• 
   
    
    
• 

    
• 

    
• 
    
• 
    
      
• 
    

    
• 
    
      
• 
    

    

        
            
            
              window.dataLayer = window.dataLayer || [];
              function gtag(){dataLayer.push(arguments);}
              gtag('js', new Date());

              gtag('config', 'G-XZZNFPW0ML');
            
        

        
        

Auditor | Outreach Recruitment Agency

    :root {
        --default-primary-color: #442DFA;

        --default-secondary-color: #442DFA;

        --banner-opacity: 0.5;

        --paragraph-font: 'Roboto', sans-serif;

        --heading-font: 'Inter', sans-serif;

    }

    
    
        

            
                
            
        

        

            

                Company website
            

            

                
            

        

        
            
                
                
                
            
        
    

    
        

            

                
                    
                
            
            
        

        

            

                

                    
                

                

                    

No name
                    

-
                

                
                    

                
            

            
                
• 
                    
                        
                            

                        

                        My profile
                    
                
                
• 
                    
                        
                            

                        

                        My applications
                    
                
                
• 
                    
                        
                            

                        

                        My referrals
                    
                
            
        

        Company website

        

            
        
    
    
    &times;

    
        

            
                Current account
            
            

                

                    
                

                

                    

No name
                    

-
                
            
        
        
            
                

            
            Sign out
        
    

        

    

        

            

            
            

                

Auditor
            
            
            

                

                    
• 
                        
    

    
    

    

Żebbuġ, Malta

                    

                    
• 
                        

    

Full-Time

                    
                    
• 
                        

    

On-Site

                    
                    
• 
                        
    

    
-

                    

                

                

                    

                        
                            Apply now
                        
                            
                                Refer
                            
                    
                    

    Share:
    
        
    
    
        
    
    
        
    
    
        
            
                

            
        
    
    
        
    
    
        
    

                
            
            

             

                
  
    
• 
      
        
  

      

  

          
•           Job Openings
  

      
•           Auditor  

            
            

                
  
    
• 
      
        
  

      

  

          
•           Auditor  

            
            

            
            

                

Job Description:
                

                     

Our client, a prominent accounting and advisory firm, is seeking an experienced and detail-oriented Auditor to join their team. The Auditor will be responsible for conducting statutory audits, assessing financial controls, and ensuring compliance with international and local financial regulations. This role offers the opportunity to work with a wide range of industries and develop tailored audit strategies that provide key insights for decision-makers.",Plan and execute audit engagements in accordance with International Standards on Auditing (ISAs).|Review financial statements and accounting records to ensure compliance with IFRS or local GAAP.|Identify potential risks and recommend improvements to internal controls.|Prepare detailed audit reports and communicate findings to clients and stakeholders.|Collaborate closely with client management to ensure accurate financial reporting.|Assist in the preparation of tax compliance documents and VAT returns as required.,,Competitive salary and benefits package.|Opportunity for professional growth within a dynamic and supportive team environment.|Exposure to a broad range of industries and clients.,,,2026-06-09,2026-12-31,true
Junior Sales Assistant - Maltese Speaking,junior-sales-assistant-maltese-speaking,Sales,"Birkirkara, Malta",Full-Time,On-Site,https://outreach-recruitment-agency.careers-page.com/jobs/63b57ac6-ec75-47b6-a31e-6ee6baad1876/apply,"• 

    

        
• 

    
    
• 

    
    
• 

    
• 
    
• 

    
• 
   
    
    
• 

    
• 

    
• 
    
• 
    
      
• 
    

    
• 
    
      
• 
    

    

        
            
            
              window.dataLayer = window.dataLayer || [];
              function gtag(){dataLayer.push(arguments);}
              gtag('js', new Date());

              gtag('config', 'G-XZZNFPW0ML');
            
        

        
        

Junior Sales Assistant - Maltese Speaking | Outreach Recruitment Agency

    :root {
        --default-primary-color: #442DFA;

        --default-secondary-color: #442DFA;

        --banner-opacity: 0.5;

        --paragraph-font: 'Roboto', sans-serif;

        --heading-font: 'Inter', sans-serif;

    }

    
    
        

            
                
            
        

        

            

                Company website
            

            

                
            

        

        
            
                
                
                
            
        
    

    
        

            

                
                    
                
            
            
        

        

            

                

                    
                

                

                    

No name
                    

-
                

                
                    

                
            

            
                
• 
                    
                        
                            

                        

                        My profile
                    
                
                
• 
                    
                        
                            

                        

                        My applications
                    
                
                
• 
                    
                        
                            

                        

                        My referrals
                    
                
            
        

        Company website

        

            
        
    
    
    &times;

    
        

            
                Current account
            
            

                

                    
                

                

                    

No name
                    

-
                
            
        
        
            
                

            
            Sign out
        
    

        

    

        

            

            
            

                

Junior Sales Assistant - Maltese Speaking
            
            
            

                

                    
• 
                        
    

    
    

    

Birkirkara, Malta

                    

                    
• 
                        

    

Full-Time

                    
                    
• 
                        

    

On-Site

                    
                    
• 
                        
    

    
18,000 EUR  / Year 

                    

                

                

                    

                        
                            Apply now
                        
                            
                                Refer
                            
                    
                    

    Share:
    
        
    
    
        
    
    
        
    
    
        
            
                

            
        
    
    
        
    
    
        
    

                
            
            

             

                
  
    
• 
      
        
  

      

  

          
•           Job Openings
  

      
•           Junior Sales Assistant - Maltese Speaking  

            
            

                
  
    
• 
      
        
  

      

  

          
•           Junior Sales Assistant - Maltese Speaking  

            
            

            
            

                

Job Description:
                

                     

Our client is a well-established clothing store in Birkirkara, offering stylish apparel for ladies and children. They pride themselves on delivering exceptional customer service and creating a welcoming shopping experience.

Role Overview:

They are seeking a Junior Sales Assistant fluent in Maltese to join their team. The ideal candidate will support daily sales operations, assist customers, and help maintain the stores high standards. The role is available on both a full-time and part-time basis.",,,,,,2026-06-09,2026-12-31,true
CNC Machine Operator,cnc-machine-operator,General,Malta,Full-Time,On-Site,https://outreach-recruitment-agency.careers-page.com/jobs/076584df-b986-4b18-8006-d47a94958594/apply,"Only candidates already residing in Malta will be considered for this role.

Our esteemed client, a trailblazer in air-insulated Medium voltage switchgear, Compact and Mobile substations, Control panels, Low Voltage distribution boards, Automatic Transfer Switches, and Automatic Voltage Regulators, is actively seeking to recruit CNC Machine Operators. 🛠️

The selected candidates will be responsible for the operation and programming of CNC machinery including lathes and milling machines.",Operate CNC machines as per procedures and instructions.|Measure and inspect components to the relevant drawings.|Maintain a clean and organized working environment.,"Experience in the operation of CNC machines.|Experience with CAD/CAM software and systems.|Diligent, self-motivated and with good attention to detail.|Experience on Fanuc controllers will be considered an asset. Training will be provided.",A welcoming and inclusive environment.|A state-of-the-art working facility.|Health insurance.|Health surveillance check-ups.|We will invest in your personal development.,,,2026-06-09,2026-12-31,true
Room Attendents,room-attendents,General,"St Julian's, Malta",Full-Time,On-Site,https://outreach-recruitment-agency.careers-page.com/jobs/0b4106e2-eb60-45d1-994d-c4a122855c37/apply,"• 

    

        
• 

    
    
• 

    
    
• 

    
• 
    
• 

    
• 
   
    
    
• 

    
• 

    
• 
    
• 
    
      
• 
    

    
• 
    
      
• 
    

    

        
            
            
              window.dataLayer = window.dataLayer || [];
              function gtag(){dataLayer.push(arguments);}
              gtag('js', new Date());

              gtag('config', 'G-XZZNFPW0ML');
            
        

        
        

Room Attendents | Outreach Recruitment Agency

    :root {
        --default-primary-color: #442DFA;

        --default-secondary-color: #442DFA;

        --banner-opacity: 0.5;

        --paragraph-font: 'Roboto', sans-serif;

        --heading-font: 'Inter', sans-serif;

    }

    
    
        

            
                
            
        

        

            

                Company website
            

            

                
            

        

        
            
                
                
                
            
        
    

    
        

            

                
                    
                
            
            
        

        

            

                

                    
                

                

                    

No name
                    

-
                

                
                    

                
            

            
                
• 
                    
                        
                            

                        

                        My profile
                    
                
                
• 
                    
                        
                            

                        

                        My applications
                    
                
                
• 
                    
                        
                            

                        

                        My referrals
                    
                
            
        

        Company website

        

            
        
    
    
    &times;

    
        

            
                Current account
            
            

                

                    
                

                

                    

No name
                    

-
                
            
        
        
            
                

            
            Sign out
        
    

        

    

        

            

            
            

                

Room Attendents
            
            
            

                

                    
• 
                        
    

    
    

    

Malta

                    

                    
• 
                        

    

Full-Time

                    
                    
• 
                        

    

On-Site

                    
                    
• 
                        
    

    
-

                    

                

                

                    

                        
                            Apply now
                        
                            
                                Refer
                            
                    
                    

    Share:
    
        
    
    
        
    
    
        
    
    
        
            
                

            
        
    
    
        
    
    
        
    

                
            
            

             

                
  
    
• 
      
        
  

      

  

          
•           Job Openings
  

      
•           Room Attendents  

            
            

                
  
    
• 
      
        
  

      

  

          
•           Room Attendents  

            
            

            
            

                

Job Description:
                

                     

Our client, a luxury hotel opening soon in St Julian's, Malta, is known for its commitment to exceptional service and high standards. They are focused on building a team of dedicated professionals who share their passion for delivering outstanding guest experiences. They are currently seeking detail-oriented and enthusiastic Room Attendants to help ensure their guests enjoy a clean, comfortable, and welcoming stay.

Job Description:

As a Room Attendant, you will play a crucial role in maintaining the cleanliness and comfort of guest rooms and suites. You will be responsible for ensuring that each room is cleaned to the highest standards and is well-presented, contributing to the overall satisfaction of our guests. Your commitment to excellence will help create a memorable experience for every guest.","Clean and service guest rooms and suites to the hotel's standards of cleanliness.|Make beds, change linens, and replace used towels and other bathroom amenities.|Dust, polish, and vacuum rooms, ensuring they are spotless and welcoming.|Replenish supplies such as drinking glasses, stationery, and mini-bar items.|Report any maintenance issues or safety hazards to the Housekeeping Supervisor.|Handle guest requests and inquiries professionally and promptly.|Follow hotel safety and security procedures.|Ensure that all rooms are presented to the highest standard before guest arrival.","Previous experience as a Room Attendant or in a similar housekeeping role is preferred.|Strong attention to detail and a commitment to maintaining high standards of cleanliness.|Ability to work independently and as part of a team.|Good time management and organizational skills.|Professional and courteous demeanor.|Physical stamina to perform cleaning tasks, including bending, lifting, and standing for extended periods.|Basic understanding of English; knowledge of additional languages is a plus.",Competitive salary and performance bonuses.|Opportunities for career growth within the hotel.|Comprehensive training and development programs.|Uniforms and meals are provided during shifts.,,,2026-06-09,2026-12-31,true
Kitchen Helpers in Gozo,kitchen-helpers-in-gozo,General,Malta,Full-Time,On-Site,https://outreach-recruitment-agency.careers-page.com/jobs/2c466d90-e6a2-42d5-bbc8-754e460bebc1/apply,"• 

    

        
• 

    
    
• 

    
    
• 

    
• 
    
• 

    
• 
   
    
    
• 

    
• 

    
• 
    
• 
    
      
• 
    

    
• 
    
      
• 
    

    

        
            
            
              window.dataLayer = window.dataLayer || [];
              function gtag(){dataLayer.push(arguments);}
              gtag('js', new Date());

              gtag('config', 'G-XZZNFPW0ML');
            
        

        
        

Kitchen Helpers in Gozo | Outreach Recruitment Agency

    :root {
        --default-primary-color: #442DFA;

        --default-secondary-color: #442DFA;

        --banner-opacity: 0.5;

        --paragraph-font: 'Roboto', sans-serif;

        --heading-font: 'Inter', sans-serif;

    }

    
    
        

            
                
            
        

        

            

                Company website
            

            

                
            

        

        
            
                
                
                
            
        
    

    
        

            

                
                    
                
            
            
        

        

            

                

                    
                

                

                    

No name
                    

-
                

                
                    

                
            

            
                
• 
                    
                        
                            

                        

                        My profile
                    
                
                
• 
                    
                        
                            

                        

                        My applications
                    
                
                
• 
                    
                        
                            

                        

                        My referrals
                    
                
            
        

        Company website

        

            
        
    
    
    &times;

    
        

            
                Current account
            
            

                

                    
                

                

                    

No name
                    

-
                
            
        
        
            
                

            
            Sign out
        
    

        

    

        

            

            
            

                

Kitchen Helpers in Gozo
            
            
            

                

                    
• 
                        
    

    
    

    

Victoria, Malta

                    

                    
• 
                        

    

Full-Time

                    
                    
• 
                        

    

On-Site

                    
                    
• 
                        
    

    
-

                    

                

                

                    

                        
                            Apply now
                        
                            
                                Refer
                            
                    
                    

    Share:
    
        
    
    
        
    
    
        
    
    
        
            
                

            
        
    
    
        
    
    
        
    

                
            
            

             

                
  
    
• 
      
        
  

      

  

          
•           Job Openings
  

      
•           Kitchen Helpers in Gozo  

            
            

                
  
    
• 
      
        
  

      

  

          
•           Kitchen Helpers in Gozo  

            
            

            
            

                

Job Description:
                

                     

We are looking for reliable and motivated Kitchen Helpers to join the team at a popular restaurant in Gozo, known for its welcoming atmosphere and quality cuisine. This is a great opportunity for individuals who are passionate about food and eager to gain experience in a busy kitchen environment.

Role Overview:

As a Kitchen Helper, you will support the kitchen staff in day-to-day operations to ensure the smooth and efficient preparation of meals. This includes assisting with food preparation, basic cooking tasks, cleaning, and maintaining hygiene standards.",,,,,,2026-06-09,2026-12-31,true
Lead Microsoft 365 Architect  Modern Work &amp; Security,lead-microsoft-365-architect-modern-work-amp-security,General,Malta,Full-Time,On-Site,https://outreach-recruitment-agency.careers-page.com/jobs/b68420ee-d2e5-4607-bf08-014ad18762db/apply,"• 

    

        
• 

    
    
• 

    
    
• 

    
• 
    
• 

    
• 
   
    
    
• 

    
• 

    
• 
    
• 
    
      
• 
    

    
• 
    
      
• 
    

    

        
            
            
              window.dataLayer = window.dataLayer || [];
              function gtag(){dataLayer.push(arguments);}
              gtag('js', new Date());

              gtag('config', 'G-XZZNFPW0ML');
            
        

        
        

Lead Microsoft 365 Architect  Modern Work & Security | Outreach Recruitment Agency

    :root {
        --default-primary-color: #442DFA;

        --default-secondary-color: #442DFA;

        --banner-opacity: 0.5;

        --paragraph-font: 'Roboto', sans-serif;

        --heading-font: 'Inter', sans-serif;

    }

    
    
        

            
                
            
        

        

            

                Company website
            

            

                
            

        

        
            
                
                
                
            
        
    

    
        

            

                
                    
                
            
            
        

        

            

                

                    
                

                

                    

No name
                    

-
                

                
                    

                
            

            
                
• 
                    
                        
                            

                        

                        My profile
                    
                
                
• 
                    
                        
                            

                        

                        My applications
                    
                
                
• 
                    
                        
                            

                        

                        My referrals
                    
                
            
        

        Company website

        

            
        
    
    
    &times;

    
        

            
                Current account
            
            

                

                    
                

                

                    

No name
                    

-
                
            
        
        
            
                

            
            Sign out
        
    

        

    

        

            

            
            

                

Lead Microsoft 365 Architect  Modern Work & Security
            
            
            

                

                    
• 
                        
    

    
    

    

Lija, Malta

                    

                    
• 
                        

    

Full-Time

                    
                    
• 
                        

    

On-Site

                    
                    
• 
                        
    

    
-

                    

                

                

                    

                        
                            Apply now
                        
                            
                                Refer
                            
                    
                    

    Share:
    
        
    
    
        
    
    
        
    
    
        
            
                

            
        
    
    
        
    
    
        
    

                
            
            

             

                
  
    
• 
      
        
  

      

  

          
•           Job Openings
  

      
•           Lead Microsoft 365 Architect  Modern Work & Security  

            
            

                
  
    
• 
      
        
  

      

  

          
•           Lead Microsoft 365 Architect  Modern Work & Security  

            
            

            
            

                

Job Description:
                

                     

Our client is a leading Managed Services Provider (MSP) operating across Malta, Cyprus, and Greece, delivering secure, scalable, and intelligent cloud solutions to medium and large enterprises. As they continue to expand their modern work services, they are seeking a highly skilled professional to lead their Microsoft 365 solutions, driving secure digital transformation for their clients.

Role Overview

We are looking for a Lead Microsoft 365 Architect to take ownership of our clients modern work services. This is a senior, hands-on role focused on delivering advanced Microsoft 365 solutions across collaboration, identity, endpoint management, device security, and compliance.

You will lead the design, implementation, and ongoing improvement of modern workplace environments powered by Microsoft Intune, Entra (Azure AD), Microsoft Defender and other Microsoft 365 services. The ideal candidate is security-focused, experienced in cross-platform endpoint management, and comfortable working in hybrid and cloud-first environments. Familiarity with Microsoft Purview, Microsoft Copilot, and tools like Jamf is a strong advantage.",,,,,,2026-06-09,2026-12-31,true
Finance Associate,finance-associate,Finance & Accounting,Malta,Full-Time,On-Site,https://outreach-recruitment-agency.careers-page.com/jobs/9b28054c-12c9-4220-8e9f-3049c024d9af/apply,"• 

    

        
• 

    
    
• 

    
    
• 

    
• 
    
• 

    
• 
   
    
    
• 

    
• 

    
• 
    
• 
    
      
• 
    

    
• 
    
      
• 
    

    

        
            
            
              window.dataLayer = window.dataLayer || [];
              function gtag(){dataLayer.push(arguments);}
              gtag('js', new Date());

              gtag('config', 'G-XZZNFPW0ML');
            
        

        
        

Finance Associate | Outreach Recruitment Agency

    :root {
        --default-primary-color: #442DFA;

        --default-secondary-color: #442DFA;

        --banner-opacity: 0.5;

        --paragraph-font: 'Roboto', sans-serif;

        --heading-font: 'Inter', sans-serif;

    }

    
    
        

            
                
            
        

        

            

                Company website
            

            

                
            

        

        
            
                
                
                
            
        
    

    
        

            

                
                    
                
            
            
        

        

            

                

                    
                

                

                    

No name
                    

-
                

                
                    

                
            

            
                
• 
                    
                        
                            

                        

                        My profile
                    
                
                
• 
                    
                        
                            

                        

                        My applications
                    
                
                
• 
                    
                        
                            

                        

                        My referrals
                    
                
            
        

        Company website

        

            
        
    
    
    &times;

    
        

            
                Current account
            
            

                

                    
                

                

                    

No name
                    

-
                
            
        
        
            
                

            
            Sign out
        
    

        

    

        

            

            
            

                

Finance Associate
            
            
            

                

                    
• 
                        
    

    
    

    

Ta' Xbiex, Malta

                    

                    
• 
                        

    

Full-Time

                    
                    
• 
                        

    

On-Site

                    
                    
• 
                        
    

    
-

                    

                

                

                    

                        
                            Apply now
                        
                            
                                Refer
                            
                    
                    

    Share:
    
        
    
    
        
    
    
        
    
    
        
            
                

            
        
    
    
        
    
    
        
    

                
            
            

             

                
  
    
• 
      
        
  

      

  

          
•           Job Openings
  

      
•           Finance Associate  

            
            

                
  
    
• 
      
        
  

      

  

          
•           Finance Associate  

            
            

            
            

                

Job Description:
                

                     

Job Overview:

We are seeking a detail-oriented Finance Associate to join our clients team. In this role, you will be responsible for a variety of routine accounting tasks, including monthly bank reconciliations, maintaining bank-related documentation, updating Group ledgers, and performing other account reconciliations and financial analyses.",Perform monthly bank reconciliations and ensure all bank-related documents are organized and up-to-date.|Regularly update and maintain the Group ledgers.|Conduct various account reconciliations and financial analyses as required.|Assist with the preparation of financial reports and other accounting tasks as needed.,"Strong IT proficiency, including working knowledge of Microsoft Windows, Word, and Excel.|A minimum of an ordinary level in Accounts; additional accounting qualifications are a plus.|Relevant experience in a similar accounting role is highly preferred.","Flexible working hours, including reduced summer hours.|Hybrid work options for a balanced lifestyle.|Sponsorship for professional qualifications and ongoing training.|Comprehensive health insurance.|Staff discounts and other benefits.",,,2026-06-09,2026-12-31,true
Skilled Carpenters,skilled-carpenters,General,Malta,Full-Time,On-Site,https://outreach-recruitment-agency.careers-page.com/jobs/65c6fe4b-2b76-475a-b20b-b412f571301e/apply,"• 

    

        
• 

    
    
• 

    
    
• 

    
• 
    
• 

    
• 
   
    
    
• 

    
• 

    
• 
    
• 
    
      
• 
    

    
• 
    
      
• 
    

    

        
            
            
              window.dataLayer = window.dataLayer || [];
              function gtag(){dataLayer.push(arguments);}
              gtag('js', new Date());

              gtag('config', 'G-XZZNFPW0ML');
            
        

        
        

Skilled Carpenters | Outreach Recruitment Agency

    :root {
        --default-primary-color: #442DFA;

        --default-secondary-color: #442DFA;

        --banner-opacity: 0.5;

        --paragraph-font: 'Roboto', sans-serif;

        --heading-font: 'Inter', sans-serif;

    }

    
    
        

            
                
            
        

        

            

                Company website
            

            

                
            

        

        
            
                
                
                
            
        
    

    
        

            

                
                    
                
            
            
        

        

            

                

                    
                

                

                    

No name
                    

-
                

                
                    

                
            

            
                
• 
                    
                        
                            

                        

                        My profile
                    
                
                
• 
                    
                        
                            

                        

                        My applications
                    
                
                
• 
                    
                        
                            

                        

                        My referrals
                    
                
            
        

        Company website

        

            
        
    
    
    &times;

    
        

            
                Current account
            
            

                

                    
                

                

                    

No name
                    

-
                
            
        
        
            
                

            
            Sign out
        
    

        

    

        

            

            
            

                

Skilled Carpenters
            
            
            

                

                    
• 
                        
    

    
    

    

Żebbuġ, Malta

                    

                    
• 
                        

    

Full-Time

                    
                    
• 
                        

    

On-Site

                    

                

                

                    

                        
                            Apply now
                        
                            
                                Refer
                            
                    
                    

    Share:
    
        
    
    
        
    
    
        
    
    
        
            
                

            
        
    
    
        
    
    
        
    

                
            
            

             

                
  
    
• 
      
        
  

      

  

          
•           Job Openings
  

      
•           Skilled Carpenters  

            
            

                
  
    
• 
      
        
  

      

  

          
•           Skilled Carpenters  

            
            

            
            

                

Job Description:
                

                     

We are seeking skilled Carpenters with expertise in joinery to join our clients dynamic team. A leading company specializing in the manufacturing and installation of high-quality furniture, stairways, flooring, timber, wood products & accessories, construction equipment, aluminum profiles & accessories, roofing, stainless steel & steel work.

 They deliver exceptional craftsmanship and ensure customer satisfaction in every project. The ideal candidate will have excellent woodworking skills, a keen eye for detail, and a strong understanding of joinery techniques.
The contract is provided directly by the company.","Utilize joinery techniques to construct and install furniture, stairways, flooring, timber products, and other wooden structures according to specifications and project requirements.|Read and interpret blueprints, sketches, and design plans to determine project scope and materials required.|Measure, cut, shape, and assemble wood and other materials to construct or repair structures.|Install hardware, such as hinges, handles, and locks, on wooden structures.|Collaborate with the design team and other craftsmen to ensure the accuracy and quality of the finished product.|Inspect and maintain tools and equipment to ensure they are in proper working condition.|Adhere to safety protocols and industry standards to maintain a safe work environment.|Provide guidance and training to apprentices or less-experienced carpenters when necessary.|Communicate effectively with team members, supervisors, and clients.","Proven experience as a Carpenter, preferably in the furniture, stairways, flooring, timber, or related industry.|Proficiency in joinery techniques and advanced woodworking skills.|Strong knowledge of various woodworking tools, equipment, and materials.|Ability to read and interpret blueprints, sketches, and design plans.|Excellent attention to detail and precision in measurements and cuts.|Good physical stamina and ability to work in various weather conditions.|Strong problem-solving skills and the ability to work independently or as part of a team.|Effective communication skills in English, both verbal and written.|Basic understanding of safety protocols and regulations.",,,,2026-06-09,2026-12-31,true
Delivery Person with Driving Licence C1,delivery-person-with-driving-licence-c1,Logistics,"Paola, Malta",Full-Time,On-Site,https://outreach-recruitment-agency.careers-page.com/jobs/1e90bf54-eb62-4d84-ad59-3c5ccbc6f5bc/apply,"• 

    

        
• 

    
    
• 

    
    
• 

    
• 
    
• 

    
• 
   
    
    
• 

    
• 

    
• 
    
• 
    
      
• 
    

    
• 
    
      
• 
    

    

        
            
            
              window.dataLayer = window.dataLayer || [];
              function gtag(){dataLayer.push(arguments);}
              gtag('js', new Date());

              gtag('config', 'G-XZZNFPW0ML');
            
        

        
        

Delivery Person with Driving Licence C1 | Outreach Recruitment Agency

    :root {
        --default-primary-color: #442DFA;

        --default-secondary-color: #442DFA;

        --banner-opacity: 0.5;

        --paragraph-font: 'Roboto', sans-serif;

        --heading-font: 'Inter', sans-serif;

    }

    
    
        

            
                
            
        

        

            

                Company website
            

            

                
            

        

        
            
                
                
                
            
        
    

    
        

            

                
                    
                
            
            
        

        

            

                

                    
                

                

                    

No name
                    

-
                

                
                    

                
            

            
                
• 
                    
                        
                            

                        

                        My profile
                    
                
                
• 
                    
                        
                            

                        

                        My applications
                    
                
                
• 
                    
                        
                            

                        

                        My referrals
                    
                
            
        

        Company website

        

            
        
    
    
    &times;

    
        

            
                Current account
            
            

                

                    
                

                

                    

No name
                    

-
                
            
        
        
            
                

            
            Sign out
        
    

        

    

        

            

            
            

                

Delivery Person with Driving Licence C1
            
            
            

                

                    
• 
                        
    

    
    

    

Paola, Malta

                    

                    
• 
                        

    

Full-Time

                    
                    
• 
                        

    

On-Site

                    
                    
• 
                        
    

    
360 EUR  / Week 

                    

                

                

                    

                        
                            Apply now
                        
                            
                                Refer
                            
                    
                    

    Share:
    
        
    
    
        
    
    
        
    
    
        
            
                

            
        
    
    
        
    
    
        
    

                
            
            

             

                
  
    
• 
      
        
  

      

  

          
•           Job Openings
  

      
•           Delivery Person with Driving Licence C1  

            
            

                
  
    
• 
      
        
  

      

  

          
•           Delivery Person with Driving Licence C1  

            
            

            
            

                

Job Description:
                

                     

We are seeking a reliable and dynamic Delivery Person to join the distribution team of one of Maltas leading winemakers. This is a full-time, immediate vacancy ideal for someone with a strong work ethic and a passion for logistics and customer service.",,,,,,2026-06-09,2026-12-31,true
Real Estate Managers,real-estate-managers,General,Malta,Full-Time,On-Site,https://outreach-recruitment-agency.careers-page.com/jobs/eaf37d85-f43f-4e84-a785-3af8e9517c15/apply,"• 

    

        
• 

    
    
• 

    
    
• 

    
• 
    
• 

    
• 
   
    
    
• 

    
• 

    
• 
    
• 
    
      
• 
    

    
• 
    
      
• 
    

    

        
            
            
              window.dataLayer = window.dataLayer || [];
              function gtag(){dataLayer.push(arguments);}
              gtag('js', new Date());

              gtag('config', 'G-XZZNFPW0ML');
            
        

        
        

Real Estate Managers | Outreach Recruitment Agency

    :root {
        --default-primary-color: #442DFA;

        --default-secondary-color: #442DFA;

        --banner-opacity: 0.5;

        --paragraph-font: 'Roboto', sans-serif;

        --heading-font: 'Inter', sans-serif;

    }

    
    
        

            
                
            
        

        

            

                Company website
            

            

                
            

        

        
            
                
                
                
            
        
    

    
        

            

                
                    
                
            
            
        

        

            

                

                    
                

                

                    

No name
                    

-
                

                
                    

                
            

            
                
• 
                    
                        
                            

                        

                        My profile
                    
                
                
• 
                    
                        
                            

                        

                        My applications
                    
                
                
• 
                    
                        
                            

                        

                        My referrals
                    
                
            
        

        Company website

        

            
        
    
    
    &times;

    
        

            
                Current account
            
            

                

                    
                

                

                    

No name
                    

-
                
            
        
        
            
                

            
            Sign out
        
    

        

    

        

            

            
            

                

Real Estate Managers
            
            
            

                

                    
• 
                        
    

    
    

    

Malta

                    

                    
• 
                        

    

Full-Time

                    
                    
• 
                        

    

On-Site

                    
                    
• 
                        
    

    
-

                    

                

                

                    

                        
                            Apply now
                        
                            
                                Refer
                            
                    
                    

    Share:
    
        
    
    
        
    
    
        
    
    
        
            
                

            
        
    
    
        
    
    
        
    

                
            
            

             

                
  
    
• 
      
        
  

      

  

          
•           Job Openings
  

      
•           Real Estate Managers  

            
            

                
  
    
• 
      
        
  

      

  

          
•           Real Estate Managers  

            
            

            
            

                

Job Description:
                

                     

🏡 Ever wondered what it's like to work in real estate?

If your answer is YES, then now is the perfect time to reach out and discover what we have to offer! Our client is expanding and looking for the right people to join their team as a Real Estate Manager. With us, you’re not just a number.

Guaranteed: The BEST Monthly Allowance Incentives & Performance Income on the Island!

Here's what we offer:

• A great team working environment

• A constant supply of quality client inquiries

• An extensive database of properties

• In-house training and mentoring

• An advertising budget

• High bonuses and commissions

• The latest systems and technologies

• All training and assistance will be provided to new candidates.",,Must own a car and have a clean driving license|Must be fluent in English|Must have a valid Malta working and residential permit (applications without this will not be considered),A great team working environment|A constant supply of quality client inquiries|An extensive database of properties|In-house training and mentoring|An advertising budget|High bonuses and commissions|The latest systems and technologies|All training and assistance will be provided to new candidates.,,,2026-06-09,2026-12-31,true
Structural Engineer,structural-engineer,Engineering & Maintenance,"Mosta, Malta",Full-Time,On-Site,https://outreach-recruitment-agency.careers-page.com/jobs/5641c8ff-d0db-4f95-b3ce-fb8159052a96/apply,"• 

    

        
• 

    
    
• 

    
    
• 

    
• 
    
• 

    
• 
   
    
    
• 

    
• 

    
• 
    
• 
    
      
• 
    

    
• 
    
      
• 
    

    

        
            
            
              window.dataLayer = window.dataLayer || [];
              function gtag(){dataLayer.push(arguments);}
              gtag('js', new Date());

              gtag('config', 'G-XZZNFPW0ML');
            
        

        
        

Structural Engineer | Outreach Recruitment Agency

    :root {
        --default-primary-color: #442DFA;

        --default-secondary-color: #442DFA;

        --banner-opacity: 0.5;

        --paragraph-font: 'Roboto', sans-serif;

        --heading-font: 'Inter', sans-serif;

    }

    
    
        

            
                
            
        

        

            

                Company website
            

            

                
            

        

        
            
                
                
                
            
        
    

    
        

            

                
                    
                
            
            
        

        

            

                

                    
                

                

                    

No name
                    

-
                

                
                    

                
            

            
                
• 
                    
                        
                            

                        

                        My profile
                    
                
                
• 
                    
                        
                            

                        

                        My applications
                    
                
                
• 
                    
                        
                            

                        

                        My referrals
                    
                
            
        

        Company website

        

            
        
    
    
    &times;

    
        

            
                Current account
            
            

                

                    
                

                

                    

No name
                    

-
                
            
        
        
            
                

            
            Sign out
        
    

        

    

        

            

            
            

                

Structural Engineer
            
            
            

                

                    
• 
                        
    

    
    

    

Mosta, Northern Region, Malta

                    

                    
• 
                        

    

Full-Time

                    
                    
• 
                        

    

On-Site

                    
                    
• 
                        
    

    
32,000 EUR  / Year 

                    

                

                

                    

                        
                            Apply now
                        
                            
                                Refer
                            
                    
                    

    Share:
    
        
    
    
        
    
    
        
    
    
        
            
                

            
        
    
    
        
    
    
        
    

                
            
            

             

                
  
    
• 
      
        
  

      

  

          
•           Job Openings
  

      
•           Structural Engineer  

            
            

                
  
    
• 
      
        
  

      

  

          
•           Structural Engineer  

            
            

            
            

                

Job Description:
                

                     

Our client is looking for a Structural Engineer their quality assurance team within the company. The professional section of the company takes care of a wide range of things, from assessments of deteriorating buidings, design and detailing of structural solutions within existing buidings, design and detailing of new building structures to foundation design and detailing, stabilization of foundations of structures, stabilization design and implementation of excavations and slopes, design and detailing of underground special Structures. ️","Conduct assessments of deteriorating buildings to identify and recommend necessary structural solutions.|Design and detail structural solutions for existing buildings, ensuring safety and compliance with relevant standards.|Develop and detail designs for new building structures, including foundations, ensuring stability and durability.|Implement and design stabilization solutions for foundations, excavations, and slopes.|Design and detail specialized underground structures, ensuring they meet required specifications and standards.|Collaborate with other engineers and stakeholders to ensure quality and safety in all project phases.|Perform quality assurance checks and reviews on design plans and construction work.|Ensure all projects comply with industry standards, codes, and regulations.|Prepare and present detailed reports and documentation on quality assurance findings and recommendations.","Bachelor's degree in Civil Engineering or a related field.|Professional Engineer (PE) license preferred.|Only open to candidates currently residing in Malta﻿﻿|Minimum of 2 years of experience in civil engineering, with a focus on structural design and quality assurance.|Strong knowledge of building codes, standards, and regulations.|Proficiency in design software such as AutoCAD, Revit, or similar tools.|Excellent problem-solving skills and attention to detail.|Strong communication and teamwork abilities.|Ability to manage multiple projects and meet deadlines.",Competitive salary and benefits package.|Opportunities for professional development and career advancement.|A collaborative and innovative work environment.,,,2026-06-09,2026-12-31,true
Commercial Insurance Associate,commercial-insurance-associate,General,Malta,Full-Time,On-Site,https://outreach-recruitment-agency.careers-page.com/jobs/46186874-9d33-4af6-80e1-96a2d7994739/apply,"• 

    

        
• 

    
    
• 

    
    
• 

    
• 
    
• 

    
• 
   
    
    
• 

    
• 

    
• 
    
• 
    
      
• 
    

    
• 
    
      
• 
    

    

        
            
            
              window.dataLayer = window.dataLayer || [];
              function gtag(){dataLayer.push(arguments);}
              gtag('js', new Date());

              gtag('config', 'G-XZZNFPW0ML');
            
        

        
        

Commercial Insurance Associate | Outreach Recruitment Agency

    :root {
        --default-primary-color: #442DFA;

        --default-secondary-color: #442DFA;

        --banner-opacity: 0.5;

        --paragraph-font: 'Roboto', sans-serif;

        --heading-font: 'Inter', sans-serif;

    }

    
    
        

            
                
            
        

        

            

                Company website
            

            

                
            

        

        
            
                
                
                
            
        
    

    
        

            

                
                    
                
            
            
        

        

            

                

                    
                

                

                    

No name
                    

-
                

                
                    

                
            

            
                
• 
                    
                        
                            

                        

                        My profile
                    
                
                
• 
                    
                        
                            

                        

                        My applications
                    
                
                
• 
                    
                        
                            

                        

                        My referrals
                    
                
            
        

        Company website

        

            
        
    
    
    &times;

    
        

            
                Current account
            
            

                

                    
                

                

                    

No name
                    

-
                
            
        
        
            
                

            
            Sign out
        
    

        

    

        

            

            
            

                

Commercial Insurance Associate
            
            
            

                

                    
• 
                        
    

    
    

    

Malta

                    

                    
• 
                        

    

Full-Time

                    
                    
• 
                        

    

On-Site

                    
                    
• 
                        
    

    
-

                    

                

                

                    

                        
                            Apply now
                        
                            
                                Refer
                            
                    
                    

    Share:
    
        
    
    
        
    
    
        
    
    
        
            
                

            
        
    
    
        
    
    
        
    

                
            
            

             

                
  
    
• 
      
        
  

      

  

          
•           Job Openings
  

      
•           Commercial Insurance Associate  

            
            

                
  
    
• 
      
        
  

      

  

          
•           Commercial Insurance Associate  

            
            

            
            

                

Job Description:
                

                     

Are you a driven individual with a passion for sales? Our Commercial Insurance team is seeking a proactive team member to join us in serving some of Malta's leading businesses. If you thrive on building connections and collaborating within a supportive team environment, this could be the perfect opportunity for you! 🌟

The job consists of building and maintaining good business relationships with clients; gathering information and assessing their insurance needs and presenting solutions to help customers make purchasing decisions according to their needs. The chosen candidate will ensure customers understand the terms of cover and prepares the insurance documentation.

About You

You must have a people-oriented personality and be good at establishing positive relationships with all types of commercial clients. You must also be a committed team player, meticulous and enthusiastic, with a sales aptitude and a strong commitment to excellent service.

Job",,"The ideal candidate must have:|Excellent written and verbal skills in communicating with customers|Highly motivated with a natural flair for sales|IT proficiency with a working knowledge of Microsoft Windows, Word and Excel|An advanced level of education|Experience in an insurance setting or a customer care-related discipline would be considered an asset",,,,2026-06-09,2026-12-31,true
Servers in Gozo,servers-in-gozo,Hospitality,Malta,Full-Time,On-Site,https://outreach-recruitment-agency.careers-page.com/jobs/32655391-813e-495c-b0b2-08690427a3b9/apply,"• 

    

        
• 

    
    
• 

    
    
• 

    
• 
    
• 

    
• 
   
    
    
• 

    
• 

    
• 
    
• 
    
      
• 
    

    
• 
    
      
• 
    

    

        
            
            
              window.dataLayer = window.dataLayer || [];
              function gtag(){dataLayer.push(arguments);}
              gtag('js', new Date());

              gtag('config', 'G-XZZNFPW0ML');
            
        

        
        

Servers in Gozo | Outreach Recruitment Agency

    :root {
        --default-primary-color: #442DFA;

        --default-secondary-color: #442DFA;

        --banner-opacity: 0.5;

        --paragraph-font: 'Roboto', sans-serif;

        --heading-font: 'Inter', sans-serif;

    }

    
    
        

            
                
            
        

        

            

                Company website
            

            

                
            

        

        
            
                
                
                
            
        
    

    
        

            

                
                    
                
            
            
        

        

            

                

                    
                

                

                    

No name
                    

-
                

                
                    

                
            

            
                
• 
                    
                        
                            

                        

                        My profile
                    
                
                
• 
                    
                        
                            

                        

                        My applications
                    
                
                
• 
                    
                        
                            

                        

                        My referrals
                    
                
            
        

        Company website

        

            
        
    
    
    &times;

    
        

            
                Current account
            
            

                

                    
                

                

                    

No name
                    

-
                
            
        
        
            
                

            
            Sign out
        
    

        

    

        

            

            
            

                

Servers in Gozo
            
            
            

                

                    
• 
                        
    

    
    

    

Malta

                    

                    
• 
                        

    

Full-Time

                    
                    
• 
                        

    

On-Site

                    
                    
• 
                        
    

    
-

                    

                

                

                    

                        
                            Apply now
                        
                            
                                Refer
                            
                    
                    

    Share:
    
        
    
    
        
    
    
        
    
    
        
            
                

            
        
    
    
        
    
    
        
    

                
            
            

             

                
  
    
• 
      
        
  

      

  

          
•           Job Openings
  

      
•           Servers in Gozo  

            
            

                
  
    
• 
      
        
  

      

  

          
•           Servers in Gozo  

            
            

            
            

                

Job Description:
                

                     

We are seeking enthusiastic and customer-oriented Servers to join our team at a well-known restaurant in Gozo, known for offering a delightful culinary experience in a relaxed and welcoming environment. If you have a passion for hospitality and enjoy delivering exceptional service, this is the perfect opportunity for you!

Role Overview:

As a Server, you will play a key role in ensuring that guests have an outstanding dining experience. You will be responsible for taking orders, serving food and beverages, and providing excellent customer service, all while maintaining a friendly and professional demeanor.",,,,,,2026-06-09,2026-12-31,true
Aluminum Install and Fabrication Foreman,aluminum-install-and-fabrication-foreman,Engineering & Maintenance,Malta,Full-Time,On-Site,https://outreach-recruitment-agency.careers-page.com/jobs/c41969b1-8caf-4f29-bdb6-7950cabead37/apply,"• 

    

        
• 

    
    
• 

    
    
• 

    
• 
    
• 

    
• 
   
    
    
• 

    
• 

    
• 
    
• 
    
      
• 
    

    
• 
    
      
• 
    

    

        
            
            
              window.dataLayer = window.dataLayer || [];
              function gtag(){dataLayer.push(arguments);}
              gtag('js', new Date());

              gtag('config', 'G-XZZNFPW0ML');
            
        

        
        

Aluminum Install and Fabrication Foreman | Outreach Recruitment Agency

    :root {
        --default-primary-color: #442DFA;

        --default-secondary-color: #442DFA;

        --banner-opacity: 0.5;

        --paragraph-font: 'Roboto', sans-serif;

        --heading-font: 'Inter', sans-serif;

    }

    
    
        

            
                
            
        

        

            

                Company website
            

            

                
            

        

        
            
                
                
                
            
        
    

    
        

            

                
                    
                
            
            
        

        

            

                

                    
                

                

                    

No name
                    

-
                

                
                    

                
            

            
                
• 
                    
                        
                            

                        

                        My profile
                    
                
                
• 
                    
                        
                            

                        

                        My applications
                    
                
                
• 
                    
                        
                            

                        

                        My referrals
                    
                
            
        

        Company website

        

            
        
    
    
    &times;

    
        

            
                Current account
            
            

                

                    
                

                

                    

No name
                    

-
                
            
        
        
            
                

            
            Sign out
        
    

        

    

        

            

            
            

                

Aluminum Install and Fabrication Foreman
            
            
            

                

                    
• 
                        
    

    
    

    

Żebbuġ, Malta

                    

                    
• 
                        

    

Full-Time

                    
                    
• 
                        

    

On-Site

                    

                

                

                    

                        
                            Apply now
                        
                            
                                Refer
                            
                    
                    

    Share:
    
        
    
    
        
    
    
        
    
    
        
            
                

            
        
    
    
        
    
    
        
    

                
            
            

             

                
  
    
• 
      
        
  

      

  

          
•           Job Openings
  

      
•           Aluminum Install and Fabrication Foreman  

            
            

                
  
    
• 
      
        
  

      

  

          
•           Aluminum Install and Fabrication Foreman  

            
            

            
            

                

Job Description:
                

                     

We are seeking an experienced Aluminum Install and Fabrication Foreman to lead a team in the fabrication and installation of aluminum products, including profiles, roofing systems, doors, and windows. Our client is a leading company known for high-quality craftsmanship and customer satisfaction in every project.

The ideal candidate will have a strong background in aluminum fabrication and installation, excellent leadership skills, and the ability to manage teams while ensuring projects are completed to the highest standard.","Lead a team in the fabrication and installation of aluminum products, ensuring work is completed on time and within specifications.|Interpret blueprints and technical drawings to guide the team and ensure accuracy in project execution.|Oversee the cutting, shaping, and assembly of aluminum materials, ensuring quality craftsmanship.|Collaborate with project managers, architects, and other trades to align with project goals.|Maintain and inspect tools and equipment, ensuring safety and proper operation.|Ensure adherence to safety protocols and provide training to less-experienced team members.","Proven experience as a Foreman in aluminum fabrication and installation.|Strong knowledge of aluminum fabrication techniques, tools, and installation processes.|Ability to read and interpret blueprints and technical drawings.|Excellent attention to detail, leadership, and communication skills.|Must reside in Malta.",,,,2026-06-09,2026-12-31,true
Bricklayers,bricklayers,General,"Mosta, Malta",Full-Time,On-Site,https://outreach-recruitment-agency.careers-page.com/jobs/4ee14af9-7264-49b7-ac85-39a467136895/apply,"• 

    

        
• 

    
    
• 

    
    
• 

    
• 
    
• 

    
• 
   
    
    
• 

    
• 

    
• 
    
• 
    
      
• 
    

    
• 
    
      
• 
    

    

        
            
            
              window.dataLayer = window.dataLayer || [];
              function gtag(){dataLayer.push(arguments);}
              gtag('js', new Date());

              gtag('config', 'G-XZZNFPW0ML');
            
        

        
        

Bricklayers | Outreach Recruitment Agency

    :root {
        --default-primary-color: #442DFA;

        --default-secondary-color: #442DFA;

        --banner-opacity: 0.5;

        --paragraph-font: 'Roboto', sans-serif;

        --heading-font: 'Inter', sans-serif;

    }

    
    
        

            
                
            
        

        

            

                Company website
            

            

                
            

        

        
            
                
                
                
            
        
    

    
        

            

                
                    
                
            
            
        

        

            

                

                    
                

                

                    

No name
                    

-
                

                
                    

                
            

            
                
• 
                    
                        
                            

                        

                        My profile
                    
                
                
• 
                    
                        
                            

                        

                        My applications
                    
                
                
• 
                    
                        
                            

                        

                        My referrals
                    
                
            
        

        Company website

        

            
        
    
    
    &times;

    
        

            
                Current account
            
            

                

                    
                

                

                    

No name
                    

-
                
            
        
        
            
                

            
            Sign out
        
    

        

    

        

            

            
            

                

Bricklayers
            
            
            

                

                    
• 
                        
    

    
    

    

Mosta, Northern Region, Malta

                    

                    
• 
                        

    

Full-Time

                    
                    
• 
                        

    

On-Site

                    
                    
• 
                        
    

    
-

                    

                

                

                    

                        
                            Apply now
                        
                            
                                Refer
                            
                    
                    

    Share:
    
        
    
    
        
    
    
        
    
    
        
            
                

            
        
    
    
        
    
    
        
    

                
            
            

             

                
  
    
• 
      
        
  

      

  

          
•           Job Openings
  

      
•           Bricklayers  

            
            

                
  
    
• 
      
        
  

      

  

          
•           Bricklayers  

            
            

            
            

                

Job Description:
                

                     

We are currently seeking experienced and reliable Bricklayers to join our clients team  a well-established and reputable construction company known for delivering high-quality residential, commercial, and civil projects.

This is a full-time opportunity for skilled tradespeople who take pride in their workmanship, can read construction drawings, and work efficiently as part of a team on site.",,,,,,2026-06-09,2026-12-31,true
Audit Senior,audit-senior,IT & Technology,"Birkirkara, Malta",Full-Time,On-Site,https://outreach-recruitment-agency.careers-page.com/jobs/63b9f6fb-c395-437c-85ee-ba838e73edce/apply,"• 

    

        
• 

    
    
• 

    
    
• 

    
• 
    
• 

    
• 
   
    
    
• 

    
• 

    
• 
    
• 
    
      
• 
    

    
• 
    
      
• 
    

    

        
            
            
              window.dataLayer = window.dataLayer || [];
              function gtag(){dataLayer.push(arguments);}
              gtag('js', new Date());

              gtag('config', 'G-XZZNFPW0ML');
            
        

        
        

Audit Senior | Outreach Recruitment Agency

    :root {
        --default-primary-color: #442DFA;

        --default-secondary-color: #442DFA;

        --banner-opacity: 0.5;

        --paragraph-font: 'Roboto', sans-serif;

        --heading-font: 'Inter', sans-serif;

    }

    
    
        

            
                
            
        

        

            

                Company website
            

            

                
            

        

        
            
                
                
                
            
        
    

    
        

            

                
                    
                
            
            
        

        

            

                

                    
                

                

                    

No name
                    

-
                

                
                    

                
            

            
                
• 
                    
                        
                            

                        

                        My profile
                    
                
                
• 
                    
                        
                            

                        

                        My applications
                    
                
                
• 
                    
                        
                            

                        

                        My referrals
                    
                
            
        

        Company website

        

            
        
    
    
    &times;

    
        

            
                Current account
            
            

                

                    
                

                

                    

No name
                    

-
                
            
        
        
            
                

            
            Sign out
        
    

        

    

        

            

            
            

                

Audit Senior
            
            
            

                

                    
• 
                        
    

    
    

    

Birkirkara, Malta

                    

                    
• 
                        

    

Full-Time

                    
                    
• 
                        

    

On-Site

                    
                    
• 
                        
    

    
30,000-40,000 EUR  / Year 

                    

                

                

                    

                        
                            Apply now
                        
                            
                                Refer
                            
                    
                    

    Share:
    
        
    
    
        
    
    
        
    
    
        
            
                

            
        
    
    
        
    
    
        
    

                
            
            

             

                
  
    
• 
      
        
  

      

  

          
•           Job Openings
  

      
•           Audit Senior  

            
            

                
  
    
• 
      
        
  

      

  

          
•           Audit Senior  

            
            

            
            

                

Job Description:
                

                     

Our client is a long-established professional services firm with over 30 years of experience in the Maltese market. As part of a leading global network of independent accounting and advisory firms operating in over 145 countries, they are known for their strong commitment to client service. Their portfolio includes a wide range of clients, from large, reputable groups to small and medium-sized businesses.

Roles and",,,,,,2026-06-09,2026-12-31,true
Product Owner - Hybrid,product-owner-hybrid,General,Malta,Full-Time,Hybrid,https://outreach-recruitment-agency.careers-page.com/jobs/f5fa8183-5b6e-4e2c-a821-8a41db465e92/apply,"• 

    

        
• 

    
    
• 

    
    
• 

    
• 
    
• 

    
• 
   
    
    
• 

    
• 

    
• 
    
• 
    
      
• 
    

    
• 
    
      
• 
    

    

        
            
            
              window.dataLayer = window.dataLayer || [];
              function gtag(){dataLayer.push(arguments);}
              gtag('js', new Date());

              gtag('config', 'G-XZZNFPW0ML');
            
        

        
        

Product Owner - Hybrid | Outreach Recruitment Agency

    :root {
        --default-primary-color: #442DFA;

        --default-secondary-color: #442DFA;

        --banner-opacity: 0.5;

        --paragraph-font: 'Roboto', sans-serif;

        --heading-font: 'Inter', sans-serif;

    }

    
    
        

            
                
            
        

        

            

                Company website
            

            

                
            

        

        
            
                
                
                
            
        
    

    
        

            

                
                    
                
            
            
        

        

            

                

                    
                

                

                    

No name
                    

-
                

                
                    

                
            

            
                
• 
                    
                        
                            

                        

                        My profile
                    
                
                
• 
                    
                        
                            

                        

                        My applications
                    
                
                
• 
                    
                        
                            

                        

                        My referrals
                    
                
            
        

        Company website

        

            
        
    
    
    &times;

    
        

            
                Current account
            
            

                

                    
                

                

                    

No name
                    

-
                
            
        
        
            
                

            
            Sign out
        
    

        

    

        

            

            
            

                

Product Owner - Hybrid
            
            
            

                

                    
• 
                        
    

    
    

    

Ta' Xbiex, Malta

                    

                    
• 
                        

    

Full-Time

                    
                    
• 
                        

    

Remote

                    
                    
• 
                        
    

    
-

                    

                

                

                    

                        
                            Apply now
                        
                            
                                Refer
                            
                    
                    

    Share:
    
        
    
    
        
    
    
        
    
    
        
            
                

            
        
    
    
        
    
    
        
    

                
            
            

             

                
  
    
• 
      
        
  

      

  

          
•           Job Openings
  

      
•           Product Owner - Hybrid  

            
            

                
  
    
• 
      
        
  

      

  

          
•           Product Owner - Hybrid  

            
            

            
            

                

Job Description:
                

                     

Are you a product-minded professional with a passion for simplifying complexity, driving value, and making a real impact in financial services?

Our client, a leading organization in the insurance and financial sector, is seeking a Product Owner to join their growing cross-functional Product team and help shape the future of how services are delivered to customers and internal users.

 Your Mission

As a Product Owner, you will collaborate with other POs, developers, and stakeholders to continuously improve a suite of financial and insurance-related systems.

Working under the direction of a Lead Product Owner, you will drive delivery through structured planning, clear communication, and iterative development.

You will:

• 

Own and manage product backlogs across one or more systems, ensuring they reflect real business needs.

• 

Collaborate with stakeholders to define priorities and translate business",,,,,,2026-06-09,2026-12-31,true
Steel Shutterers &amp; Steel Fixers,steel-shutterers-amp-steel-fixers,General,"Mosta, Malta",Full-Time,On-Site,https://outreach-recruitment-agency.careers-page.com/jobs/f2ad4642-af0a-45f9-bff4-5f1754a9cb29/apply,"• 

    

        
• 

    
    
• 

    
    
• 

    
• 
    
• 

    
• 
   
    
    
• 

    
• 

    
• 
    
• 
    
      
• 
    

    
• 
    
      
• 
    

    

        
            
            
              window.dataLayer = window.dataLayer || [];
              function gtag(){dataLayer.push(arguments);}
              gtag('js', new Date());

              gtag('config', 'G-XZZNFPW0ML');
            
        

        
        

Steel Shutterers & Steel Fixers | Outreach Recruitment Agency

    :root {
        --default-primary-color: #442DFA;

        --default-secondary-color: #442DFA;

        --banner-opacity: 0.5;

        --paragraph-font: 'Roboto', sans-serif;

        --heading-font: 'Inter', sans-serif;

    }

    
    
        

            
                
            
        

        

            

                Company website
            

            

                
            

        

        
            
                
                
                
            
        
    

    
        

            

                
                    
                
            
            
        

        

            

                

                    
                

                

                    

No name
                    

-
                

                
                    

                
            

            
                
• 
                    
                        
                            

                        

                        My profile
                    
                
                
• 
                    
                        
                            

                        

                        My applications
                    
                
                
• 
                    
                        
                            

                        

                        My referrals
                    
                
            
        

        Company website

        

            
        
    
    
    &times;

    
        

            
                Current account
            
            

                

                    
                

                

                    

No name
                    

-
                
            
        
        
            
                

            
            Sign out
        
    

        

    

        

            

            
            

                

Steel Shutterers & Steel Fixers
            
            
            

                

                    
• 
                        
    

    
    

    

Mosta, Northern Region, Malta

                    

                    
• 
                        

    

Full-Time

                    
                    
• 
                        

    

On-Site

                    
                    
• 
                        
    

    
-

                    

                

                

                    

                        
                            Apply now
                        
                            
                                Refer
                            
                    
                    

    Share:
    
        
    
    
        
    
    
        
    
    
        
            
                

            
        
    
    
        
    
    
        
    

                
            
            

             

                
  
    
• 
      
        
  

      

  

          
•           Job Openings
  

      
•           Steel Shutterers & Steel Fixers  

            
            

                
  
    
• 
      
        
  

      

  

          
•           Steel Shutterers & Steel Fixers  

            
            

            
            

                

Job Description:
                

                     

We are currently recruiting experienced and skilled Steel Shutterers and Steel Fixers on behalf of our client, a reputable and well-established construction company involved in high-profile building and infrastructure projects.

These are full-time roles suited for individuals with a strong background in formwork and steel reinforcement, who are confident working in a fast-paced, site-based environment and delivering quality workmanship to industry standards.",Steel Shutterers:,,,,,2026-06-09,2026-12-31,true
Volvo Penta Mechanic,volvo-penta-mechanic,Engineering & Maintenance,Malta,Full-Time,On-Site,https://outreach-recruitment-agency.careers-page.com/jobs/f7d47de4-855e-43e1-9287-27c71cea916a/apply,"• 

    

        
• 

    
    
• 

    
    
• 

    
• 
    
• 

    
• 
   
    
    
• 

    
• 

    
• 
    
• 
    
      
• 
    

    
• 
    
      
• 
    

    

        
            
            
              window.dataLayer = window.dataLayer || [];
              function gtag(){dataLayer.push(arguments);}
              gtag('js', new Date());

              gtag('config', 'G-XZZNFPW0ML');
            
        

        
        

Volvo Penta Mechanic | Outreach Recruitment Agency

    :root {
        --default-primary-color: #442DFA;

        --default-secondary-color: #442DFA;

        --banner-opacity: 0.5;

        --paragraph-font: 'Roboto', sans-serif;

        --heading-font: 'Inter', sans-serif;

    }

    
    
        

            
                
            
        

        

            

                Company website
            

            

                
            

        

        
            
                
                
                
            
        
    

    
        

            

                
                    
                
            
            
        

        

            

                

                    
                

                

                    

No name
                    

-
                

                
                    

                
            

            
                
• 
                    
                        
                            

                        

                        My profile
                    
                
                
• 
                    
                        
                            

                        

                        My applications
                    
                
                
• 
                    
                        
                            

                        

                        My referrals
                    
                
            
        

        Company website

        

            
        
    
    
    &times;

    
        

            
                Current account
            
            

                

                    
                

                

                    

No name
                    

-
                
            
        
        
            
                

            
            Sign out
        
    

        

    

        

            

            
            

                

Volvo Penta Mechanic
            
            
            

                

                    
• 
                        
    

    
    

    

Marsa, Malta

                    

                    
• 
                        

    

Full-Time

                    
                    
• 
                        

    

On-Site

                    
                    
• 
                        
    

    
25,000-30,000 EUR  / Year 

                    

                

                

                    

                        
                            Apply now
                        
                            
                                Refer
                            
                    
                    

    Share:
    
        
    
    
        
    
    
        
    
    
        
            
                

            
        
    
    
        
    
    
        
    

                
            
            

             

                
  
    
• 
      
        
  

      

  

          
•           Job Openings
  

      
•           Volvo Penta Mechanic  

            
            

                
  
    
• 
      
        
  

      

  

          
•           Volvo Penta Mechanic  

            
            

            
            

                

Job Description:
                

                     

Join the Winning Team as a Volvo Penta Mechanic!

This is a full-time, on-site role for a Volvo Penta Mechanic located in Marsa, Malta. Our client is looking for a skilled mechanic responsible for maintenance, preventive maintenance, and repairs on Volvo Penta engines and related equipment. Daily tasks include troubleshooting engine issues, performing heavy equipment maintenance, and ensuring all services meet the highest standards of quality and safety. The mechanic will also maintain service records and ensure compliance with industry regulations.

Role, Duties and",,,,,,2026-06-09,2026-12-31,true
Sign Assembler &amp; Installer,sign-assembler-amp-installer,General,Malta,Full-Time,On-Site,https://outreach-recruitment-agency.careers-page.com/jobs/d3d955be-60c4-44d1-9723-6e941b3598f1/apply,"• 

    

        
• 

    
    
• 

    
    
• 

    
• 
    
• 

    
• 
   
    
    
• 

    
• 

    
• 
    
• 
    
      
• 
    

    
• 
    
      
• 
    

    

        
            
            
              window.dataLayer = window.dataLayer || [];
              function gtag(){dataLayer.push(arguments);}
              gtag('js', new Date());

              gtag('config', 'G-XZZNFPW0ML');
            
        

        
        

Sign Assembler & Installer | Outreach Recruitment Agency

    :root {
        --default-primary-color: #442DFA;

        --default-secondary-color: #442DFA;

        --banner-opacity: 0.5;

        --paragraph-font: 'Roboto', sans-serif;

        --heading-font: 'Inter', sans-serif;

    }

    
    
        

            
                
            
        

        

            

                Company website
            

            

                
            

        

        
            
                
                
                
            
        
    

    
        

            

                
                    
                
            
            
        

        

            

                

                    
                

                

                    

No name
                    

-
                

                
                    

                
            

            
                
• 
                    
                        
                            

                        

                        My profile
                    
                
                
• 
                    
                        
                            

                        

                        My applications
                    
                
                
• 
                    
                        
                            

                        

                        My referrals
                    
                
            
        

        Company website

        

            
        
    
    
    &times;

    
        

            
                Current account
            
            

                

                    
                

                

                    

No name
                    

-
                
            
        
        
            
                

            
            Sign out
        
    

        

    

        

            

            
            

                

Sign Assembler & Installer
            
            
            

                

                    
• 
                        
    

    
    

    

Malta

                    

                    
• 
                        

    

Full-Time

                    
                    
• 
                        

    

On-Site

                    
                    
• 
                        
    

    
-

                    

                

                

                    

                        
                            Apply now
                        
                            
                                Refer
                            
                    
                    

    Share:
    
        
    
    
        
    
    
        
    
    
        
            
                

            
        
    
    
        
    
    
        
    

                
            
            

             

                
  
    
• 
      
        
  

      

  

          
•           Job Openings
  

      
•           Sign Assembler & Installer  

            
            

                
  
    
• 
      
        
  

      

  

          
•           Sign Assembler & Installer  

            
            

            
            

                

Job Description:
                

                     

We are seeking a skilled Sign Assembler & Installer to join our client, which is in the advertising industry. The ideal candidate will have a wide range of skills, including welding, soldering, electrical work, carpentry, plumbing, and general construction. They will also have a deep understanding of hand tools and the ability to work efficiently and safely to ensure that projects are completed to the highest standard. The contract is provided directly by the company.","Install and repair signs, fixtures, and other display materials|Perform welding, soldering, electrical work, carpentry, plumbing, and other related tasks as needed|Use hand tools and other equipment safely and effectively|Collaborate with clients, designers, and other team members to ensure that projects are completed on time and to the highest standard|Maintain a clean and organized workspace|Other duties as assigned.","Proven experience in welding, soldering, electrical work, carpentry, plumbing, and general construction",,"If you have a strong work ethic and take pride in your work, we want to hear from you.",,2026-06-09,2026-12-31,true
Waiters,waiters,Hospitality,"Valletta, Malta",Full-Time,On-Site,https://outreach-recruitment-agency.careers-page.com/jobs/47daf5bb-14c0-410e-9bcc-31fab11a53bd/apply,"• 

    

        
• 

    
    
• 

    
    
• 

    
• 
    
• 

    
• 
   
    
    
• 

    
• 

    
• 
    
• 
    
      
• 
    

    
• 
    
      
• 
    

    

        
            
            
              window.dataLayer = window.dataLayer || [];
              function gtag(){dataLayer.push(arguments);}
              gtag('js', new Date());

              gtag('config', 'G-XZZNFPW0ML');
            
        

        
        

Waiters | Outreach Recruitment Agency

    :root {
        --default-primary-color: #442DFA;

        --default-secondary-color: #442DFA;

        --banner-opacity: 0.5;

        --paragraph-font: 'Roboto', sans-serif;

        --heading-font: 'Inter', sans-serif;

    }

    
    
        

            
                
            
        

        

            

                Company website
            

            

                
            

        

        
            
                
                
                
            
        
    

    
        

            

                
                    
                
            
            
        

        

            

                

                    
                

                

                    

No name
                    

-
                

                
                    

                
            

            
                
• 
                    
                        
                            

                        

                        My profile
                    
                
                
• 
                    
                        
                            

                        

                        My applications
                    
                
                
• 
                    
                        
                            

                        

                        My referrals
                    
                
            
        

        Company website

        

            
        
    
    
    &times;

    
        

            
                Current account
            
            

                

                    
                

                

                    

No name
                    

-
                
            
        
        
            
                

            
            Sign out
        
    

        

    

        

            

            
            

                

Waiters
            
            
            

                

                    
• 
                        
    

    
    

    

Valletta, South Eastern Region, Malta

                    

                    
• 
                        

    

Full-Time

                    
                    
• 
                        

    

On-Site

                    
                    
• 
                        
    

    
-

                    

                

                

                    

                        
                            Apply now
                        
                            
                                Refer
                            
                    
                    

    Share:
    
        
    
    
        
    
    
        
    
    
        
            
                

            
        
    
    
        
    
    
        
    

                
            
            

             

                
  
    
• 
      
        
  

      

  

          
•           Job Openings
  

      
•           Waiters  

            
            

                
  
    
• 
      
        
  

      

  

          
•           Waiters  

            
            

            
            

                

Job Description:
                

                     

Our client, a well-established restaurant offering authentic Maltese & Mediterranean cuisine at the heart of the Valletta Waterfront, is looking for Waiters to join their team and deliver excellent service in a vibrant dining atmosphere.

Role Description

This is a full-time, on-site role for Waiters. The successful candidates will be responsible for welcoming and serving guests, taking orders, ensuring customer satisfaction, and providing a high-quality dining experience that matches the restaurants standards.",,,,,,2026-06-09,2026-12-31,true
Shop Assistant (Safi and Tarxien),shop-assistant-safi-and-tarxien,Retail,Malta,Full-Time,On-Site,https://outreach-recruitment-agency.careers-page.com/jobs/8442ae7e-c681-4994-b310-afdb3ae2d9a5/apply,"Only candidates residing in or near Safi and Tarxien, Malta will be considered for this role.﻿

Our client, a Convenience Shop is dedicated to providing excellent customer service and a wide range of products to our local community. We are looking for a motivated and friendly Shop Assistant to join our team. The ideal candidate will live nearby and have previous experience working in supermarkets.","Customer Service: Provide exceptional service to all customers, addressing their needs and inquiries efficiently.|Stock Management: Assist in receiving, unpacking, and organizing merchandise. Ensure shelves are stocked and displays are neat and attractive.|Cash Handling: Operate the cash register, handle transactions accurately, and balance the till at the end of shifts.|Cleaning: Maintain cleanliness and orderliness of the shop, including sweeping, mopping, and ensuring the shelves and products are dust-free.|Product Knowledge: Stay informed about the products we sell, including new arrivals, and be able to provide recommendations to customers.|Team Collaboration: Work closely with other team members to ensure smooth shop operations and a positive working environment.|Other Duties: Assist with other tasks as needed, including opening and closing the shop.","Experience: Previous experience working in a supermarket or similar retail environment.|Proximity: Must live close to Mqabba.|Customer Focused: Strong customer service skills and a friendly, approachable demeanor.|Communication: Good verbal communication skills in English.|Physical Stamina: Ability to stand for long periods and perform physically demanding tasks such as lifting and moving stock.|Reliability: Dependable and punctual with a strong work ethic.",,,,2026-06-09,2026-12-31,true
Workshop Administrator,workshop-administrator,Retail,"Luqa, Malta",Full-Time,On-Site,https://outreach-recruitment-agency.careers-page.com/jobs/55d6d9ca-428a-4a54-a2f6-ebdd0e774bc3/apply,"• 

    

        
• 

    
    
• 

    
    
• 

    
• 
    
• 

    
• 
   
    
    
• 

    
• 

    
• 
    
• 
    
      
• 
    

    
• 
    
      
• 
    

    

        
            
            
              window.dataLayer = window.dataLayer || [];
              function gtag(){dataLayer.push(arguments);}
              gtag('js', new Date());

              gtag('config', 'G-XZZNFPW0ML');
            
        

        
        

Workshop Administrator | Outreach Recruitment Agency

    :root {
        --default-primary-color: #442DFA;

        --default-secondary-color: #442DFA;

        --banner-opacity: 0.5;

        --paragraph-font: 'Roboto', sans-serif;

        --heading-font: 'Inter', sans-serif;

    }

    
    
        

            
                
            
        

        

            

                Company website
            

            

                
            

        

        
            
                
                
                
            
        
    

    
        

            

                
                    
                
            
            
        

        

            

                

                    
                

                

                    

No name
                    

-
                

                
                    

                
            

            
                
• 
                    
                        
                            

                        

                        My profile
                    
                
                
• 
                    
                        
                            

                        

                        My applications
                    
                
                
• 
                    
                        
                            

                        

                        My referrals
                    
                
            
        

        Company website

        

            
        
    
    
    &times;

    
        

            
                Current account
            
            

                

                    
                

                

                    

No name
                    

-
                
            
        
        
            
                

            
            Sign out
        
    

        

    

        

            

            
            

                

Workshop Administrator
            
            
            

                

                    
• 
                        
    

    
    

    

Luqa, Malta

                    

                    
• 
                        

    

Full-Time

                    
                    
• 
                        

    

On-Site

                    
                    
• 
                        
    

    
18,423 EUR  / Year 

                    

                

                

                    

                        
                            Apply now
                        
                            
                                Refer
                            
                    
                    

    Share:
    
        
    
    
        
    
    
        
    
    
        
            
                

            
        
    
    
        
    
    
        
    

                
            
            

             

                
  
    
• 
      
        
  

      

  

          
•           Job Openings
  

      
•           Workshop Administrator  

            
            

                
  
    
• 
      
        
  

      

  

          
•           Workshop Administrator  

            
            

            
            

                

Job Description:
                

                     

Workshop Administrator",,"ECDL qualification|Language Requirement: Intermediate/Advanced English required. Maltese and Spanish are desirable.|Two (2) years working experience in the same role or related roles like fleet operations, fleet logistics or vehicle maintenance workshop.|Proficiency experience with documentary management and fleet logistics such as Maximo)|Proficient use of MS applications especially MS Excel and MS word|Apply now|Share:|Job Openings|Workshop Administrator|Workshop Administrator|utils.saveUTM();|const utm = utils.getUTM();",,,,2026-06-09,2026-12-31,true
Quantity surveyor,quantity-surveyor,General,"Mosta, Malta",Full-Time,On-Site,https://outreach-recruitment-agency.careers-page.com/jobs/37b19d83-e0a1-4e56-933c-af1df2a30479/apply,"• 

    

        
• 

    
    
• 

    
    
• 

    
• 
    
• 

    
• 
   
    
    
• 

    
• 

    
• 
    
• 
    
      
• 
    

    
• 
    
      
• 
    

    

        
            
            
              window.dataLayer = window.dataLayer || [];
              function gtag(){dataLayer.push(arguments);}
              gtag('js', new Date());

              gtag('config', 'G-XZZNFPW0ML');
            
        

        
        

Quantity surveyor | Outreach Recruitment Agency

    :root {
        --default-primary-color: #442DFA;

        --default-secondary-color: #442DFA;

        --banner-opacity: 0.5;

        --paragraph-font: 'Roboto', sans-serif;

        --heading-font: 'Inter', sans-serif;

    }

    
    
        

            
                
            
        

        

            

                Company website
            

            

                
            

        

        
            
                
                
                
            
        
    

    
        

            

                
                    
                
            
            
        

        

            

                

                    
                

                

                    

No name
                    

-
                

                
                    

                
            

            
                
• 
                    
                        
                            

                        

                        My profile
                    
                
                
• 
                    
                        
                            

                        

                        My applications
                    
                
                
• 
                    
                        
                            

                        

                        My referrals
                    
                
            
        

        Company website

        

            
        
    
    
    &times;

    
        

            
                Current account
            
            

                

                    
                

                

                    

No name
                    

-
                
            
        
        
            
                

            
            Sign out
        
    

        

    

        

            

            
            

                

Quantity surveyor
            
            
            

                

                    
• 
                        
    

    
    

    

Mosta, Northern Region, Malta

                    

                    
• 
                        

    

Full-Time

                    
                    
• 
                        

    

Remote

                    
                    
• 
                        
    

    
-

                    

                

                

                    

                        
                            Apply now
                        
                            
                                Refer
                            
                    
                    

    Share:
    
        
    
    
        
    
    
        
    
    
        
            
                

            
        
    
    
        
    
    
        
    

                
            
            

             

                
  
    
• 
      
        
  

      

  

          
•           Job Openings
  

      
•           Quantity surveyor  

            
            

                
  
    
• 
      
        
  

      

  

          
•           Quantity surveyor  

            
            

            
            

                

Job Description:
                

                     

An established and reputable construction and civil engineering company in Malta is seeking a detail-oriented and proactive Quantity Surveyor to join their team. The successful candidate will be responsible for managing all aspects of the contractual and financial side of construction projects, ensuring value for money while maintaining the required standards and quality.",,,,,,2026-06-09,2026-12-31,true
Senior Sales Assistant - Maltese Speaking,senior-sales-assistant-maltese-speaking,Sales,"Birkirkara, Malta",Full-Time,On-Site,https://outreach-recruitment-agency.careers-page.com/jobs/ef4e45b5-2c67-40ef-ad3c-720db4b29ec9/apply,"• 

    

        
• 

    
    
• 

    
    
• 

    
• 
    
• 

    
• 
   
    
    
• 

    
• 

    
• 
    
• 
    
      
• 
    

    
• 
    
      
• 
    

    

        
            
            
              window.dataLayer = window.dataLayer || [];
              function gtag(){dataLayer.push(arguments);}
              gtag('js', new Date());

              gtag('config', 'G-XZZNFPW0ML');
            
        

        
        

Senior Sales Assistant - Maltese Speaking | Outreach Recruitment Agency

    :root {
        --default-primary-color: #442DFA;

        --default-secondary-color: #442DFA;

        --banner-opacity: 0.5;

        --paragraph-font: 'Roboto', sans-serif;

        --heading-font: 'Inter', sans-serif;

    }

    
    
        

            
                
            
        

        

            

                Company website
            

            

                
            

        

        
            
                
                
                
            
        
    

    
        

            

                
                    
                
            
            
        

        

            

                

                    
                

                

                    

No name
                    

-
                

                
                    

                
            

            
                
• 
                    
                        
                            

                        

                        My profile
                    
                
                
• 
                    
                        
                            

                        

                        My applications
                    
                
                
• 
                    
                        
                            

                        

                        My referrals
                    
                
            
        

        Company website

        

            
        
    
    
    &times;

    
        

            
                Current account
            
            

                

                    
                

                

                    

No name
                    

-
                
            
        
        
            
                

            
            Sign out
        
    

        

    

        

            

            
            

                

Senior Sales Assistant - Maltese Speaking
            
            
            

                

                    
• 
                        
    

    
    

    

Birkirkara, Malta

                    

                    
• 
                        

    

Full-Time

                    
                    
• 
                        

    

On-Site

                    
                    
• 
                        
    

    
24,500 EUR  / Year 

                    

                

                

                    

                        
                            Apply now
                        
                            
                                Refer
                            
                    
                    

    Share:
    
        
    
    
        
    
    
        
    
    
        
            
                

            
        
    
    
        
    
    
        
    

                
            
            

             

                
  
    
• 
      
        
  

      

  

          
•           Job Openings
  

      
•           Senior Sales Assistant - Maltese Speaking  

            
            

                
  
    
• 
      
        
  

      

  

          
•           Senior Sales Assistant - Maltese Speaking  

            
            

            
            

                

Job Description:
                

                     

Our client is a well-established clothing store in Birkirkara, offering stylish apparel for ladies and children. They are known for exceptional customer service and a welcoming shopping environment.

Role Overview:

They are seeking a Senior Sales Assistant fluent in Maltese to join their team. This role involves supporting sales operations, guiding and mentoring junior staff, and helping maintain the stores high standards. The role is available on both a full-time and part-time basis.",,,,,,2026-06-09,2026-12-31,true
Hotel Porter,hotel-porter,General,"San Ġiljan, Malta",Full-Time,On-Site,https://outreach-recruitment-agency.careers-page.com/jobs/bcd0bad7-a84a-466a-b638-8ea4c3946503/apply,"• 

    

        
• 

    
    
• 

    
    
• 

    
• 
    
• 

    
• 
   
    
    
• 

    
• 

    
• 
    
• 
    
      
• 
    

    
• 
    
      
• 
    

    

        
            
            
              window.dataLayer = window.dataLayer || [];
              function gtag(){dataLayer.push(arguments);}
              gtag('js', new Date());

              gtag('config', 'G-XZZNFPW0ML');
            
        

        
        

Hotel Porter | Outreach Recruitment Agency

    :root {
        --default-primary-color: #442DFA;

        --default-secondary-color: #442DFA;

        --banner-opacity: 0.5;

        --paragraph-font: 'Roboto', sans-serif;

        --heading-font: 'Inter', sans-serif;

    }

    
    
        

            
                
            
        

        

            

                Company website
            

            

                
            

        

        
            
                
                
                
            
        
    

    
        

            

                
                    
                
            
            
        

        

            

                

                    
                

                

                    

No name
                    

-
                

                
                    

                
            

            
                
• 
                    
                        
                            

                        

                        My profile
                    
                
                
• 
                    
                        
                            

                        

                        My applications
                    
                
                
• 
                    
                        
                            

                        

                        My referrals
                    
                
            
        

        Company website

        

            
        
    
    
    &times;

    
        

            
                Current account
            
            

                

                    
                

                

                    

No name
                    

-
                
            
        
        
            
                

            
            Sign out
        
    

        

    

        

            

            
            

                

Hotel Porter
            
            
            

                

                    
• 
                        
    

    
    

    

San Ġiljan, Malta

                    

                    
• 
                        

    

Full-Time

                    
                    
• 
                        

    

On-Site

                    
                    
• 
                        
    

    
-

                    

                

                

                    

                        
                            Apply now
                        
                            
                                Refer
                            
                    
                    

    Share:
    
        
    
    
        
    
    
        
    
    
        
            
                

            
        
    
    
        
    
    
        
    

                
            
            

             

                
  
    
• 
      
        
  

      

  

          
•           Job Openings
  

      
•           Hotel Porter  

            
            

                
  
    
• 
      
        
  

      

  

          
•           Hotel Porter  

            
            

            
            

                

Job Description:
                

                     

We are looking for a reliable and service-oriented Porter to join our team. The Porter plays a key role in maintaining the cleanliness, safety, and organization of the premises, while also assisting guests, residents, or staff with various tasks as needed.",,,,,,2026-06-09,2026-12-31,true
Accounts Senior,accounts-senior,Finance & Accounting,"Paola, Malta",Full-Time,On-Site,https://outreach-recruitment-agency.careers-page.com/jobs/66b69bef-df65-448d-90bd-527eb88a4ebd/apply,"• 

    

        
• 

    
    
• 

    
    
• 

    
• 
    
• 

    
• 
   
    
    
• 

    
• 

    
• 
    
• 
    
      
• 
    

    
• 
    
      
• 
    

    

        
            
            
              window.dataLayer = window.dataLayer || [];
              function gtag(){dataLayer.push(arguments);}
              gtag('js', new Date());

              gtag('config', 'G-XZZNFPW0ML');
            
        

        
        

Accounts Senior | Outreach Recruitment Agency

    :root {
        --default-primary-color: #442DFA;

        --default-secondary-color: #442DFA;

        --banner-opacity: 0.5;

        --paragraph-font: 'Roboto', sans-serif;

        --heading-font: 'Inter', sans-serif;

    }

    
    
        

            
                
            
        

        

            

                Company website
            

            

                
            

        

        
            
                
                
                
            
        
    

    
        

            

                
                    
                
            
            
        

        

            

                

                    
                

                

                    

No name
                    

-
                

                
                    

                
            

            
                
• 
                    
                        
                            

                        

                        My profile
                    
                
                
• 
                    
                        
                            

                        

                        My applications
                    
                
                
• 
                    
                        
                            

                        

                        My referrals
                    
                
            
        

        Company website

        

            
        
    
    
    &times;

    
        

            
                Current account
            
            

                

                    
                

                

                    

No name
                    

-
                
            
        
        
            
                

            
            Sign out
        
    

        

    

        

            

            
            

                

Accounts Senior
            
            
            

                

                    
• 
                        
    

    
    

    

Paola, Malta

                    

                    
• 
                        

    

Full-Time

                    
                    
• 
                        

    

On-Site

                    

                

                

                    

                        
                            Apply now
                        
                            
                                Refer
                            
                    
                    

    Share:
    
        
    
    
        
    
    
        
    
    
        
            
                

            
        
    
    
        
    
    
        
    

                
            
            

             

                
  
    
• 
      
        
  

      

  

          
•           Job Openings
  

      
•           Accounts Senior  

            
            

                
  
    
• 
      
        
  

      

  

          
•           Accounts Senior  

            
            

            
            

                

Job Description:
                

                     

Outreach Recruitment is hiring on behalf of our client  a boutique, forward-thinking accountancy and advisory firm based in Malta. The firm supports a diverse and international client base, including SMEs, entrepreneurs, and high-net-worth individuals, with tailored financial and business advisory services.

This is a fantastic opportunity for an experienced Accounts Senior to join a growing practice where your contribution will be valued and your career will be supported.",,,,,,2026-06-09,2026-12-31,true
Boat Maintenance,boat-maintenance,Engineering & Maintenance,Malta,Full-Time,On-Site,https://outreach-recruitment-agency.careers-page.com/jobs/1c5b7a74-e94c-4294-a35a-3ef4bc5275be/apply,"• 

    

        
• 

    
    
• 

    
    
• 

    
• 
    
• 

    
• 
   
    
    
• 

    
• 

    
• 
    
• 
    
      
• 
    

    
• 
    
      
• 
    

    

        
            
            
              window.dataLayer = window.dataLayer || [];
              function gtag(){dataLayer.push(arguments);}
              gtag('js', new Date());

              gtag('config', 'G-XZZNFPW0ML');
            
        

        
        

Boat Maintenance | Outreach Recruitment Agency

    :root {
        --default-primary-color: #442DFA;

        --default-secondary-color: #442DFA;

        --banner-opacity: 0.5;

        --paragraph-font: 'Roboto', sans-serif;

        --heading-font: 'Inter', sans-serif;

    }

    
    
        

            
                
            
        

        

            

                Company website
            

            

                
            

        

        
            
                
                
                
            
        
    

    
        

            

                
                    
                
            
            
        

        

            

                

                    
                

                

                    

No name
                    

-
                

                
                    

                
            

            
                
• 
                    
                        
                            

                        

                        My profile
                    
                
                
• 
                    
                        
                            

                        

                        My applications
                    
                
                
• 
                    
                        
                            

                        

                        My referrals
                    
                
            
        

        Company website

        

            
        
    
    
    &times;

    
        

            
                Current account
            
            

                

                    
                

                

                    

No name
                    

-
                
            
        
        
            
                

            
            Sign out
        
    

        

    

        

            

            
            

                

Boat Maintenance
            
            
            

                

                    
• 
                        
    

    
    

    

Marsa, Malta

                    

                    
• 
                        

    

Full-Time

                    
                    
• 
                        

    

On-Site

                    
                    
• 
                        
    

    
-

                    

                

                

                    

                        
                            Apply now
                        
                            
                                Refer
                            
                    
                    

    Share:
    
        
    
    
        
    
    
        
    
    
        
            
                

            
        
    
    
        
    
    
        
    

                
            
            

             

                
  
    
• 
      
        
  

      

  

          
•           Job Openings
  

      
•           Boat Maintenance  

            
            

                
  
    
• 
      
        
  

      

  

          
•           Boat Maintenance  

            
            

            
            

                

Job Description:
                

                     

Are you passionate about boats and the maritime industry? Do you have an eye for detail and a strong work ethic?

Our client is seeking a skilled individual in Boat Detailing and Maintenance to join their team at their Marsa location. If you are ready to take on the responsibility of maintaining and polishing boats, preparing surfaces, and assisting in general maintenance tasks, we want to hear from you!

Role, Duties and",Boat Polishing:,,,,,2026-06-09,2026-12-31,true
Demi Chef de Partie (Breakfast Shift),demi-chef-de-partie-breakfast-shift,Hospitality,Malta,Full-Time,On-Site,https://outreach-recruitment-agency.careers-page.com/jobs/e74cea05-6782-4817-aa22-a1182f86c2ed/apply,"A Demi Chef de Partie is a skilled cook in a professional kitchen, often working under a Chef de Partie. They are responsible for preparing specific dishes within a designated section of the kitchen, ensuring quality, consistency, and timely execution. They also assist with mise en place, maintain hygiene standards, and may supervise junior cooks.","Responsibilities:|Dish Preparation: Preparing ingredients and cooking dishes according to recipes and specifications within their designated station.|Supervision: Assisting the Chef de Partie in directing and supervising junior cooks and trainees.|Quality Control: Ensuring all dishes are prepared to the highest standards of quality, presentation, and hygiene.|Mise en Place: Preparing ingredients, sauces, and other necessary items for service.|Hygiene and Safety: Maintaining a clean and organized workstation, adhering to food safety and hygiene standards.|Communication: Effectively communicating with other team members to ensure smooth service and efficient workflow","Previous kitchen experience: Experience in a kitchen environment, preferably with breakfast service.|Knowledge of cooking methods: Understanding of various breakfast cooking techniques.|Knowledge of ingredients: Familiarity with breakfast ingredients and their proper use.|Attention to detail: Ensuring food is prepared and presented to a high standard.|Food hygiene certificate: A valid food handler's license is often required.|Communication skills: Ability to communicate effectively with other kitchen staff.|Flexibility: Ability to work a variety of shifts, including weekends and holidays.|Teamwork skills: Ability to work well with others in a fast-paced environment.",,,,2026-06-09,2026-12-31,true
Sales and Customer Executive,sales-and-customer-executive,Sales,"Floriana, Malta",Full-Time,On-Site,https://outreach-recruitment-agency.careers-page.com/jobs/8d6bf120-e6f1-472c-b27a-98f9287096b8/apply,"We are currently supporting our client in Malta in their search for a Sales and Customer Executive to join their growing team. This role involves providing front-line support to clients, handling policy servicing, and contributing to a high-quality customer experience across all communication channels.",,,,,,2026-06-09,2026-12-31,true
First Line Support - Hybrid,first-line-support-hybrid,General,Malta,Full-Time,Hybrid,https://outreach-recruitment-agency.careers-page.com/jobs/4907c675-139b-41d1-b3f9-c7a8638da492/apply,"• 

    

        
• 

    
    
• 

    
    
• 

    
• 
    
• 

    
• 
   
    
    
• 

    
• 

    
• 
    
• 
    
      
• 
    

    
• 
    
      
• 
    

    

        
            
            
              window.dataLayer = window.dataLayer || [];
              function gtag(){dataLayer.push(arguments);}
              gtag('js', new Date());

              gtag('config', 'G-XZZNFPW0ML');
            
        

        
        

First Line Support - Hybrid | Outreach Recruitment Agency

    :root {
        --default-primary-color: #442DFA;

        --default-secondary-color: #442DFA;

        --banner-opacity: 0.5;

        --paragraph-font: 'Roboto', sans-serif;

        --heading-font: 'Inter', sans-serif;

    }

    
    
        

            
                
            
        

        

            

                Company website
            

            

                
            

        

        
            
                
                
                
            
        
    

    
        

            

                
                    
                
            
            
        

        

            

                

                    
                

                

                    

No name
                    

-
                

                
                    

                
            

            
                
• 
                    
                        
                            

                        

                        My profile
                    
                
                
• 
                    
                        
                            

                        

                        My applications
                    
                
                
• 
                    
                        
                            

                        

                        My referrals
                    
                
            
        

        Company website

        

            
        
    
    
    &times;

    
        

            
                Current account
            
            

                

                    
                

                

                    

No name
                    

-
                
            
        
        
            
                

            
            Sign out
        
    

        

    

        

            

            
            

                

First Line Support - Hybrid
            
            
            

                

                    
• 
                        
    

    
    

    

Ta' Xbiex, Malta

                    

                    
• 
                        

    

Full-Time

                    
                    
• 
                        

    

Remote

                    
                    
• 
                        
    

    
-

                    

                

                

                    

                        
                            Apply now
                        
                            
                                Refer
                            
                    
                    

    Share:
    
        
    
    
        
    
    
        
    
    
        
            
                

            
        
    
    
        
    
    
        
    

                
            
            

             

                
  
    
• 
      
        
  

      

  

          
•           Job Openings
  

      
•           First Line Support - Hybrid  

            
            

                
  
    
• 
      
        
  

      

  

          
•           First Line Support - Hybrid  

            
            

            
            

                

Job Description:
                

                     

Our client, a well-established organization within the financial and insurance sector, is expanding their IT team and seeking a 1st Line Support Technician to serve as the first point of contact for colleagues IT needs.

If you enjoy problem-solving, supporting others, and working in a collaborative environment, this is a fantastic opportunity to develop your career in technology. Previous IT experience is an advantage but not essential  full on-the-job training will be provided to help you succeed and grow.

 The Role

As a 1st Line Support Technician, you will provide frontline IT support to end users across the organization, ensuring that technical issues are resolved efficiently and with excellent customer service.",,,,,,2026-06-09,2026-12-31,true
Semi-Senior Accountant,semi-senior-accountant,Finance & Accounting,"Birkirkara, Malta",Full-Time,On-Site,https://outreach-recruitment-agency.careers-page.com/jobs/36ef4921-5359-432c-a07d-7ab910a459b2/apply,"• 

    

        
• 

    
    
• 

    
    
• 

    
• 
    
• 

    
• 
   
    
    
• 

    
• 

    
• 
    
• 
    
      
• 
    

    
• 
    
      
• 
    

    

        
            
            
              window.dataLayer = window.dataLayer || [];
              function gtag(){dataLayer.push(arguments);}
              gtag('js', new Date());

              gtag('config', 'G-XZZNFPW0ML');
            
        

        
        

Semi-Senior Accountant | Outreach Recruitment Agency

    :root {
        --default-primary-color: #442DFA;

        --default-secondary-color: #442DFA;

        --banner-opacity: 0.5;

        --paragraph-font: 'Roboto', sans-serif;

        --heading-font: 'Inter', sans-serif;

    }

    
    
        

            
                
            
        

        

            

                Company website
            

            

                
            

        

        
            
                
                
                
            
        
    

    
        

            

                
                    
                
            
            
        

        

            

                

                    
                

                

                    

No name
                    

-
                

                
                    

                
            

            
                
• 
                    
                        
                            

                        

                        My profile
                    
                
                
• 
                    
                        
                            

                        

                        My applications
                    
                
                
• 
                    
                        
                            

                        

                        My referrals
                    
                
            
        

        Company website

        

            
        
    
    
    &times;

    
        

            
                Current account
            
            

                

                    
                

                

                    

No name
                    

-
                
            
        
        
            
                

            
            Sign out
        
    

        

    

        

            

            
            

                

Semi-Senior Accountant
            
            
            

                

                    
• 
                        
    

    
    

    

Birkirkara, Malta

                    

                    
• 
                        

    

Full-Time

                    
                    
• 
                        

    

On-Site

                    
                    
• 
                        
    

    
30,000-35,000 EUR  / Year 

                    

                

                

                    

                        
                            Apply now
                        
                            
                                Refer
                            
                    
                    

    Share:
    
        
    
    
        
    
    
        
    
    
        
            
                

            
        
    
    
        
    
    
        
    

                
            
            

             

                
  
    
• 
      
        
  

      

  

          
•           Job Openings
  

      
•           Semi-Senior Accountant  

            
            

                
  
    
• 
      
        
  

      

  

          
•           Semi-Senior Accountant  

            
            

            
            

                

Job Description:
                

                     

Our client is a long-established professional services firm with over 30 years of experience in the Maltese market. As part of a leading global network of independent accounting and advisory firms operating in over 145 countries, they are known for their strong commitment to client service. Their portfolio includes a wide range of clients, from large, reputable groups to small and medium-sized businesses.

Roles and",,,,,,2026-06-09,2026-12-31,true
